2026.04.14 21:32:52 INFO  Started: Metals version 1.6.4 in folders 'C:\Users\USUARIO\Desktop\Estudios\univalle\2026-1\Desarrollo II\Movify\backend\movify-backend\movify-backend' for client Visual Studio Code 1.115.0.
2026.04.14 21:32:54 WARN  Using H2 2.4.240 which is newer than the version Flyway has been verified with. The latest verified version of H2 is 2.3.232.
2026.04.14 21:32:54 INFO  no build target found for C:\Users\USUARIO\Desktop\Estudios\univalle\2026-1\Desarrollo II\Movify\backend\movify-backend\movify-backend\src\main\java\com\movify\backend\MovifyBackendApplication.java. Using fallback presentation compiler.
2026.04.14 21:32:55 INFO  no build target found for C:\Users\USUARIO\Desktop\Estudios\univalle\2026-1\Desarrollo II\Movify\backend\movify-backend\movify-backend\src\main\java\com\movify\backend\MovifyBackendApplication.java. Using fallback presentation compiler.
2026.04.14 21:35:27 INFO  Shutting down server
2026.04.14 21:35:27 INFO  shutting down Metals
2026.04.14 21:35:27 ERROR Unexpected error initializing server: 
org.eclipse.lsp4j.jsonrpc.ResponseErrorException: Request window/showMessageRequest failed with message: Canceled
	at org.eclipse.lsp4j.jsonrpc.RemoteEndpoint.handleResponse(RemoteEndpoint.java:220)
	at org.eclipse.lsp4j.jsonrpc.RemoteEndpoint.consume(RemoteEndpoint.java:204)
	at org.eclipse.lsp4j.jsonrpc.json.StreamMessageProducer.handleMessage(StreamMessageProducer.java:185)
	at org.eclipse.lsp4j.jsonrpc.json.StreamMessageProducer.listen(StreamMessageProducer.java:97)
	at org.eclipse.lsp4j.jsonrpc.json.ConcurrentMessageProcessor.run(ConcurrentMessageProcessor.java:114)
	at java.util.concurrent.Executors$RunnableAdapter.call(Executors.java:545)
	at java.util.concurrent.FutureTask.run(FutureTask.java:328)
	at java.util.concurrent.ThreadPoolExecutor.runWorker(ThreadPoolExecutor.java:1090)
	at java.util.concurrent.ThreadPoolExecutor$Worker.run(ThreadPoolExecutor.java:614)
	at java.lang.Thread.run(Thread.java:1474)

2026.04.14 21:35:27 INFO  Exiting server
2026.04.15 09:02:32 INFO  Started: Metals version 1.6.4 in folders 'C:\Users\USUARIO\Desktop\Estudios\univalle\2026-1\Desarrollo II\Movify\backend\movify-backend\movify-backend' for client Visual Studio Code 1.115.0.
2026.04.15 09:02:35 WARN  Using H2 2.4.240 which is newer than the version Flyway has been verified with. The latest verified version of H2 is 2.3.232.
2026.04.15 09:07:05 INFO  no build target found for C:\Users\USUARIO\Desktop\Estudios\univalle\2026-1\Desarrollo II\Movify\backend\movify-backend\movify-backend\src\main\java\com\movify\backend\MovifyBackendApplication.java. Using fallback presentation compiler.
2026.04.15 09:07:07 INFO  no build target found for C:\Users\USUARIO\Desktop\Estudios\univalle\2026-1\Desarrollo II\Movify\backend\movify-backend\movify-backend\src\main\java\com\movify\backend\MovifyBackendApplication.java. Using fallback presentation compiler.
2026.04.15 09:07:07 INFO  no build target found for C:\Users\USUARIO\Desktop\Estudios\univalle\2026-1\Desarrollo II\Movify\backend\movify-backend\movify-backend\src\main\java\com\movify\backend\MovifyBackendApplication.java. Using fallback presentation compiler.
abr 15, 2026 9:07:07 A. M. org.eclipse.lsp4j.jsonrpc.RemoteEndpoint handleCancellation
WARNING: Unmatched cancel notification for request id 1
abr 15, 2026 9:07:07 A. M. org.eclipse.lsp4j.jsonrpc.RemoteEndpoint handleCancellation
WARNING: Unmatched cancel notification for request id 4
2026.04.15 09:07:07 INFO  no build target found for C:\Users\USUARIO\Desktop\Estudios\univalle\2026-1\Desarrollo II\Movify\backend\movify-backend\movify-backend\src\main\java\com\movify\backend\MovifyBackendApplication.java. Using fallback presentation compiler.
2026.04.15 09:07:07 INFO  no build target found for C:\Users\USUARIO\Desktop\Estudios\univalle\2026-1\Desarrollo II\Movify\backend\movify-backend\movify-backend\src\main\java\com\movify\backend\MovifyBackendApplication.java. Using fallback presentation compiler.
2026.04.15 09:07:10 INFO  no build target found for C:\Users\USUARIO\Desktop\Estudios\univalle\2026-1\Desarrollo II\Movify\backend\movify-backend\movify-backend\src\main\java\com\movify\backend\MovifyBackendApplication.java. Using fallback presentation compiler.
2026.04.15 09:07:50 INFO  no build target found for C:\Users\USUARIO\Desktop\Estudios\univalle\2026-1\Desarrollo II\Movify\backend\movify-backend\movify-backend\src\main\java\com\movify\backend\MovifyBackendApplication.java. Using fallback presentation compiler.
2026.04.15 09:07:51 INFO  no build target found for C:\Users\USUARIO\Desktop\Estudios\univalle\2026-1\Desarrollo II\Movify\backend\movify-backend\movify-backend\src\main\java\com\movify\backend\MovifyBackendApplication.java. Using fallback presentation compiler.
2026.04.15 09:07:51 INFO  no build target found for C:\Users\USUARIO\Desktop\Estudios\univalle\2026-1\Desarrollo II\Movify\backend\movify-backend\movify-backend\src\main\java\com\movify\backend\MovifyBackendApplication.java. Using fallback presentation compiler.
2026.04.15 09:07:51 INFO  no build target found for C:\Users\USUARIO\Desktop\Estudios\univalle\2026-1\Desarrollo II\Movify\backend\movify-backend\movify-backend\src\main\java\com\movify\backend\MovifyBackendApplication.java. Using fallback presentation compiler.
2026.04.15 09:07:53 WARN  no build target for: C:\Users\USUARIO\Desktop\Estudios\univalle\2026-1\Desarrollo II\Movify\backend\movify-backend\movify-backend\src\main\java\com\movify\backend\MovifyBackendApplication.java
2026.04.15 09:07:53 INFO  no build target found for C:\Users\USUARIO\Desktop\Estudios\univalle\2026-1\Desarrollo II\Movify\backend\movify-backend\movify-backend\src\main\java\com\movify\backend\MovifyBackendApplication.java. Using fallback presentation compiler.
2026.04.15 09:07:54 WARN  Running javac-semanticdb failed for file:///C:/Users/USUARIO/Desktop/Estudios/univalle/2026-1/Desarrollo%20II/Movify/backend/movify-backend/movify-backend/src/main/java/com/movify/backend/MovifyBackendApplication.java. Output:

abr 15, 2026 9:07:58 A. M. org.eclipse.lsp4j.jsonrpc.services.GenericEndpoint notify
INFO: Unsupported notification method: $/setTrace
2026.04.15 09:08:16 INFO  no build target found for C:\Users\USUARIO\Desktop\Estudios\univalle\2026-1\Desarrollo II\Movify\backend\movify-backend\movify-backend\src\main\java\com\movify\backend\MovifyBackendApplication.java. Using fallback presentation compiler.
2026.04.15 09:08:16 INFO  no build target found for C:\Users\USUARIO\Desktop\Estudios\univalle\2026-1\Desarrollo II\Movify\backend\movify-backend\movify-backend\src\main\java\com\movify\backend\MovifyBackendApplication.java. Using fallback presentation compiler.
2026.04.15 09:08:17 WARN  no build target for: C:\Users\USUARIO\Desktop\Estudios\univalle\2026-1\Desarrollo II\Movify\backend\movify-backend\movify-backend\src\main\java\com\movify\backend\MovifyBackendApplication.java
2026.04.15 09:08:17 INFO  no build target found for C:\Users\USUARIO\Desktop\Estudios\univalle\2026-1\Desarrollo II\Movify\backend\movify-backend\movify-backend\src\main\java\com\movify\backend\MovifyBackendApplication.java. Using fallback presentation compiler.
2026.04.15 09:08:17 WARN  Running javac-semanticdb failed for file:///C:/Users/USUARIO/Desktop/Estudios/univalle/2026-1/Desarrollo%20II/Movify/backend/movify-backend/movify-backend/src/main/java/com/movify/backend/MovifyBackendApplication.java. Output:

2026.04.15 09:08:17 INFO  no build target found for C:\Users\USUARIO\Desktop\Estudios\univalle\2026-1\Desarrollo II\Movify\backend\movify-backend\movify-backend\src\main\java\com\movify\backend\MovifyBackendApplication.java. Using fallback presentation compiler.
2026.04.15 09:08:25 INFO  no build target found for C:\Users\USUARIO\Desktop\Estudios\univalle\2026-1\Desarrollo II\Movify\backend\movify-backend\movify-backend\src\main\java\com\movify\backend\MovifyBackendApplication.java. Using fallback presentation compiler.
2026.04.15 09:08:25 INFO  no build target found for C:\Users\USUARIO\Desktop\Estudios\univalle\2026-1\Desarrollo II\Movify\backend\movify-backend\movify-backend\src\main\java\com\movify\backend\MovifyBackendApplication.java. Using fallback presentation compiler.
2026.04.15 09:08:25 INFO  no build target found for C:\Users\USUARIO\Desktop\Estudios\univalle\2026-1\Desarrollo II\Movify\backend\movify-backend\movify-backend\src\main\java\com\movify\backend\MovifyBackendApplication.java. Using fallback presentation compiler.
abr 15, 2026 9:08:26 A. M. org.eclipse.lsp4j.jsonrpc.RemoteEndpoint handleCancellation
WARNING: Unmatched cancel notification for request id 42
2026.04.15 09:08:27 INFO  no build target found for C:\Users\USUARIO\Desktop\Estudios\univalle\2026-1\Desarrollo II\Movify\backend\movify-backend\movify-backend\src\main\java\com\movify\backend\MovifyBackendApplication.java. Using fallback presentation compiler.
2026.04.15 09:08:27 INFO  no build target found for C:\Users\USUARIO\Desktop\Estudios\univalle\2026-1\Desarrollo II\Movify\backend\movify-backend\movify-backend\src\main\java\com\movify\backend\MovifyBackendApplication.java. Using fallback presentation compiler.
2026.04.15 09:08:27 WARN  no build target for: C:\Users\USUARIO\Desktop\Estudios\univalle\2026-1\Desarrollo II\Movify\backend\movify-backend\movify-backend\src\main\java\com\movify\backend\MovifyBackendApplication.java
2026.04.15 09:08:27 WARN  Running javac-semanticdb failed for file:///C:/Users/USUARIO/Desktop/Estudios/univalle/2026-1/Desarrollo%20II/Movify/backend/movify-backend/movify-backend/src/main/java/com/movify/backend/MovifyBackendApplication.java. Output:

2026.04.15 09:08:27 INFO  no build target found for C:\Users\USUARIO\Desktop\Estudios\univalle\2026-1\Desarrollo II\Movify\backend\movify-backend\movify-backend\src\main\java\com\movify\backend\MovifyBackendApplication.java. Using fallback presentation compiler.
2026.04.15 09:08:27 INFO  no build target found for C:\Users\USUARIO\Desktop\Estudios\univalle\2026-1\Desarrollo II\Movify\backend\movify-backend\movify-backend\src\main\java\com\movify\backend\MovifyBackendApplication.java. Using fallback presentation compiler.
2026.04.15 09:08:28 INFO  no build target found for C:\Users\USUARIO\Desktop\Estudios\univalle\2026-1\Desarrollo II\Movify\backend\movify-backend\movify-backend\src\main\java\com\movify\backend\MovifyBackendApplication.java. Using fallback presentation compiler.
2026.04.15 09:08:28 INFO  no build target found for C:\Users\USUARIO\Desktop\Estudios\univalle\2026-1\Desarrollo II\Movify\backend\movify-backend\movify-backend\src\main\java\com\movify\backend\MovifyBackendApplication.java. Using fallback presentation compiler.
2026.04.15 09:08:28 INFO  no build target found for C:\Users\USUARIO\Desktop\Estudios\univalle\2026-1\Desarrollo II\Movify\backend\movify-backend\movify-backend\src\main\java\com\movify\backend\MovifyBackendApplication.java. Using fallback presentation compiler.
2026.04.15 09:08:29 INFO  no build target found for C:\Users\USUARIO\Desktop\Estudios\univalle\2026-1\Desarrollo II\Movify\backend\movify-backend\movify-backend\src\main\java\com\movify\backend\MovifyBackendApplication.java. Using fallback presentation compiler.
2026.04.15 09:08:29 INFO  no build target found for C:\Users\USUARIO\Desktop\Estudios\univalle\2026-1\Desarrollo II\Movify\backend\movify-backend\movify-backend\src\main\java\com\movify\backend\MovifyBackendApplication.java. Using fallback presentation compiler.
2026.04.15 09:08:29 WARN  no build target for: C:\Users\USUARIO\Desktop\Estudios\univalle\2026-1\Desarrollo II\Movify\backend\movify-backend\movify-backend\src\main\java\com\movify\backend\MovifyBackendApplication.java
2026.04.15 09:08:29 INFO  no build target found for C:\Users\USUARIO\Desktop\Estudios\univalle\2026-1\Desarrollo II\Movify\backend\movify-backend\movify-backend\src\main\java\com\movify\backend\MovifyBackendApplication.java. Using fallback presentation compiler.
2026.04.15 09:08:30 WARN  Running javac-semanticdb failed for file:///C:/Users/USUARIO/Desktop/Estudios/univalle/2026-1/Desarrollo%20II/Movify/backend/movify-backend/movify-backend/src/main/java/com/movify/backend/MovifyBackendApplication.java. Output:

2026.04.15 09:08:29 INFO  Created report: Optional[file:///C:/Users/USUARIO/Desktop/Estudios/univalle/2026-1/Desarrollo%20II/Movify/backend/movify-backend/movify-backend/src/main/java/com/movify/backend/MovifyBackendApplication.java]
2026.04.15 09:08:29 INFO  QDox parse error in file:///C:/Users/USUARIO/Desktop/Estudios/univalle/2026-1/Desarrollo%20II/Movify/backend/movify-backend/movify-backend/src/main/java/com/movify/backend/MovifyBackendApplication.java (full report at: "C:\Users\USUARIO\Desktop\Estudios\univalle\2026-1\Desarrollo II\Movify\backend\movify-backend\movify-backend\.metals\.reports\metals-full\2026-04-15\r_qdox-error_09-08-29-953.md")
2026.04.15 09:08:29 INFO  no build target found for C:\Users\USUARIO\Desktop\Estudios\univalle\2026-1\Desarrollo II\Movify\backend\movify-backend\movify-backend\src\main\java\com\movify\backend\MovifyBackendApplication.java. Using fallback presentation compiler.
2026.04.15 09:08:30 INFO  no build target found for C:\Users\USUARIO\Desktop\Estudios\univalle\2026-1\Desarrollo II\Movify\backend\movify-backend\movify-backend\src\main\java\com\movify\backend\MovifyBackendApplication.java. Using fallback presentation compiler.
2026.04.15 09:08:30 INFO  no build target found for C:\Users\USUARIO\Desktop\Estudios\univalle\2026-1\Desarrollo II\Movify\backend\movify-backend\movify-backend\src\main\java\com\movify\backend\MovifyBackendApplication.java. Using fallback presentation compiler.
2026.04.15 09:08:30 INFO  no build target found for C:\Users\USUARIO\Desktop\Estudios\univalle\2026-1\Desarrollo II\Movify\backend\movify-backend\movify-backend\src\main\java\com\movify\backend\MovifyBackendApplication.java. Using fallback presentation compiler.
2026.04.15 09:08:31 INFO  no build target found for C:\Users\USUARIO\Desktop\Estudios\univalle\2026-1\Desarrollo II\Movify\backend\movify-backend\movify-backend\src\main\java\com\movify\backend\MovifyBackendApplication.java. Using fallback presentation compiler.
2026.04.15 09:08:31 INFO  no build target found for C:\Users\USUARIO\Desktop\Estudios\univalle\2026-1\Desarrollo II\Movify\backend\movify-backend\movify-backend\src\main\java\com\movify\backend\MovifyBackendApplication.java. Using fallback presentation compiler.
2026.04.15 09:08:33 INFO  no build target found for C:\Users\USUARIO\Desktop\Estudios\univalle\2026-1\Desarrollo II\Movify\backend\movify-backend\movify-backend\src\main\java\com\movify\backend\MovifyBackendApplication.java. Using fallback presentation compiler.
abr 15, 2026 9:08:33 A. M. org.eclipse.lsp4j.jsonrpc.RemoteEndpoint handleCancellation
WARNING: Unmatched cancel notification for request id 67
2026.04.15 09:08:33 INFO  no build target found for C:\Users\USUARIO\Desktop\Estudios\univalle\2026-1\Desarrollo II\Movify\backend\movify-backend\movify-backend\src\main\java\com\movify\backend\MovifyBackendApplication.java. Using fallback presentation compiler.
2026.04.15 09:08:33 INFO  no build target found for C:\Users\USUARIO\Desktop\Estudios\univalle\2026-1\Desarrollo II\Movify\backend\movify-backend\movify-backend\src\main\java\com\movify\backend\MovifyBackendApplication.java. Using fallback presentation compiler.
2026.04.15 09:08:33 INFO  no build target found for C:\Users\USUARIO\Desktop\Estudios\univalle\2026-1\Desarrollo II\Movify\backend\movify-backend\movify-backend\src\main\java\com\movify\backend\MovifyBackendApplication.java. Using fallback presentation compiler.
2026.04.15 09:08:33 INFO  no build target found for C:\Users\USUARIO\Desktop\Estudios\univalle\2026-1\Desarrollo II\Movify\backend\movify-backend\movify-backend\src\main\java\com\movify\backend\MovifyBackendApplication.java. Using fallback presentation compiler.
2026.04.15 09:08:34 INFO  no build target found for C:\Users\USUARIO\Desktop\Estudios\univalle\2026-1\Desarrollo II\Movify\backend\movify-backend\movify-backend\src\main\java\com\movify\backend\MovifyBackendApplication.java. Using fallback presentation compiler.
2026.04.15 09:08:34 WARN  no build target for: C:\Users\USUARIO\Desktop\Estudios\univalle\2026-1\Desarrollo II\Movify\backend\movify-backend\movify-backend\src\main\java\com\movify\backend\MovifyBackendApplication.java
2026.04.15 09:08:34 INFO  QDox parse error in file:///C:/Users/USUARIO/Desktop/Estudios/univalle/2026-1/Desarrollo%20II/Movify/backend/movify-backend/movify-backend/src/main/java/com/movify/backend/MovifyBackendApplication.java (full report at: "C:\Users\USUARIO\Desktop\Estudios\univalle\2026-1\Desarrollo II\Movify\backend\movify-backend\movify-backend\.metals\.reports\metals-full\2026-04-15\r_qdox-error_09-08-29-953.md")
2026.04.15 09:08:34 INFO  no build target found for C:\Users\USUARIO\Desktop\Estudios\univalle\2026-1\Desarrollo II\Movify\backend\movify-backend\movify-backend\src\main\java\com\movify\backend\MovifyBackendApplication.java. Using fallback presentation compiler.
2026.04.15 09:08:34 WARN  Running javac-semanticdb failed for file:///C:/Users/USUARIO/Desktop/Estudios/univalle/2026-1/Desarrollo%20II/Movify/backend/movify-backend/movify-backend/src/main/java/com/movify/backend/MovifyBackendApplication.java. Output:

2026.04.15 09:08:34 INFO  no build target found for C:\Users\USUARIO\Desktop\Estudios\univalle\2026-1\Desarrollo II\Movify\backend\movify-backend\movify-backend\src\main\java\com\movify\backend\MovifyBackendApplication.java. Using fallback presentation compiler.
2026.04.15 09:08:34 INFO  no build target found for C:\Users\USUARIO\Desktop\Estudios\univalle\2026-1\Desarrollo II\Movify\backend\movify-backend\movify-backend\src\main\java\com\movify\backend\MovifyBackendApplication.java. Using fallback presentation compiler.
2026.04.15 09:08:35 INFO  no build target found for C:\Users\USUARIO\Desktop\Estudios\univalle\2026-1\Desarrollo II\Movify\backend\movify-backend\movify-backend\src\main\java\com\movify\backend\MovifyBackendApplication.java. Using fallback presentation compiler.
2026.04.15 09:08:35 INFO  no build target found for C:\Users\USUARIO\Desktop\Estudios\univalle\2026-1\Desarrollo II\Movify\backend\movify-backend\movify-backend\src\main\java\com\movify\backend\MovifyBackendApplication.java. Using fallback presentation compiler.
2026.04.15 09:08:36 WARN  no build target for: C:\Users\USUARIO\Desktop\Estudios\univalle\2026-1\Desarrollo II\Movify\backend\movify-backend\movify-backend\src\main\java\com\movify\backend\MovifyBackendApplication.java
2026.04.15 09:08:35 INFO  no build target found for C:\Users\USUARIO\Desktop\Estudios\univalle\2026-1\Desarrollo II\Movify\backend\movify-backend\movify-backend\src\main\java\com\movify\backend\MovifyBackendApplication.java. Using fallback presentation compiler.
2026.04.15 09:08:36 INFO  no build target found for C:\Users\USUARIO\Desktop\Estudios\univalle\2026-1\Desarrollo II\Movify\backend\movify-backend\movify-backend\src\main\java\com\movify\backend\MovifyBackendApplication.java. Using fallback presentation compiler.
2026.04.15 09:08:36 WARN  Running javac-semanticdb failed for file:///C:/Users/USUARIO/Desktop/Estudios/univalle/2026-1/Desarrollo%20II/Movify/backend/movify-backend/movify-backend/src/main/java/com/movify/backend/MovifyBackendApplication.java. Output:

2026.04.15 09:08:35 INFO  no build target found for C:\Users\USUARIO\Desktop\Estudios\univalle\2026-1\Desarrollo II\Movify\backend\movify-backend\movify-backend\src\main\java\com\movify\backend\MovifyBackendApplication.java. Using fallback presentation compiler.
2026.04.15 09:08:36 INFO  no build target found for C:\Users\USUARIO\Desktop\Estudios\univalle\2026-1\Desarrollo II\Movify\backend\movify-backend\movify-backend\src\main\java\com\movify\backend\MovifyBackendApplication.java. Using fallback presentation compiler.
2026.04.15 09:08:36 INFO  no build target found for C:\Users\USUARIO\Desktop\Estudios\univalle\2026-1\Desarrollo II\Movify\backend\movify-backend\movify-backend\src\main\java\com\movify\backend\MovifyBackendApplication.java. Using fallback presentation compiler.
2026.04.15 09:08:36 INFO  no build target found for C:\Users\USUARIO\Desktop\Estudios\univalle\2026-1\Desarrollo II\Movify\backend\movify-backend\movify-backend\src\main\java\com\movify\backend\MovifyBackendApplication.java. Using fallback presentation compiler.
2026.04.15 09:08:36 INFO  no build target found for C:\Users\USUARIO\Desktop\Estudios\univalle\2026-1\Desarrollo II\Movify\backend\movify-backend\movify-backend\src\main\java\com\movify\backend\MovifyBackendApplication.java. Using fallback presentation compiler.
2026.04.15 09:08:37 INFO  no build target found for C:\Users\USUARIO\Desktop\Estudios\univalle\2026-1\Desarrollo II\Movify\backend\movify-backend\movify-backend\src\main\java\com\movify\backend\MovifyBackendApplication.java. Using fallback presentation compiler.
2026.04.15 09:08:37 INFO  no build target found for C:\Users\USUARIO\Desktop\Estudios\univalle\2026-1\Desarrollo II\Movify\backend\movify-backend\movify-backend\src\main\java\com\movify\backend\MovifyBackendApplication.java. Using fallback presentation compiler.
2026.04.15 09:08:37 INFO  no build target found for C:\Users\USUARIO\Desktop\Estudios\univalle\2026-1\Desarrollo II\Movify\backend\movify-backend\movify-backend\src\main\java\com\movify\backend\MovifyBackendApplication.java. Using fallback presentation compiler.
2026.04.15 09:08:37 INFO  no build target found for C:\Users\USUARIO\Desktop\Estudios\univalle\2026-1\Desarrollo II\Movify\backend\movify-backend\movify-backend\src\main\java\com\movify\backend\MovifyBackendApplication.java. Using fallback presentation compiler.
2026.04.15 09:08:39 INFO  no build target found for C:\Users\USUARIO\Desktop\Estudios\univalle\2026-1\Desarrollo II\Movify\backend\movify-backend\movify-backend\src\main\java\com\movify\backend\MovifyBackendApplication.java. Using fallback presentation compiler.
2026.04.15 09:08:39 WARN  no build target for: C:\Users\USUARIO\Desktop\Estudios\univalle\2026-1\Desarrollo II\Movify\backend\movify-backend\movify-backend\src\main\java\com\movify\backend\MovifyBackendApplication.java
2026.04.15 09:08:39 WARN  Running javac-semanticdb failed for file:///C:/Users/USUARIO/Desktop/Estudios/univalle/2026-1/Desarrollo%20II/Movify/backend/movify-backend/movify-backend/src/main/java/com/movify/backend/MovifyBackendApplication.java. Output:

2026.04.15 09:08:39 INFO  no build target found for C:\Users\USUARIO\Desktop\Estudios\univalle\2026-1\Desarrollo II\Movify\backend\movify-backend\movify-backend\src\main\java\com\movify\backend\MovifyBackendApplication.java. Using fallback presentation compiler.
2026.04.15 09:08:40 INFO  no build target found for C:\Users\USUARIO\Desktop\Estudios\univalle\2026-1\Desarrollo II\Movify\backend\movify-backend\movify-backend\src\main\java\com\movify\backend\MovifyBackendApplication.java. Using fallback presentation compiler.
2026.04.15 09:08:40 INFO  no build target found for C:\Users\USUARIO\Desktop\Estudios\univalle\2026-1\Desarrollo II\Movify\backend\movify-backend\movify-backend\src\main\java\com\movify\backend\MovifyBackendApplication.java. Using fallback presentation compiler.
2026.04.15 09:08:41 INFO  no build target found for C:\Users\USUARIO\Desktop\Estudios\univalle\2026-1\Desarrollo II\Movify\backend\movify-backend\movify-backend\src\main\java\com\movify\backend\MovifyBackendApplication.java. Using fallback presentation compiler.
2026.04.15 09:08:40 INFO  no build target found for C:\Users\USUARIO\Desktop\Estudios\univalle\2026-1\Desarrollo II\Movify\backend\movify-backend\movify-backend\src\main\java\com\movify\backend\MovifyBackendApplication.java. Using fallback presentation compiler.
2026.04.15 09:08:42 WARN  no build target for: C:\Users\USUARIO\Desktop\Estudios\univalle\2026-1\Desarrollo II\Movify\backend\movify-backend\movify-backend\src\main\java\com\movify\backend\MovifyBackendApplication.java
2026.04.15 09:08:42 INFO  no build target found for C:\Users\USUARIO\Desktop\Estudios\univalle\2026-1\Desarrollo II\Movify\backend\movify-backend\movify-backend\src\main\java\com\movify\backend\MovifyBackendApplication.java. Using fallback presentation compiler.
2026.04.15 09:08:42 WARN  Running javac-semanticdb failed for file:///C:/Users/USUARIO/Desktop/Estudios/univalle/2026-1/Desarrollo%20II/Movify/backend/movify-backend/movify-backend/src/main/java/com/movify/backend/MovifyBackendApplication.java. Output:

2026.04.15 09:08:42 INFO  no build target found for C:\Users\USUARIO\Desktop\Estudios\univalle\2026-1\Desarrollo II\Movify\backend\movify-backend\movify-backend\src\main\java\com\movify\backend\MovifyBackendApplication.java. Using fallback presentation compiler.
2026.04.15 09:08:44 INFO  no build target found for C:\Users\USUARIO\Desktop\Estudios\univalle\2026-1\Desarrollo II\Movify\backend\movify-backend\movify-backend\src\main\java\com\movify\backend\MovifyBackendApplication.java. Using fallback presentation compiler.
2026.04.15 09:08:50 INFO  no build target found for C:\Users\USUARIO\Desktop\Estudios\univalle\2026-1\Desarrollo II\Movify\backend\movify-backend\movify-backend\src\main\java\com\movify\backend\MovifyBackendApplication.java. Using fallback presentation compiler.
2026.04.15 09:08:50 INFO  no build target found for C:\Users\USUARIO\Desktop\Estudios\univalle\2026-1\Desarrollo II\Movify\backend\movify-backend\movify-backend\src\main\java\com\movify\backend\MovifyBackendApplication.java. Using fallback presentation compiler.
2026.04.15 09:08:52 INFO  no build target found for C:\Users\USUARIO\Desktop\Estudios\univalle\2026-1\Desarrollo II\Movify\backend\movify-backend\movify-backend\src\main\java\com\movify\backend\MovifyBackendApplication.java. Using fallback presentation compiler.
2026.04.15 09:08:52 INFO  no build target found for C:\Users\USUARIO\Desktop\Estudios\univalle\2026-1\Desarrollo II\Movify\backend\movify-backend\movify-backend\src\main\java\com\movify\backend\MovifyBackendApplication.java. Using fallback presentation compiler.
2026.04.15 09:08:52 INFO  no build target found for C:\Users\USUARIO\Desktop\Estudios\univalle\2026-1\Desarrollo II\Movify\backend\movify-backend\movify-backend\src\main\java\com\movify\backend\MovifyBackendApplication.java. Using fallback presentation compiler.
2026.04.15 09:08:53 INFO  no build target found for C:\Users\USUARIO\Desktop\Estudios\univalle\2026-1\Desarrollo II\Movify\backend\movify-backend\movify-backend\src\main\java\com\movify\backend\MovifyBackendApplication.java. Using fallback presentation compiler.
2026.04.15 09:08:53 INFO  no build target found for C:\Users\USUARIO\Desktop\Estudios\univalle\2026-1\Desarrollo II\Movify\backend\movify-backend\movify-backend\src\main\java\com\movify\backend\MovifyBackendApplication.java. Using fallback presentation compiler.
2026.04.15 09:08:54 INFO  no build target found for C:\Users\USUARIO\Desktop\Estudios\univalle\2026-1\Desarrollo II\Movify\backend\movify-backend\movify-backend\src\main\java\com\movify\backend\MovifyBackendApplication.java. Using fallback presentation compiler.
2026.04.15 09:08:58 INFO  no build target found for C:\Users\USUARIO\Desktop\Estudios\univalle\2026-1\Desarrollo II\Movify\backend\movify-backend\movify-backend\src\main\java\com\movify\backend\MovifyBackendApplication.java. Using fallback presentation compiler.
2026.04.15 09:08:58 INFO  no build target found for C:\Users\USUARIO\Desktop\Estudios\univalle\2026-1\Desarrollo II\Movify\backend\movify-backend\movify-backend\src\main\java\com\movify\backend\MovifyBackendApplication.java. Using fallback presentation compiler.
2026.04.15 09:08:58 INFO  no build target found for C:\Users\USUARIO\Desktop\Estudios\univalle\2026-1\Desarrollo II\Movify\backend\movify-backend\movify-backend\src\main\java\com\movify\backend\MovifyBackendApplication.java. Using fallback presentation compiler.
2026.04.15 09:08:58 INFO  no build target found for C:\Users\USUARIO\Desktop\Estudios\univalle\2026-1\Desarrollo II\Movify\backend\movify-backend\movify-backend\src\main\java\com\movify\backend\MovifyBackendApplication.java. Using fallback presentation compiler.
2026.04.15 09:09:34 INFO  no build target found for C:\Users\USUARIO\Desktop\Estudios\univalle\2026-1\Desarrollo II\Movify\backend\movify-backend\movify-backend\src\main\java\com\movify\backend\MovifyBackendApplication.java. Using fallback presentation compiler.
2026.04.15 09:09:34 INFO  no build target found for C:\Users\USUARIO\Desktop\Estudios\univalle\2026-1\Desarrollo II\Movify\backend\movify-backend\movify-backend\src\main\java\com\movify\backend\MovifyBackendApplication.java. Using fallback presentation compiler.
2026.04.15 09:09:34 INFO  no build target found for C:\Users\USUARIO\Desktop\Estudios\univalle\2026-1\Desarrollo II\Movify\backend\movify-backend\movify-backend\src\main\java\com\movify\backend\MovifyBackendApplication.java. Using fallback presentation compiler.
abr 15, 2026 9:09:34 A. M. org.eclipse.lsp4j.jsonrpc.RemoteEndpoint handleCancellation
WARNING: Unmatched cancel notification for request id 135
2026.04.15 09:09:34 INFO  no build target found for C:\Users\USUARIO\Desktop\Estudios\univalle\2026-1\Desarrollo II\Movify\backend\movify-backend\movify-backend\src\main\java\com\movify\backend\MovifyBackendApplication.java. Using fallback presentation compiler.
2026.04.15 09:09:35 INFO  no build target found for C:\Users\USUARIO\Desktop\Estudios\univalle\2026-1\Desarrollo II\Movify\backend\movify-backend\movify-backend\src\main\java\com\movify\backend\MovifyBackendApplication.java. Using fallback presentation compiler.
2026.04.15 09:09:35 INFO  no build target found for C:\Users\USUARIO\Desktop\Estudios\univalle\2026-1\Desarrollo II\Movify\backend\movify-backend\movify-backend\src\main\java\com\movify\backend\MovifyBackendApplication.java. Using fallback presentation compiler.
2026.04.15 09:09:35 INFO  no build target found for C:\Users\USUARIO\Desktop\Estudios\univalle\2026-1\Desarrollo II\Movify\backend\movify-backend\movify-backend\src\main\java\com\movify\backend\MovifyBackendApplication.java. Using fallback presentation compiler.
2026.04.15 09:10:19 INFO  no build target found for C:\Users\USUARIO\Desktop\Estudios\univalle\2026-1\Desarrollo II\Movify\backend\movify-backend\movify-backend\src\main\java\com\movify\backend\MovifyBackendApplication.java. Using fallback presentation compiler.
abr 15, 2026 9:10:19 A. M. org.eclipse.lsp4j.jsonrpc.RemoteEndpoint handleCancellation
WARNING: Unmatched cancel notification for request id 142
2026.04.15 09:10:19 INFO  no build target found for C:\Users\USUARIO\Desktop\Estudios\univalle\2026-1\Desarrollo II\Movify\backend\movify-backend\movify-backend\src\main\java\com\movify\backend\MovifyBackendApplication.java. Using fallback presentation compiler.
2026.04.15 09:10:19 INFO  no build target found for C:\Users\USUARIO\Desktop\Estudios\univalle\2026-1\Desarrollo II\Movify\backend\movify-backend\movify-backend\src\main\java\com\movify\backend\MovifyBackendApplication.java. Using fallback presentation compiler.
2026.04.15 09:10:19 INFO  no build target found for C:\Users\USUARIO\Desktop\Estudios\univalle\2026-1\Desarrollo II\Movify\backend\movify-backend\movify-backend\src\main\java\com\movify\backend\MovifyBackendApplication.java. Using fallback presentation compiler.
2026.04.15 09:10:25 INFO  no build target found for C:\Users\USUARIO\Desktop\Estudios\univalle\2026-1\Desarrollo II\Movify\backend\movify-backend\movify-backend\src\main\java\com\movify\backend\MovifyBackendApplication.java. Using fallback presentation compiler.
abr 15, 2026 9:10:26 A. M. org.eclipse.lsp4j.jsonrpc.RemoteEndpoint handleCancellation
WARNING: Unmatched cancel notification for request id 147
2026.04.15 09:10:25 INFO  no build target found for C:\Users\USUARIO\Desktop\Estudios\univalle\2026-1\Desarrollo II\Movify\backend\movify-backend\movify-backend\src\main\java\com\movify\backend\MovifyBackendApplication.java. Using fallback presentation compiler.
2026.04.15 09:10:36 INFO  no build target found for C:\Users\USUARIO\Desktop\Estudios\univalle\2026-1\Desarrollo II\Movify\backend\movify-backend\movify-backend\src\main\java\com\movify\backend\MovifyBackendApplication.java. Using fallback presentation compiler.
2026.04.15 09:10:36 INFO  no build target found for C:\Users\USUARIO\Desktop\Estudios\univalle\2026-1\Desarrollo II\Movify\backend\movify-backend\movify-backend\src\main\java\com\movify\backend\MovifyBackendApplication.java. Using fallback presentation compiler.
2026.04.15 09:10:36 WARN  no build target for: C:\Users\USUARIO\Desktop\Estudios\univalle\2026-1\Desarrollo II\Movify\backend\movify-backend\movify-backend\src\main\java\com\movify\backend\MovifyBackendApplication.java
2026.04.15 09:10:36 INFO  no build target found for C:\Users\USUARIO\Desktop\Estudios\univalle\2026-1\Desarrollo II\Movify\backend\movify-backend\movify-backend\src\main\java\com\movify\backend\MovifyBackendApplication.java. Using fallback presentation compiler.
2026.04.15 09:10:36 WARN  Running javac-semanticdb failed for file:///C:/Users/USUARIO/Desktop/Estudios/univalle/2026-1/Desarrollo%20II/Movify/backend/movify-backend/movify-backend/src/main/java/com/movify/backend/MovifyBackendApplication.java. Output:

2026.04.15 09:10:36 INFO  no build target found for C:\Users\USUARIO\Desktop\Estudios\univalle\2026-1\Desarrollo II\Movify\backend\movify-backend\movify-backend\src\main\java\com\movify\backend\MovifyBackendApplication.java. Using fallback presentation compiler.
abr 15, 2026 9:10:37 A. M. org.eclipse.lsp4j.jsonrpc.RemoteEndpoint handleCancellation
WARNING: Unmatched cancel notification for request id 156
2026.04.15 09:10:36 INFO  no build target found for C:\Users\USUARIO\Desktop\Estudios\univalle\2026-1\Desarrollo II\Movify\backend\movify-backend\movify-backend\src\main\java\com\movify\backend\MovifyBackendApplication.java. Using fallback presentation compiler.
2026.04.15 09:10:37 INFO  no build target found for C:\Users\USUARIO\Desktop\Estudios\univalle\2026-1\Desarrollo II\Movify\backend\movify-backend\movify-backend\src\main\java\com\movify\backend\MovifyBackendApplication.java. Using fallback presentation compiler.
2026.04.15 09:10:37 INFO  no build target found for C:\Users\USUARIO\Desktop\Estudios\univalle\2026-1\Desarrollo II\Movify\backend\movify-backend\movify-backend\src\main\java\com\movify\backend\MovifyBackendApplication.java. Using fallback presentation compiler.
2026.04.15 09:10:37 INFO  no build target found for C:\Users\USUARIO\Desktop\Estudios\univalle\2026-1\Desarrollo II\Movify\backend\movify-backend\movify-backend\src\main\java\com\movify\backend\MovifyBackendApplication.java. Using fallback presentation compiler.
2026.04.15 09:10:37 INFO  no build target found for C:\Users\USUARIO\Desktop\Estudios\univalle\2026-1\Desarrollo II\Movify\backend\movify-backend\movify-backend\src\main\java\com\movify\backend\MovifyBackendApplication.java. Using fallback presentation compiler.
2026.04.15 09:10:37 INFO  no build target found for C:\Users\USUARIO\Desktop\Estudios\univalle\2026-1\Desarrollo II\Movify\backend\movify-backend\movify-backend\src\main\java\com\movify\backend\MovifyBackendApplication.java. Using fallback presentation compiler.
2026.04.15 09:10:39 INFO  no build target found for C:\Users\USUARIO\Desktop\Estudios\univalle\2026-1\Desarrollo II\Movify\backend\movify-backend\movify-backend\src\main\java\com\movify\backend\MovifyBackendApplication.java. Using fallback presentation compiler.
2026.04.15 09:10:39 INFO  no build target found for C:\Users\USUARIO\Desktop\Estudios\univalle\2026-1\Desarrollo II\Movify\backend\movify-backend\movify-backend\src\main\java\com\movify\backend\MovifyBackendApplication.java. Using fallback presentation compiler.
2026.04.15 09:10:40 INFO  no build target found for C:\Users\USUARIO\Desktop\Estudios\univalle\2026-1\Desarrollo II\Movify\backend\movify-backend\movify-backend\src\main\java\com\movify\backend\MovifyBackendApplication.java. Using fallback presentation compiler.
2026.04.15 09:10:44 INFO  no build target found for C:\Users\USUARIO\Desktop\Estudios\univalle\2026-1\Desarrollo II\Movify\backend\movify-backend\movify-backend\src\main\java\com\movify\backend\MovifyBackendApplication.java. Using fallback presentation compiler.
2026.04.15 09:10:44 INFO  no build target found for C:\Users\USUARIO\Desktop\Estudios\univalle\2026-1\Desarrollo II\Movify\backend\movify-backend\movify-backend\src\main\java\com\movify\backend\MovifyBackendApplication.java. Using fallback presentation compiler.
2026.04.15 09:10:44 INFO  no build target found for C:\Users\USUARIO\Desktop\Estudios\univalle\2026-1\Desarrollo II\Movify\backend\movify-backend\movify-backend\src\main\java\com\movify\backend\MovifyBackendApplication.java. Using fallback presentation compiler.
2026.04.15 09:10:44 INFO  no build target found for C:\Users\USUARIO\Desktop\Estudios\univalle\2026-1\Desarrollo II\Movify\backend\movify-backend\movify-backend\src\main\java\com\movify\backend\MovifyBackendApplication.java. Using fallback presentation compiler.
2026.04.15 09:10:44 INFO  no build target found for C:\Users\USUARIO\Desktop\Estudios\univalle\2026-1\Desarrollo II\Movify\backend\movify-backend\movify-backend\src\main\java\com\movify\backend\MovifyBackendApplication.java. Using fallback presentation compiler.
2026.04.15 09:10:44 INFO  no build target found for C:\Users\USUARIO\Desktop\Estudios\univalle\2026-1\Desarrollo II\Movify\backend\movify-backend\movify-backend\src\main\java\com\movify\backend\MovifyBackendApplication.java. Using fallback presentation compiler.
2026.04.15 09:10:45 INFO  no build target found for C:\Users\USUARIO\Desktop\Estudios\univalle\2026-1\Desarrollo II\Movify\backend\movify-backend\movify-backend\src\main\java\com\movify\backend\MovifyBackendApplication.java. Using fallback presentation compiler.
2026.04.15 09:10:45 INFO  no build target found for C:\Users\USUARIO\Desktop\Estudios\univalle\2026-1\Desarrollo II\Movify\backend\movify-backend\movify-backend\src\main\java\com\movify\backend\MovifyBackendApplication.java. Using fallback presentation compiler.
2026.04.15 09:10:45 INFO  no build target found for C:\Users\USUARIO\Desktop\Estudios\univalle\2026-1\Desarrollo II\Movify\backend\movify-backend\movify-backend\src\main\java\com\movify\backend\MovifyBackendApplication.java. Using fallback presentation compiler.
2026.04.15 09:10:50 INFO  no build target found for C:\Users\USUARIO\Desktop\Estudios\univalle\2026-1\Desarrollo II\Movify\backend\movify-backend\movify-backend\src\main\java\com\movify\backend\MovifyBackendApplication.java. Using fallback presentation compiler.
2026.04.15 09:10:57 INFO  no build target found for C:\Users\USUARIO\Desktop\Estudios\univalle\2026-1\Desarrollo II\Movify\backend\movify-backend\movify-backend\src\main\java\com\movify\backend\MovifyBackendApplication.java. Using fallback presentation compiler.
2026.04.15 09:10:57 INFO  no build target found for C:\Users\USUARIO\Desktop\Estudios\univalle\2026-1\Desarrollo II\Movify\backend\movify-backend\movify-backend\src\main\java\com\movify\backend\MovifyBackendApplication.java. Using fallback presentation compiler.
2026.04.15 09:10:57 INFO  no build target found for C:\Users\USUARIO\Desktop\Estudios\univalle\2026-1\Desarrollo II\Movify\backend\movify-backend\movify-backend\src\main\java\com\movify\backend\MovifyBackendApplication.java. Using fallback presentation compiler.
2026.04.15 09:10:57 INFO  no build target found for C:\Users\USUARIO\Desktop\Estudios\univalle\2026-1\Desarrollo II\Movify\backend\movify-backend\movify-backend\src\main\java\com\movify\backend\MovifyBackendApplication.java. Using fallback presentation compiler.
2026.04.15 09:10:58 INFO  no build target found for C:\Users\USUARIO\Desktop\Estudios\univalle\2026-1\Desarrollo II\Movify\backend\movify-backend\movify-backend\src\main\java\com\movify\backend\MovifyBackendApplication.java. Using fallback presentation compiler.
2026.04.15 09:10:58 INFO  no build target found for C:\Users\USUARIO\Desktop\Estudios\univalle\2026-1\Desarrollo II\Movify\backend\movify-backend\movify-backend\src\main\java\com\movify\backend\MovifyBackendApplication.java. Using fallback presentation compiler.
2026.04.15 09:10:58 INFO  no build target found for C:\Users\USUARIO\Desktop\Estudios\univalle\2026-1\Desarrollo II\Movify\backend\movify-backend\movify-backend\src\main\java\com\movify\backend\MovifyBackendApplication.java. Using fallback presentation compiler.
2026.04.15 09:10:58 INFO  no build target found for C:\Users\USUARIO\Desktop\Estudios\univalle\2026-1\Desarrollo II\Movify\backend\movify-backend\movify-backend\src\main\java\com\movify\backend\MovifyBackendApplication.java. Using fallback presentation compiler.
2026.04.15 09:10:58 INFO  no build target found for C:\Users\USUARIO\Desktop\Estudios\univalle\2026-1\Desarrollo II\Movify\backend\movify-backend\movify-backend\src\main\java\com\movify\backend\MovifyBackendApplication.java. Using fallback presentation compiler.
2026.04.15 09:10:58 INFO  no build target found for C:\Users\USUARIO\Desktop\Estudios\univalle\2026-1\Desarrollo II\Movify\backend\movify-backend\movify-backend\src\main\java\com\movify\backend\MovifyBackendApplication.java. Using fallback presentation compiler.
abr 15, 2026 9:10:59 A. M. org.eclipse.lsp4j.jsonrpc.RemoteEndpoint handleCancellation
WARNING: Unmatched cancel notification for request id 189
2026.04.15 09:10:58 INFO  no build target found for C:\Users\USUARIO\Desktop\Estudios\univalle\2026-1\Desarrollo II\Movify\backend\movify-backend\movify-backend\src\main\java\com\movify\backend\MovifyBackendApplication.java. Using fallback presentation compiler.
2026.04.15 09:10:59 INFO  no build target found for C:\Users\USUARIO\Desktop\Estudios\univalle\2026-1\Desarrollo II\Movify\backend\movify-backend\movify-backend\src\main\java\com\movify\backend\MovifyBackendApplication.java. Using fallback presentation compiler.
2026.04.15 09:11:21 INFO  no build target found for C:\Users\USUARIO\Desktop\Estudios\univalle\2026-1\Desarrollo II\Movify\backend\movify-backend\movify-backend\src\main\java\com\movify\backend\MovifyBackendApplication.java. Using fallback presentation compiler.
2026.04.15 09:11:21 INFO  no build target found for C:\Users\USUARIO\Desktop\Estudios\univalle\2026-1\Desarrollo II\Movify\backend\movify-backend\movify-backend\src\main\java\com\movify\backend\MovifyBackendApplication.java. Using fallback presentation compiler.
2026.04.15 09:11:21 INFO  no build target found for C:\Users\USUARIO\Desktop\Estudios\univalle\2026-1\Desarrollo II\Movify\backend\movify-backend\movify-backend\src\main\java\com\movify\backend\MovifyBackendApplication.java. Using fallback presentation compiler.
2026.04.15 09:11:22 INFO  no build target found for C:\Users\USUARIO\Desktop\Estudios\univalle\2026-1\Desarrollo II\Movify\backend\movify-backend\movify-backend\src\main\java\com\movify\backend\MovifyBackendApplication.java. Using fallback presentation compiler.
2026.04.15 09:11:22 INFO  no build target found for C:\Users\USUARIO\Desktop\Estudios\univalle\2026-1\Desarrollo II\Movify\backend\movify-backend\movify-backend\src\main\java\com\movify\backend\MovifyBackendApplication.java. Using fallback presentation compiler.
2026.04.15 09:11:22 INFO  no build target found for C:\Users\USUARIO\Desktop\Estudios\univalle\2026-1\Desarrollo II\Movify\backend\movify-backend\movify-backend\src\main\java\com\movify\backend\MovifyBackendApplication.java. Using fallback presentation compiler.
2026.04.15 14:33:28 INFO  no build target found for C:\Users\USUARIO\Desktop\Estudios\univalle\2026-1\Desarrollo II\Movify\backend\movify-backend\movify-backend\src\main\java\com\movify\backend\MovifyBackendApplication.java. Using fallback presentation compiler.
2026.04.15 14:33:30 INFO  no build target found for C:\Users\USUARIO\Desktop\Estudios\univalle\2026-1\Desarrollo II\Movify\backend\movify-backend\movify-backend\src\main\java\com\movify\backend\MovifyBackendApplication.java. Using fallback presentation compiler.
2026.04.15 14:33:30 INFO  no build target found for C:\Users\USUARIO\Desktop\Estudios\univalle\2026-1\Desarrollo II\Movify\backend\movify-backend\movify-backend\src\main\java\com\movify\backend\MovifyBackendApplication.java. Using fallback presentation compiler.
2026.04.15 14:33:36 INFO  no build target found for C:\Users\USUARIO\Desktop\Estudios\univalle\2026-1\Desarrollo II\Movify\backend\movify-backend\movify-backend\src\main\java\com\movify\backend\MovifyBackendApplication.java. Using fallback presentation compiler.
2026.04.15 14:33:36 INFO  no build target found for C:\Users\USUARIO\Desktop\Estudios\univalle\2026-1\Desarrollo II\Movify\backend\movify-backend\movify-backend\src\main\java\com\movify\backend\MovifyBackendApplication.java. Using fallback presentation compiler.
2026.04.15 14:33:36 INFO  no build target found for C:\Users\USUARIO\Desktop\Estudios\univalle\2026-1\Desarrollo II\Movify\backend\movify-backend\movify-backend\src\main\java\com\movify\backend\MovifyBackendApplication.java. Using fallback presentation compiler.
2026.04.15 14:34:37 INFO  no build target found for C:\Users\USUARIO\Desktop\Estudios\univalle\2026-1\Desarrollo II\Movify\backend\movify-backend\movify-backend\src\main\java\com\movify\backend\MovifyBackendApplication.java. Using fallback presentation compiler.
2026.04.15 14:34:37 INFO  no build target found for C:\Users\USUARIO\Desktop\Estudios\univalle\2026-1\Desarrollo II\Movify\backend\movify-backend\movify-backend\src\main\java\com\movify\backend\MovifyBackendApplication.java. Using fallback presentation compiler.
2026.04.15 14:34:39 INFO  no build target found for C:\Users\USUARIO\Desktop\Estudios\univalle\2026-1\Desarrollo II\Movify\backend\movify-backend\movify-backend\src\main\java\com\movify\backend\MovifyBackendApplication.java. Using fallback presentation compiler.
2026.04.15 14:34:39 INFO  no build target found for C:\Users\USUARIO\Desktop\Estudios\univalle\2026-1\Desarrollo II\Movify\backend\movify-backend\movify-backend\src\main\java\com\movify\backend\MovifyBackendApplication.java. Using fallback presentation compiler.
2026.04.15 14:34:39 INFO  no build target found for C:\Users\USUARIO\Desktop\Estudios\univalle\2026-1\Desarrollo II\Movify\backend\movify-backend\movify-backend\src\main\java\com\movify\backend\MovifyBackendApplication.java. Using fallback presentation compiler.
2026.04.15 14:34:39 INFO  no build target found for C:\Users\USUARIO\Desktop\Estudios\univalle\2026-1\Desarrollo II\Movify\backend\movify-backend\movify-backend\src\main\java\com\movify\backend\MovifyBackendApplication.java. Using fallback presentation compiler.
2026.04.15 14:34:39 INFO  no build target found for C:\Users\USUARIO\Desktop\Estudios\univalle\2026-1\Desarrollo II\Movify\backend\movify-backend\movify-backend\src\main\java\com\movify\backend\MovifyBackendApplication.java. Using fallback presentation compiler.
2026.04.15 14:34:39 INFO  no build target found for C:\Users\USUARIO\Desktop\Estudios\univalle\2026-1\Desarrollo II\Movify\backend\movify-backend\movify-backend\src\main\java\com\movify\backend\MovifyBackendApplication.java. Using fallback presentation compiler.
abr 15, 2026 2:34:39 P. M. org.eclipse.lsp4j.jsonrpc.RemoteEndpoint handleCancellation
WARNING: Unmatched cancel notification for request id 219
2026.04.15 14:34:41 INFO  no build target found for C:\Users\USUARIO\Desktop\Estudios\univalle\2026-1\Desarrollo II\Movify\backend\movify-backend\movify-backend\src\main\java\com\movify\backend\MovifyBackendApplication.java. Using fallback presentation compiler.
2026.04.15 14:34:51 INFO  no build target found for C:\Users\USUARIO\Desktop\Estudios\univalle\2026-1\Desarrollo II\Movify\backend\movify-backend\movify-backend\src\main\java\com\movify\backend\MovifyBackendApplication.java. Using fallback presentation compiler.
2026.04.15 14:35:30 INFO  no build target found for C:\Users\USUARIO\Desktop\Estudios\univalle\2026-1\Desarrollo II\Movify\backend\movify-backend\movify-backend\src\main\java\com\movify\backend\MovifyBackendApplication.java. Using fallback presentation compiler.
2026.04.15 14:35:30 INFO  no build target found for C:\Users\USUARIO\Desktop\Estudios\univalle\2026-1\Desarrollo II\Movify\backend\movify-backend\movify-backend\src\main\java\com\movify\backend\MovifyBackendApplication.java. Using fallback presentation compiler.
2026.04.15 14:35:45 WARN  no build target for: C:\Users\USUARIO\Desktop\Estudios\univalle\2026-1\Desarrollo II\Movify\backend\movify-backend\movify-backend\src\main\java\com\movify\backend\MovifyBackendApplication.java
2026.04.15 14:35:45 INFO  no build target found for C:\Users\USUARIO\Desktop\Estudios\univalle\2026-1\Desarrollo II\Movify\backend\movify-backend\movify-backend\src\main\java\com\movify\backend\MovifyBackendApplication.java. Using fallback presentation compiler.
2026.04.15 14:35:45 INFO  no build target found for C:\Users\USUARIO\Desktop\Estudios\univalle\2026-1\Desarrollo II\Movify\backend\movify-backend\movify-backend\src\main\java\com\movify\backend\MovifyBackendApplication.java. Using fallback presentation compiler.
2026.04.15 14:35:46 INFO  no build target found for C:\Users\USUARIO\Desktop\Estudios\univalle\2026-1\Desarrollo II\Movify\backend\movify-backend\movify-backend\src\main\java\com\movify\backend\MovifyBackendApplication.java. Using fallback presentation compiler.
2026.04.15 14:35:46 INFO  no build target found for C:\Users\USUARIO\Desktop\Estudios\univalle\2026-1\Desarrollo II\Movify\backend\movify-backend\movify-backend\src\main\java\com\movify\backend\MovifyBackendApplication.java. Using fallback presentation compiler.
2026.04.15 14:35:46 INFO  no build target found for C:\Users\USUARIO\Desktop\Estudios\univalle\2026-1\Desarrollo II\Movify\backend\movify-backend\movify-backend\src\main\java\com\movify\backend\MovifyBackendApplication.java. Using fallback presentation compiler.
2026.04.15 14:35:46 INFO  no build target found for C:\Users\USUARIO\Desktop\Estudios\univalle\2026-1\Desarrollo II\Movify\backend\movify-backend\movify-backend\src\main\java\com\movify\backend\MovifyBackendApplication.java. Using fallback presentation compiler.
2026.04.15 14:35:46 INFO  no build target found for C:\Users\USUARIO\Desktop\Estudios\univalle\2026-1\Desarrollo II\Movify\backend\movify-backend\movify-backend\src\main\java\com\movify\backend\MovifyBackendApplication.java. Using fallback presentation compiler.
2026.04.15 14:35:47 INFO  no build target found for C:\Users\USUARIO\Desktop\Estudios\univalle\2026-1\Desarrollo II\Movify\backend\movify-backend\movify-backend\src\main\java\com\movify\backend\MovifyBackendApplication.java. Using fallback presentation compiler.
2026.04.15 14:35:47 INFO  no build target found for C:\Users\USUARIO\Desktop\Estudios\univalle\2026-1\Desarrollo II\Movify\backend\movify-backend\movify-backend\src\main\java\com\movify\backend\MovifyBackendApplication.java. Using fallback presentation compiler.
2026.04.15 14:35:47 INFO  no build target found for C:\Users\USUARIO\Desktop\Estudios\univalle\2026-1\Desarrollo II\Movify\backend\movify-backend\movify-backend\src\main\java\com\movify\backend\MovifyBackendApplication.java. Using fallback presentation compiler.
2026.04.15 14:35:47 INFO  no build target found for C:\Users\USUARIO\Desktop\Estudios\univalle\2026-1\Desarrollo II\Movify\backend\movify-backend\movify-backend\src\main\java\com\movify\backend\MovifyBackendApplication.java. Using fallback presentation compiler.
2026.04.15 14:35:47 INFO  no build target found for C:\Users\USUARIO\Desktop\Estudios\univalle\2026-1\Desarrollo II\Movify\backend\movify-backend\movify-backend\src\main\java\com\movify\backend\MovifyBackendApplication.java. Using fallback presentation compiler.
2026.04.15 14:35:50 INFO  no build target found for C:\Users\USUARIO\Desktop\Estudios\univalle\2026-1\Desarrollo II\Movify\backend\movify-backend\movify-backend\src\main\java\com\movify\backend\MovifyBackendApplication.java. Using fallback presentation compiler.
abr 15, 2026 2:35:50 P. M. org.eclipse.lsp4j.jsonrpc.RemoteEndpoint handleCancellation
WARNING: Unmatched cancel notification for request id 240
2026.04.15 14:35:50 INFO  no build target found for C:\Users\USUARIO\Desktop\Estudios\univalle\2026-1\Desarrollo II\Movify\backend\movify-backend\movify-backend\src\main\java\com\movify\backend\MovifyBackendApplication.java. Using fallback presentation compiler.
2026.04.15 14:35:56 INFO  no build target found for C:\Users\USUARIO\Desktop\Estudios\univalle\2026-1\Desarrollo II\Movify\backend\movify-backend\movify-backend\src\main\java\com\movify\backend\MovifyBackendApplication.java. Using fallback presentation compiler.
2026.04.15 14:35:56 INFO  no build target found for C:\Users\USUARIO\Desktop\Estudios\univalle\2026-1\Desarrollo II\Movify\backend\movify-backend\movify-backend\src\main\java\com\movify\backend\MovifyBackendApplication.java. Using fallback presentation compiler.
2026.04.15 14:36:01 INFO  no build target found for C:\Users\USUARIO\Desktop\Estudios\univalle\2026-1\Desarrollo II\Movify\backend\movify-backend\movify-backend\src\main\java\com\movify\backend\MovifyBackendApplication.java. Using fallback presentation compiler.
2026.04.15 14:36:01 INFO  no build target found for C:\Users\USUARIO\Desktop\Estudios\univalle\2026-1\Desarrollo II\Movify\backend\movify-backend\movify-backend\src\main\java\com\movify\backend\MovifyBackendApplication.java. Using fallback presentation compiler.
2026.04.15 14:36:01 INFO  no build target found for C:\Users\USUARIO\Desktop\Estudios\univalle\2026-1\Desarrollo II\Movify\backend\movify-backend\movify-backend\src\main\java\com\movify\backend\MovifyBackendApplication.java. Using fallback presentation compiler.
2026.04.15 14:36:34 INFO  no build target found for C:\Users\USUARIO\Desktop\Estudios\univalle\2026-1\Desarrollo II\Movify\backend\movify-backend\movify-backend\src\main\java\com\movify\backend\MovifyBackendApplication.java. Using fallback presentation compiler.
2026.04.15 14:36:35 INFO  no build target found for C:\Users\USUARIO\Desktop\Estudios\univalle\2026-1\Desarrollo II\Movify\backend\movify-backend\movify-backend\src\main\java\com\movify\backend\MovifyBackendApplication.java. Using fallback presentation compiler.
2026.04.15 14:36:35 INFO  no build target found for C:\Users\USUARIO\Desktop\Estudios\univalle\2026-1\Desarrollo II\Movify\backend\movify-backend\movify-backend\src\main\java\com\movify\backend\MovifyBackendApplication.java. Using fallback presentation compiler.
abr 15, 2026 2:36:36 P. M. org.eclipse.lsp4j.jsonrpc.RemoteEndpoint handleCancellation
WARNING: Unmatched cancel notification for request id 253
2026.04.15 14:36:35 INFO  no build target found for C:\Users\USUARIO\Desktop\Estudios\univalle\2026-1\Desarrollo II\Movify\backend\movify-backend\movify-backend\src\main\java\com\movify\backend\MovifyBackendApplication.java. Using fallback presentation compiler.
2026.04.15 14:36:35 INFO  no build target found for C:\Users\USUARIO\Desktop\Estudios\univalle\2026-1\Desarrollo II\Movify\backend\movify-backend\movify-backend\src\main\java\com\movify\backend\MovifyBackendApplication.java. Using fallback presentation compiler.
2026.04.15 14:36:39 INFO  no build target found for C:\Users\USUARIO\Desktop\Estudios\univalle\2026-1\Desarrollo II\Movify\backend\movify-backend\movify-backend\src\main\java\com\movify\backend\MovifyBackendApplication.java. Using fallback presentation compiler.
2026.04.15 14:36:39 INFO  no build target found for C:\Users\USUARIO\Desktop\Estudios\univalle\2026-1\Desarrollo II\Movify\backend\movify-backend\movify-backend\src\main\java\com\movify\backend\MovifyBackendApplication.java. Using fallback presentation compiler.
2026.04.15 14:36:39 INFO  no build target found for C:\Users\USUARIO\Desktop\Estudios\univalle\2026-1\Desarrollo II\Movify\backend\movify-backend\movify-backend\src\main\java\com\movify\backend\MovifyBackendApplication.java. Using fallback presentation compiler.
2026.04.15 14:36:39 INFO  no build target found for C:\Users\USUARIO\Desktop\Estudios\univalle\2026-1\Desarrollo II\Movify\backend\movify-backend\movify-backend\src\main\java\com\movify\backend\MovifyBackendApplication.java. Using fallback presentation compiler.
abr 15, 2026 2:36:40 P. M. org.eclipse.lsp4j.jsonrpc.RemoteEndpoint handleCancellation
WARNING: Unmatched cancel notification for request id 259
2026.04.15 14:36:39 INFO  no build target found for C:\Users\USUARIO\Desktop\Estudios\univalle\2026-1\Desarrollo II\Movify\backend\movify-backend\movify-backend\src\main\java\com\movify\backend\MovifyBackendApplication.java. Using fallback presentation compiler.
2026.04.15 14:36:40 INFO  no build target found for C:\Users\USUARIO\Desktop\Estudios\univalle\2026-1\Desarrollo II\Movify\backend\movify-backend\movify-backend\src\main\java\com\movify\backend\MovifyBackendApplication.java. Using fallback presentation compiler.
2026.04.15 14:36:40 INFO  no build target found for C:\Users\USUARIO\Desktop\Estudios\univalle\2026-1\Desarrollo II\Movify\backend\movify-backend\movify-backend\src\main\java\com\movify\backend\MovifyBackendApplication.java. Using fallback presentation compiler.
2026.04.15 14:36:40 INFO  no build target found for C:\Users\USUARIO\Desktop\Estudios\univalle\2026-1\Desarrollo II\Movify\backend\movify-backend\movify-backend\src\main\java\com\movify\backend\MovifyBackendApplication.java. Using fallback presentation compiler.
2026.04.15 14:36:42 INFO  no build target found for C:\Users\USUARIO\Desktop\Estudios\univalle\2026-1\Desarrollo II\Movify\backend\movify-backend\movify-backend\src\main\java\com\movify\backend\MovifyBackendApplication.java. Using fallback presentation compiler.
2026.04.15 14:36:42 INFO  no build target found for C:\Users\USUARIO\Desktop\Estudios\univalle\2026-1\Desarrollo II\Movify\backend\movify-backend\movify-backend\src\main\java\com\movify\backend\MovifyBackendApplication.java. Using fallback presentation compiler.
2026.04.15 14:36:42 INFO  no build target found for C:\Users\USUARIO\Desktop\Estudios\univalle\2026-1\Desarrollo II\Movify\backend\movify-backend\movify-backend\src\main\java\com\movify\backend\MovifyBackendApplication.java. Using fallback presentation compiler.
abr 15, 2026 2:36:43 P. M. org.eclipse.lsp4j.jsonrpc.RemoteEndpoint handleCancellation
WARNING: Unmatched cancel notification for request id 265
2026.04.15 14:36:42 INFO  no build target found for C:\Users\USUARIO\Desktop\Estudios\univalle\2026-1\Desarrollo II\Movify\backend\movify-backend\movify-backend\src\main\java\com\movify\backend\MovifyBackendApplication.java. Using fallback presentation compiler.
2026.04.15 14:36:44 INFO  no build target found for C:\Users\USUARIO\Desktop\Estudios\univalle\2026-1\Desarrollo II\Movify\backend\movify-backend\movify-backend\src\main\java\com\movify\backend\MovifyBackendApplication.java. Using fallback presentation compiler.
2026.04.15 14:36:53 INFO  no build target found for C:\Users\USUARIO\Desktop\Estudios\univalle\2026-1\Desarrollo II\Movify\backend\movify-backend\movify-backend\src\main\java\com\movify\backend\MovifyBackendApplication.java. Using fallback presentation compiler.
2026.04.15 14:36:53 INFO  no build target found for C:\Users\USUARIO\Desktop\Estudios\univalle\2026-1\Desarrollo II\Movify\backend\movify-backend\movify-backend\src\main\java\com\movify\backend\MovifyBackendApplication.java. Using fallback presentation compiler.
2026.04.15 14:36:56 INFO  no build target found for C:\Users\USUARIO\Desktop\Estudios\univalle\2026-1\Desarrollo II\Movify\backend\movify-backend\movify-backend\src\main\java\com\movify\backend\MovifyBackendApplication.java. Using fallback presentation compiler.
2026.04.15 14:36:56 INFO  no build target found for C:\Users\USUARIO\Desktop\Estudios\univalle\2026-1\Desarrollo II\Movify\backend\movify-backend\movify-backend\src\main\java\com\movify\backend\MovifyBackendApplication.java. Using fallback presentation compiler.
2026.04.15 14:36:56 INFO  no build target found for C:\Users\USUARIO\Desktop\Estudios\univalle\2026-1\Desarrollo II\Movify\backend\movify-backend\movify-backend\src\main\java\com\movify\backend\MovifyBackendApplication.java. Using fallback presentation compiler.
2026.04.15 14:36:56 INFO  no build target found for C:\Users\USUARIO\Desktop\Estudios\univalle\2026-1\Desarrollo II\Movify\backend\movify-backend\movify-backend\src\main\java\com\movify\backend\MovifyBackendApplication.java. Using fallback presentation compiler.
abr 15, 2026 2:36:56 P. M. org.eclipse.lsp4j.jsonrpc.RemoteEndpoint handleCancellation
WARNING: Unmatched cancel notification for request id 274
2026.04.15 14:36:56 INFO  no build target found for C:\Users\USUARIO\Desktop\Estudios\univalle\2026-1\Desarrollo II\Movify\backend\movify-backend\movify-backend\src\main\java\com\movify\backend\MovifyBackendApplication.java. Using fallback presentation compiler.
2026.04.15 14:36:57 INFO  no build target found for C:\Users\USUARIO\Desktop\Estudios\univalle\2026-1\Desarrollo II\Movify\backend\movify-backend\movify-backend\src\main\java\com\movify\backend\MovifyBackendApplication.java. Using fallback presentation compiler.
2026.04.15 14:36:57 INFO  no build target found for C:\Users\USUARIO\Desktop\Estudios\univalle\2026-1\Desarrollo II\Movify\backend\movify-backend\movify-backend\src\main\java\com\movify\backend\MovifyBackendApplication.java. Using fallback presentation compiler.
2026.04.15 14:36:57 INFO  no build target found for C:\Users\USUARIO\Desktop\Estudios\univalle\2026-1\Desarrollo II\Movify\backend\movify-backend\movify-backend\src\main\java\com\movify\backend\MovifyBackendApplication.java. Using fallback presentation compiler.
2026.04.15 14:36:58 INFO  no build target found for C:\Users\USUARIO\Desktop\Estudios\univalle\2026-1\Desarrollo II\Movify\backend\movify-backend\movify-backend\src\main\java\com\movify\backend\MovifyBackendApplication.java. Using fallback presentation compiler.
2026.04.15 14:36:58 INFO  no build target found for C:\Users\USUARIO\Desktop\Estudios\univalle\2026-1\Desarrollo II\Movify\backend\movify-backend\movify-backend\src\main\java\com\movify\backend\MovifyBackendApplication.java. Using fallback presentation compiler.
2026.04.15 14:36:58 INFO  no build target found for C:\Users\USUARIO\Desktop\Estudios\univalle\2026-1\Desarrollo II\Movify\backend\movify-backend\movify-backend\src\main\java\com\movify\backend\MovifyBackendApplication.java. Using fallback presentation compiler.
2026.04.15 14:37:00 INFO  no build target found for C:\Users\USUARIO\Desktop\Estudios\univalle\2026-1\Desarrollo II\Movify\backend\movify-backend\movify-backend\src\main\java\com\movify\backend\MovifyBackendApplication.java. Using fallback presentation compiler.
2026.04.15 14:37:06 INFO  no build target found for C:\Users\USUARIO\Desktop\Estudios\univalle\2026-1\Desarrollo II\Movify\backend\movify-backend\movify-backend\src\main\java\com\movify\backend\MovifyBackendApplication.java. Using fallback presentation compiler.
2026.04.15 14:37:06 INFO  no build target found for C:\Users\USUARIO\Desktop\Estudios\univalle\2026-1\Desarrollo II\Movify\backend\movify-backend\movify-backend\src\main\java\com\movify\backend\MovifyBackendApplication.java. Using fallback presentation compiler.
2026.04.15 14:37:06 INFO  no build target found for C:\Users\USUARIO\Desktop\Estudios\univalle\2026-1\Desarrollo II\Movify\backend\movify-backend\movify-backend\src\main\java\com\movify\backend\MovifyBackendApplication.java. Using fallback presentation compiler.
2026.04.15 14:37:07 INFO  no build target found for C:\Users\USUARIO\Desktop\Estudios\univalle\2026-1\Desarrollo II\Movify\backend\movify-backend\movify-backend\src\main\java\com\movify\backend\MovifyBackendApplication.java. Using fallback presentation compiler.
2026.04.15 14:37:07 INFO  no build target found for C:\Users\USUARIO\Desktop\Estudios\univalle\2026-1\Desarrollo II\Movify\backend\movify-backend\movify-backend\src\main\java\com\movify\backend\MovifyBackendApplication.java. Using fallback presentation compiler.
2026.04.15 14:37:07 INFO  no build target found for C:\Users\USUARIO\Desktop\Estudios\univalle\2026-1\Desarrollo II\Movify\backend\movify-backend\movify-backend\src\main\java\com\movify\backend\MovifyBackendApplication.java. Using fallback presentation compiler.
2026.04.15 14:37:07 INFO  no build target found for C:\Users\USUARIO\Desktop\Estudios\univalle\2026-1\Desarrollo II\Movify\backend\movify-backend\movify-backend\src\main\java\com\movify\backend\MovifyBackendApplication.java. Using fallback presentation compiler.
2026.04.15 14:37:09 INFO  no build target found for C:\Users\USUARIO\Desktop\Estudios\univalle\2026-1\Desarrollo II\Movify\backend\movify-backend\movify-backend\src\main\java\com\movify\backend\MovifyBackendApplication.java. Using fallback presentation compiler.
2026.04.15 14:37:09 INFO  no build target found for C:\Users\USUARIO\Desktop\Estudios\univalle\2026-1\Desarrollo II\Movify\backend\movify-backend\movify-backend\src\main\java\com\movify\backend\MovifyBackendApplication.java. Using fallback presentation compiler.
2026.04.15 14:37:09 INFO  no build target found for C:\Users\USUARIO\Desktop\Estudios\univalle\2026-1\Desarrollo II\Movify\backend\movify-backend\movify-backend\src\main\java\com\movify\backend\MovifyBackendApplication.java. Using fallback presentation compiler.
2026.04.15 14:37:11 INFO  no build target found for C:\Users\USUARIO\Desktop\Estudios\univalle\2026-1\Desarrollo II\Movify\backend\movify-backend\movify-backend\src\main\java\com\movify\backend\MovifyBackendApplication.java. Using fallback presentation compiler.
2026.04.15 14:37:11 WARN  no build target for: C:\Users\USUARIO\Desktop\Estudios\univalle\2026-1\Desarrollo II\Movify\backend\movify-backend\movify-backend\src\main\java\com\movify\backend\MovifyBackendApplication.java
2026.04.15 14:37:11 INFO  no build target found for C:\Users\USUARIO\Desktop\Estudios\univalle\2026-1\Desarrollo II\Movify\backend\movify-backend\movify-backend\src\main\java\com\movify\backend\MovifyBackendApplication.java. Using fallback presentation compiler.
2026.04.15 14:37:12 WARN  Running javac-semanticdb failed for file:///C:/Users/USUARIO/Desktop/Estudios/univalle/2026-1/Desarrollo%20II/Movify/backend/movify-backend/movify-backend/src/main/java/com/movify/backend/MovifyBackendApplication.java. Output:

2026.04.15 14:37:12 INFO  no build target found for C:\Users\USUARIO\Desktop\Estudios\univalle\2026-1\Desarrollo II\Movify\backend\movify-backend\movify-backend\src\main\java\com\movify\backend\MovifyBackendApplication.java. Using fallback presentation compiler.
2026.04.15 14:37:12 INFO  no build target found for C:\Users\USUARIO\Desktop\Estudios\univalle\2026-1\Desarrollo II\Movify\backend\movify-backend\movify-backend\src\main\java\com\movify\backend\MovifyBackendApplication.java. Using fallback presentation compiler.
2026.04.15 14:37:12 INFO  no build target found for C:\Users\USUARIO\Desktop\Estudios\univalle\2026-1\Desarrollo II\Movify\backend\movify-backend\movify-backend\src\main\java\com\movify\backend\MovifyBackendApplication.java. Using fallback presentation compiler.
2026.04.15 14:37:13 INFO  no build target found for C:\Users\USUARIO\Desktop\Estudios\univalle\2026-1\Desarrollo II\Movify\backend\movify-backend\movify-backend\src\main\java\com\movify\backend\MovifyBackendApplication.java. Using fallback presentation compiler.
2026.04.15 14:37:13 INFO  no build target found for C:\Users\USUARIO\Desktop\Estudios\univalle\2026-1\Desarrollo II\Movify\backend\movify-backend\movify-backend\src\main\java\com\movify\backend\MovifyBackendApplication.java. Using fallback presentation compiler.
2026.04.15 14:37:14 INFO  no build target found for C:\Users\USUARIO\Desktop\Estudios\univalle\2026-1\Desarrollo II\Movify\backend\movify-backend\movify-backend\src\main\java\com\movify\backend\MovifyBackendApplication.java. Using fallback presentation compiler.
2026.04.15 14:37:14 INFO  no build target found for C:\Users\USUARIO\Desktop\Estudios\univalle\2026-1\Desarrollo II\Movify\backend\movify-backend\movify-backend\src\main\java\com\movify\backend\MovifyBackendApplication.java. Using fallback presentation compiler.
2026.04.15 14:37:18 INFO  no build target found for C:\Users\USUARIO\Desktop\Estudios\univalle\2026-1\Desarrollo II\Movify\backend\movify-backend\movify-backend\src\main\java\com\movify\backend\MovifyBackendApplication.java. Using fallback presentation compiler.
2026.04.15 14:37:18 INFO  no build target found for C:\Users\USUARIO\Desktop\Estudios\univalle\2026-1\Desarrollo II\Movify\backend\movify-backend\movify-backend\src\main\java\com\movify\backend\MovifyBackendApplication.java. Using fallback presentation compiler.
2026.04.15 14:37:20 INFO  no build target found for C:\Users\USUARIO\Desktop\Estudios\univalle\2026-1\Desarrollo II\Movify\backend\movify-backend\movify-backend\src\main\java\com\movify\backend\MovifyBackendApplication.java. Using fallback presentation compiler.
2026.04.15 14:37:20 INFO  no build target found for C:\Users\USUARIO\Desktop\Estudios\univalle\2026-1\Desarrollo II\Movify\backend\movify-backend\movify-backend\src\main\java\com\movify\backend\MovifyBackendApplication.java. Using fallback presentation compiler.
2026.04.15 14:37:20 INFO  no build target found for C:\Users\USUARIO\Desktop\Estudios\univalle\2026-1\Desarrollo II\Movify\backend\movify-backend\movify-backend\src\main\java\com\movify\backend\MovifyBackendApplication.java. Using fallback presentation compiler.
2026.04.15 14:37:21 INFO  no build target found for C:\Users\USUARIO\Desktop\Estudios\univalle\2026-1\Desarrollo II\Movify\backend\movify-backend\movify-backend\src\main\java\com\movify\backend\MovifyBackendApplication.java. Using fallback presentation compiler.
2026.04.15 14:37:21 INFO  no build target found for C:\Users\USUARIO\Desktop\Estudios\univalle\2026-1\Desarrollo II\Movify\backend\movify-backend\movify-backend\src\main\java\com\movify\backend\MovifyBackendApplication.java. Using fallback presentation compiler.
2026.04.15 14:37:21 INFO  no build target found for C:\Users\USUARIO\Desktop\Estudios\univalle\2026-1\Desarrollo II\Movify\backend\movify-backend\movify-backend\src\main\java\com\movify\backend\MovifyBackendApplication.java. Using fallback presentation compiler.
2026.04.15 14:37:21 INFO  no build target found for C:\Users\USUARIO\Desktop\Estudios\univalle\2026-1\Desarrollo II\Movify\backend\movify-backend\movify-backend\src\main\java\com\movify\backend\MovifyBackendApplication.java. Using fallback presentation compiler.
2026.04.15 14:37:21 INFO  no build target found for C:\Users\USUARIO\Desktop\Estudios\univalle\2026-1\Desarrollo II\Movify\backend\movify-backend\movify-backend\src\main\java\com\movify\backend\MovifyBackendApplication.java. Using fallback presentation compiler.
2026.04.15 14:37:22 INFO  no build target found for C:\Users\USUARIO\Desktop\Estudios\univalle\2026-1\Desarrollo II\Movify\backend\movify-backend\movify-backend\src\main\java\com\movify\backend\MovifyBackendApplication.java. Using fallback presentation compiler.
2026.04.15 14:37:22 INFO  QDox parse error in file:///C:/Users/USUARIO/Desktop/Estudios/univalle/2026-1/Desarrollo%20II/Movify/backend/movify-backend/movify-backend/src/main/java/com/movify/backend/MovifyBackendApplication.java (full report at: "C:\Users\USUARIO\Desktop\Estudios\univalle\2026-1\Desarrollo II\Movify\backend\movify-backend\movify-backend\.metals\.reports\metals-full\2026-04-15\r_qdox-error_09-08-29-953.md")
2026.04.15 14:37:22 WARN  no build target for: C:\Users\USUARIO\Desktop\Estudios\univalle\2026-1\Desarrollo II\Movify\backend\movify-backend\movify-backend\src\main\java\com\movify\backend\MovifyBackendApplication.java
2026.04.15 14:37:22 INFO  no build target found for C:\Users\USUARIO\Desktop\Estudios\univalle\2026-1\Desarrollo II\Movify\backend\movify-backend\movify-backend\src\main\java\com\movify\backend\MovifyBackendApplication.java. Using fallback presentation compiler.
2026.04.15 14:37:23 WARN  Running javac-semanticdb failed for file:///C:/Users/USUARIO/Desktop/Estudios/univalle/2026-1/Desarrollo%20II/Movify/backend/movify-backend/movify-backend/src/main/java/com/movify/backend/MovifyBackendApplication.java. Output:

2026.04.15 14:37:22 INFO  no build target found for C:\Users\USUARIO\Desktop\Estudios\univalle\2026-1\Desarrollo II\Movify\backend\movify-backend\movify-backend\src\main\java\com\movify\backend\MovifyBackendApplication.java. Using fallback presentation compiler.
2026.04.15 14:37:24 INFO  no build target found for C:\Users\USUARIO\Desktop\Estudios\univalle\2026-1\Desarrollo II\Movify\backend\movify-backend\movify-backend\src\main\java\com\movify\backend\MovifyBackendApplication.java. Using fallback presentation compiler.
2026.04.15 14:37:24 INFO  no build target found for C:\Users\USUARIO\Desktop\Estudios\univalle\2026-1\Desarrollo II\Movify\backend\movify-backend\movify-backend\src\main\java\com\movify\backend\MovifyBackendApplication.java. Using fallback presentation compiler.
2026.04.15 14:37:24 INFO  no build target found for C:\Users\USUARIO\Desktop\Estudios\univalle\2026-1\Desarrollo II\Movify\backend\movify-backend\movify-backend\src\main\java\com\movify\backend\MovifyBackendApplication.java. Using fallback presentation compiler.
2026.04.15 14:37:24 INFO  no build target found for C:\Users\USUARIO\Desktop\Estudios\univalle\2026-1\Desarrollo II\Movify\backend\movify-backend\movify-backend\src\main\java\com\movify\backend\MovifyBackendApplication.java. Using fallback presentation compiler.
2026.04.15 14:37:24 INFO  no build target found for C:\Users\USUARIO\Desktop\Estudios\univalle\2026-1\Desarrollo II\Movify\backend\movify-backend\movify-backend\src\main\java\com\movify\backend\MovifyBackendApplication.java. Using fallback presentation compiler.
2026.04.15 14:37:25 INFO  no build target found for C:\Users\USUARIO\Desktop\Estudios\univalle\2026-1\Desarrollo II\Movify\backend\movify-backend\movify-backend\src\main\java\com\movify\backend\MovifyBackendApplication.java. Using fallback presentation compiler.
2026.04.15 14:37:25 WARN  no build target for: C:\Users\USUARIO\Desktop\Estudios\univalle\2026-1\Desarrollo II\Movify\backend\movify-backend\movify-backend\src\main\java\com\movify\backend\MovifyBackendApplication.java
2026.04.15 14:37:25 INFO  QDox parse error in file:///C:/Users/USUARIO/Desktop/Estudios/univalle/2026-1/Desarrollo%20II/Movify/backend/movify-backend/movify-backend/src/main/java/com/movify/backend/MovifyBackendApplication.java (full report at: "C:\Users\USUARIO\Desktop\Estudios\univalle\2026-1\Desarrollo II\Movify\backend\movify-backend\movify-backend\.metals\.reports\metals-full\2026-04-15\r_qdox-error_09-08-29-953.md")
2026.04.15 14:37:25 INFO  no build target found for C:\Users\USUARIO\Desktop\Estudios\univalle\2026-1\Desarrollo II\Movify\backend\movify-backend\movify-backend\src\main\java\com\movify\backend\MovifyBackendApplication.java. Using fallback presentation compiler.
2026.04.15 14:37:25 WARN  Running javac-semanticdb failed for file:///C:/Users/USUARIO/Desktop/Estudios/univalle/2026-1/Desarrollo%20II/Movify/backend/movify-backend/movify-backend/src/main/java/com/movify/backend/MovifyBackendApplication.java. Output:

2026.04.15 14:37:25 INFO  no build target found for C:\Users\USUARIO\Desktop\Estudios\univalle\2026-1\Desarrollo II\Movify\backend\movify-backend\movify-backend\src\main\java\com\movify\backend\MovifyBackendApplication.java. Using fallback presentation compiler.
2026.04.15 14:37:26 INFO  no build target found for C:\Users\USUARIO\Desktop\Estudios\univalle\2026-1\Desarrollo II\Movify\backend\movify-backend\movify-backend\src\main\java\com\movify\backend\MovifyBackendApplication.java. Using fallback presentation compiler.
2026.04.15 14:37:26 INFO  no build target found for C:\Users\USUARIO\Desktop\Estudios\univalle\2026-1\Desarrollo II\Movify\backend\movify-backend\movify-backend\src\main\java\com\movify\backend\MovifyBackendApplication.java. Using fallback presentation compiler.
abr 15, 2026 2:37:27 P. M. org.eclipse.lsp4j.jsonrpc.RemoteEndpoint handleCancellation
WARNING: Unmatched cancel notification for request id 341
2026.04.15 14:37:26 INFO  no build target found for C:\Users\USUARIO\Desktop\Estudios\univalle\2026-1\Desarrollo II\Movify\backend\movify-backend\movify-backend\src\main\java\com\movify\backend\MovifyBackendApplication.java. Using fallback presentation compiler.
2026.04.15 14:37:26 INFO  no build target found for C:\Users\USUARIO\Desktop\Estudios\univalle\2026-1\Desarrollo II\Movify\backend\movify-backend\movify-backend\src\main\java\com\movify\backend\MovifyBackendApplication.java. Using fallback presentation compiler.
2026.04.15 14:37:26 INFO  no build target found for C:\Users\USUARIO\Desktop\Estudios\univalle\2026-1\Desarrollo II\Movify\backend\movify-backend\movify-backend\src\main\java\com\movify\backend\MovifyBackendApplication.java. Using fallback presentation compiler.
2026.04.15 14:37:27 INFO  no build target found for C:\Users\USUARIO\Desktop\Estudios\univalle\2026-1\Desarrollo II\Movify\backend\movify-backend\movify-backend\src\main\java\com\movify\backend\MovifyBackendApplication.java. Using fallback presentation compiler.
2026.04.15 14:37:28 INFO  no build target found for C:\Users\USUARIO\Desktop\Estudios\univalle\2026-1\Desarrollo II\Movify\backend\movify-backend\movify-backend\src\main\java\com\movify\backend\MovifyBackendApplication.java. Using fallback presentation compiler.
2026.04.15 14:37:28 INFO  no build target found for C:\Users\USUARIO\Desktop\Estudios\univalle\2026-1\Desarrollo II\Movify\backend\movify-backend\movify-backend\src\main\java\com\movify\backend\MovifyBackendApplication.java. Using fallback presentation compiler.
2026.04.15 14:37:28 WARN  no build target for: C:\Users\USUARIO\Desktop\Estudios\univalle\2026-1\Desarrollo II\Movify\backend\movify-backend\movify-backend\src\main\java\com\movify\backend\MovifyBackendApplication.java
2026.04.15 14:37:28 INFO  QDox parse error in file:///C:/Users/USUARIO/Desktop/Estudios/univalle/2026-1/Desarrollo%20II/Movify/backend/movify-backend/movify-backend/src/main/java/com/movify/backend/MovifyBackendApplication.java (full report at: "C:\Users\USUARIO\Desktop\Estudios\univalle\2026-1\Desarrollo II\Movify\backend\movify-backend\movify-backend\.metals\.reports\metals-full\2026-04-15\r_qdox-error_09-08-29-953.md")
2026.04.15 14:37:28 WARN  Running javac-semanticdb failed for file:///C:/Users/USUARIO/Desktop/Estudios/univalle/2026-1/Desarrollo%20II/Movify/backend/movify-backend/movify-backend/src/main/java/com/movify/backend/MovifyBackendApplication.java. Output:

2026.04.15 14:37:27 INFO  no build target found for C:\Users\USUARIO\Desktop\Estudios\univalle\2026-1\Desarrollo II\Movify\backend\movify-backend\movify-backend\src\main\java\com\movify\backend\MovifyBackendApplication.java. Using fallback presentation compiler.
2026.04.15 14:37:28 INFO  no build target found for C:\Users\USUARIO\Desktop\Estudios\univalle\2026-1\Desarrollo II\Movify\backend\movify-backend\movify-backend\src\main\java\com\movify\backend\MovifyBackendApplication.java. Using fallback presentation compiler.
2026.04.15 14:37:29 INFO  no build target found for C:\Users\USUARIO\Desktop\Estudios\univalle\2026-1\Desarrollo II\Movify\backend\movify-backend\movify-backend\src\main\java\com\movify\backend\MovifyBackendApplication.java. Using fallback presentation compiler.
2026.04.15 14:37:29 INFO  no build target found for C:\Users\USUARIO\Desktop\Estudios\univalle\2026-1\Desarrollo II\Movify\backend\movify-backend\movify-backend\src\main\java\com\movify\backend\MovifyBackendApplication.java. Using fallback presentation compiler.
2026.04.15 14:37:29 INFO  no build target found for C:\Users\USUARIO\Desktop\Estudios\univalle\2026-1\Desarrollo II\Movify\backend\movify-backend\movify-backend\src\main\java\com\movify\backend\MovifyBackendApplication.java. Using fallback presentation compiler.
2026.04.15 14:37:29 INFO  no build target found for C:\Users\USUARIO\Desktop\Estudios\univalle\2026-1\Desarrollo II\Movify\backend\movify-backend\movify-backend\src\main\java\com\movify\backend\MovifyBackendApplication.java. Using fallback presentation compiler.
2026.04.15 14:37:29 INFO  no build target found for C:\Users\USUARIO\Desktop\Estudios\univalle\2026-1\Desarrollo II\Movify\backend\movify-backend\movify-backend\src\main\java\com\movify\backend\MovifyBackendApplication.java. Using fallback presentation compiler.
2026.04.15 14:37:29 INFO  no build target found for C:\Users\USUARIO\Desktop\Estudios\univalle\2026-1\Desarrollo II\Movify\backend\movify-backend\movify-backend\src\main\java\com\movify\backend\MovifyBackendApplication.java. Using fallback presentation compiler.
abr 15, 2026 2:37:30 P. M. org.eclipse.lsp4j.jsonrpc.RemoteEndpoint handleCancellation
WARNING: Unmatched cancel notification for request id 363
2026.04.15 14:37:29 INFO  no build target found for C:\Users\USUARIO\Desktop\Estudios\univalle\2026-1\Desarrollo II\Movify\backend\movify-backend\movify-backend\src\main\java\com\movify\backend\MovifyBackendApplication.java. Using fallback presentation compiler.
2026.04.15 14:37:30 INFO  no build target found for C:\Users\USUARIO\Desktop\Estudios\univalle\2026-1\Desarrollo II\Movify\backend\movify-backend\movify-backend\src\main\java\com\movify\backend\MovifyBackendApplication.java. Using fallback presentation compiler.
2026.04.15 14:37:30 INFO  no build target found for C:\Users\USUARIO\Desktop\Estudios\univalle\2026-1\Desarrollo II\Movify\backend\movify-backend\movify-backend\src\main\java\com\movify\backend\MovifyBackendApplication.java. Using fallback presentation compiler.
2026.04.15 14:37:30 INFO  no build target found for C:\Users\USUARIO\Desktop\Estudios\univalle\2026-1\Desarrollo II\Movify\backend\movify-backend\movify-backend\src\main\java\com\movify\backend\MovifyBackendApplication.java. Using fallback presentation compiler.
2026.04.15 14:37:30 INFO  no build target found for C:\Users\USUARIO\Desktop\Estudios\univalle\2026-1\Desarrollo II\Movify\backend\movify-backend\movify-backend\src\main\java\com\movify\backend\MovifyBackendApplication.java. Using fallback presentation compiler.
2026.04.15 14:37:30 INFO  no build target found for C:\Users\USUARIO\Desktop\Estudios\univalle\2026-1\Desarrollo II\Movify\backend\movify-backend\movify-backend\src\main\java\com\movify\backend\MovifyBackendApplication.java. Using fallback presentation compiler.
2026.04.15 14:37:30 INFO  no build target found for C:\Users\USUARIO\Desktop\Estudios\univalle\2026-1\Desarrollo II\Movify\backend\movify-backend\movify-backend\src\main\java\com\movify\backend\MovifyBackendApplication.java. Using fallback presentation compiler.
2026.04.15 14:37:30 INFO  no build target found for C:\Users\USUARIO\Desktop\Estudios\univalle\2026-1\Desarrollo II\Movify\backend\movify-backend\movify-backend\src\main\java\com\movify\backend\MovifyBackendApplication.java. Using fallback presentation compiler.
2026.04.15 14:37:31 INFO  no build target found for C:\Users\USUARIO\Desktop\Estudios\univalle\2026-1\Desarrollo II\Movify\backend\movify-backend\movify-backend\src\main\java\com\movify\backend\MovifyBackendApplication.java. Using fallback presentation compiler.
2026.04.15 14:37:31 INFO  no build target found for C:\Users\USUARIO\Desktop\Estudios\univalle\2026-1\Desarrollo II\Movify\backend\movify-backend\movify-backend\src\main\java\com\movify\backend\MovifyBackendApplication.java. Using fallback presentation compiler.
2026.04.15 14:37:31 WARN  no build target for: C:\Users\USUARIO\Desktop\Estudios\univalle\2026-1\Desarrollo II\Movify\backend\movify-backend\movify-backend\src\main\java\com\movify\backend\MovifyBackendApplication.java
2026.04.15 14:37:31 INFO  no build target found for C:\Users\USUARIO\Desktop\Estudios\univalle\2026-1\Desarrollo II\Movify\backend\movify-backend\movify-backend\src\main\java\com\movify\backend\MovifyBackendApplication.java. Using fallback presentation compiler.
2026.04.15 14:37:31 INFO  QDox parse error in file:///C:/Users/USUARIO/Desktop/Estudios/univalle/2026-1/Desarrollo%20II/Movify/backend/movify-backend/movify-backend/src/main/java/com/movify/backend/MovifyBackendApplication.java (full report at: "C:\Users\USUARIO\Desktop\Estudios\univalle\2026-1\Desarrollo II\Movify\backend\movify-backend\movify-backend\.metals\.reports\metals-full\2026-04-15\r_qdox-error_09-08-29-953.md")
2026.04.15 14:37:31 WARN  Running javac-semanticdb failed for file:///C:/Users/USUARIO/Desktop/Estudios/univalle/2026-1/Desarrollo%20II/Movify/backend/movify-backend/movify-backend/src/main/java/com/movify/backend/MovifyBackendApplication.java. Output:

2026.04.15 14:37:31 INFO  no build target found for C:\Users\USUARIO\Desktop\Estudios\univalle\2026-1\Desarrollo II\Movify\backend\movify-backend\movify-backend\src\main\java\com\movify\backend\MovifyBackendApplication.java. Using fallback presentation compiler.
2026.04.15 14:37:31 INFO  no build target found for C:\Users\USUARIO\Desktop\Estudios\univalle\2026-1\Desarrollo II\Movify\backend\movify-backend\movify-backend\src\main\java\com\movify\backend\MovifyBackendApplication.java. Using fallback presentation compiler.
2026.04.15 14:37:32 INFO  no build target found for C:\Users\USUARIO\Desktop\Estudios\univalle\2026-1\Desarrollo II\Movify\backend\movify-backend\movify-backend\src\main\java\com\movify\backend\MovifyBackendApplication.java. Using fallback presentation compiler.
2026.04.15 14:37:31 INFO  no build target found for C:\Users\USUARIO\Desktop\Estudios\univalle\2026-1\Desarrollo II\Movify\backend\movify-backend\movify-backend\src\main\java\com\movify\backend\MovifyBackendApplication.java. Using fallback presentation compiler.
abr 15, 2026 2:37:32 P. M. org.eclipse.lsp4j.jsonrpc.RemoteEndpoint handleCancellation
WARNING: Unmatched cancel notification for request id 386
2026.04.15 14:37:32 INFO  no build target found for C:\Users\USUARIO\Desktop\Estudios\univalle\2026-1\Desarrollo II\Movify\backend\movify-backend\movify-backend\src\main\java\com\movify\backend\MovifyBackendApplication.java. Using fallback presentation compiler.
2026.04.15 14:37:32 INFO  no build target found for C:\Users\USUARIO\Desktop\Estudios\univalle\2026-1\Desarrollo II\Movify\backend\movify-backend\movify-backend\src\main\java\com\movify\backend\MovifyBackendApplication.java. Using fallback presentation compiler.
2026.04.15 14:37:33 WARN  no build target for: C:\Users\USUARIO\Desktop\Estudios\univalle\2026-1\Desarrollo II\Movify\backend\movify-backend\movify-backend\src\main\java\com\movify\backend\MovifyBackendApplication.java
2026.04.15 14:37:33 INFO  QDox parse error in file:///C:/Users/USUARIO/Desktop/Estudios/univalle/2026-1/Desarrollo%20II/Movify/backend/movify-backend/movify-backend/src/main/java/com/movify/backend/MovifyBackendApplication.java (full report at: "C:\Users\USUARIO\Desktop\Estudios\univalle\2026-1\Desarrollo II\Movify\backend\movify-backend\movify-backend\.metals\.reports\metals-full\2026-04-15\r_qdox-error_09-08-29-953.md")
2026.04.15 14:37:33 INFO  no build target found for C:\Users\USUARIO\Desktop\Estudios\univalle\2026-1\Desarrollo II\Movify\backend\movify-backend\movify-backend\src\main\java\com\movify\backend\MovifyBackendApplication.java. Using fallback presentation compiler.
2026.04.15 14:37:33 WARN  Running javac-semanticdb failed for file:///C:/Users/USUARIO/Desktop/Estudios/univalle/2026-1/Desarrollo%20II/Movify/backend/movify-backend/movify-backend/src/main/java/com/movify/backend/MovifyBackendApplication.java. Output:

2026.04.15 14:37:33 INFO  no build target found for C:\Users\USUARIO\Desktop\Estudios\univalle\2026-1\Desarrollo II\Movify\backend\movify-backend\movify-backend\src\main\java\com\movify\backend\MovifyBackendApplication.java. Using fallback presentation compiler.
2026.04.15 14:37:35 INFO  no build target found for C:\Users\USUARIO\Desktop\Estudios\univalle\2026-1\Desarrollo II\Movify\backend\movify-backend\movify-backend\src\main\java\com\movify\backend\MovifyBackendApplication.java. Using fallback presentation compiler.
2026.04.15 14:37:35 INFO  no build target found for C:\Users\USUARIO\Desktop\Estudios\univalle\2026-1\Desarrollo II\Movify\backend\movify-backend\movify-backend\src\main\java\com\movify\backend\MovifyBackendApplication.java. Using fallback presentation compiler.
2026.04.15 14:37:35 INFO  no build target found for C:\Users\USUARIO\Desktop\Estudios\univalle\2026-1\Desarrollo II\Movify\backend\movify-backend\movify-backend\src\main\java\com\movify\backend\MovifyBackendApplication.java. Using fallback presentation compiler.
2026.04.15 14:37:36 INFO  no build target found for C:\Users\USUARIO\Desktop\Estudios\univalle\2026-1\Desarrollo II\Movify\backend\movify-backend\movify-backend\src\main\java\com\movify\backend\MovifyBackendApplication.java. Using fallback presentation compiler.
2026.04.15 14:37:36 INFO  no build target found for C:\Users\USUARIO\Desktop\Estudios\univalle\2026-1\Desarrollo II\Movify\backend\movify-backend\movify-backend\src\main\java\com\movify\backend\MovifyBackendApplication.java. Using fallback presentation compiler.
2026.04.15 14:37:36 INFO  no build target found for C:\Users\USUARIO\Desktop\Estudios\univalle\2026-1\Desarrollo II\Movify\backend\movify-backend\movify-backend\src\main\java\com\movify\backend\MovifyBackendApplication.java. Using fallback presentation compiler.
2026.04.15 14:37:36 INFO  no build target found for C:\Users\USUARIO\Desktop\Estudios\univalle\2026-1\Desarrollo II\Movify\backend\movify-backend\movify-backend\src\main\java\com\movify\backend\MovifyBackendApplication.java. Using fallback presentation compiler.
2026.04.15 14:37:36 INFO  no build target found for C:\Users\USUARIO\Desktop\Estudios\univalle\2026-1\Desarrollo II\Movify\backend\movify-backend\movify-backend\src\main\java\com\movify\backend\MovifyBackendApplication.java. Using fallback presentation compiler.
2026.04.15 14:37:36 INFO  no build target found for C:\Users\USUARIO\Desktop\Estudios\univalle\2026-1\Desarrollo II\Movify\backend\movify-backend\movify-backend\src\main\java\com\movify\backend\MovifyBackendApplication.java. Using fallback presentation compiler.
2026.04.15 14:37:37 WARN  no build target for: C:\Users\USUARIO\Desktop\Estudios\univalle\2026-1\Desarrollo II\Movify\backend\movify-backend\movify-backend\src\main\java\com\movify\backend\MovifyBackendApplication.java
2026.04.15 14:37:37 INFO  QDox parse error in file:///C:/Users/USUARIO/Desktop/Estudios/univalle/2026-1/Desarrollo%20II/Movify/backend/movify-backend/movify-backend/src/main/java/com/movify/backend/MovifyBackendApplication.java (full report at: "C:\Users\USUARIO\Desktop\Estudios\univalle\2026-1\Desarrollo II\Movify\backend\movify-backend\movify-backend\.metals\.reports\metals-full\2026-04-15\r_qdox-error_09-08-29-953.md")
2026.04.15 14:37:36 INFO  no build target found for C:\Users\USUARIO\Desktop\Estudios\univalle\2026-1\Desarrollo II\Movify\backend\movify-backend\movify-backend\src\main\java\com\movify\backend\MovifyBackendApplication.java. Using fallback presentation compiler.
2026.04.15 14:37:37 WARN  Running javac-semanticdb failed for file:///C:/Users/USUARIO/Desktop/Estudios/univalle/2026-1/Desarrollo%20II/Movify/backend/movify-backend/movify-backend/src/main/java/com/movify/backend/MovifyBackendApplication.java. Output:

2026.04.15 14:37:37 INFO  no build target found for C:\Users\USUARIO\Desktop\Estudios\univalle\2026-1\Desarrollo II\Movify\backend\movify-backend\movify-backend\src\main\java\com\movify\backend\MovifyBackendApplication.java. Using fallback presentation compiler.
2026.04.15 14:37:37 INFO  no build target found for C:\Users\USUARIO\Desktop\Estudios\univalle\2026-1\Desarrollo II\Movify\backend\movify-backend\movify-backend\src\main\java\com\movify\backend\MovifyBackendApplication.java. Using fallback presentation compiler.
2026.04.15 14:37:39 INFO  no build target found for C:\Users\USUARIO\Desktop\Estudios\univalle\2026-1\Desarrollo II\Movify\backend\movify-backend\movify-backend\src\main\java\com\movify\backend\MovifyBackendApplication.java. Using fallback presentation compiler.
2026.04.15 14:37:39 INFO  no build target found for C:\Users\USUARIO\Desktop\Estudios\univalle\2026-1\Desarrollo II\Movify\backend\movify-backend\movify-backend\src\main\java\com\movify\backend\MovifyBackendApplication.java. Using fallback presentation compiler.
2026.04.15 14:37:39 INFO  no build target found for C:\Users\USUARIO\Desktop\Estudios\univalle\2026-1\Desarrollo II\Movify\backend\movify-backend\movify-backend\src\main\java\com\movify\backend\MovifyBackendApplication.java. Using fallback presentation compiler.
2026.04.15 14:37:39 INFO  no build target found for C:\Users\USUARIO\Desktop\Estudios\univalle\2026-1\Desarrollo II\Movify\backend\movify-backend\movify-backend\src\main\java\com\movify\backend\MovifyBackendApplication.java. Using fallback presentation compiler.
2026.04.15 14:37:40 WARN  no build target for: C:\Users\USUARIO\Desktop\Estudios\univalle\2026-1\Desarrollo II\Movify\backend\movify-backend\movify-backend\src\main\java\com\movify\backend\MovifyBackendApplication.java
2026.04.15 14:37:40 INFO  QDox parse error in file:///C:/Users/USUARIO/Desktop/Estudios/univalle/2026-1/Desarrollo%20II/Movify/backend/movify-backend/movify-backend/src/main/java/com/movify/backend/MovifyBackendApplication.java (full report at: "C:\Users\USUARIO\Desktop\Estudios\univalle\2026-1\Desarrollo II\Movify\backend\movify-backend\movify-backend\.metals\.reports\metals-full\2026-04-15\r_qdox-error_09-08-29-953.md")
2026.04.15 14:37:40 INFO  no build target found for C:\Users\USUARIO\Desktop\Estudios\univalle\2026-1\Desarrollo II\Movify\backend\movify-backend\movify-backend\src\main\java\com\movify\backend\MovifyBackendApplication.java. Using fallback presentation compiler.
2026.04.15 14:37:40 WARN  Running javac-semanticdb failed for file:///C:/Users/USUARIO/Desktop/Estudios/univalle/2026-1/Desarrollo%20II/Movify/backend/movify-backend/movify-backend/src/main/java/com/movify/backend/MovifyBackendApplication.java. Output:

2026.04.15 14:37:41 INFO  no build target found for C:\Users\USUARIO\Desktop\Estudios\univalle\2026-1\Desarrollo II\Movify\backend\movify-backend\movify-backend\src\main\java\com\movify\backend\MovifyBackendApplication.java. Using fallback presentation compiler.
2026.04.15 14:37:41 INFO  no build target found for C:\Users\USUARIO\Desktop\Estudios\univalle\2026-1\Desarrollo II\Movify\backend\movify-backend\movify-backend\src\main\java\com\movify\backend\MovifyBackendApplication.java. Using fallback presentation compiler.
2026.04.15 14:37:41 INFO  no build target found for C:\Users\USUARIO\Desktop\Estudios\univalle\2026-1\Desarrollo II\Movify\backend\movify-backend\movify-backend\src\main\java\com\movify\backend\MovifyBackendApplication.java. Using fallback presentation compiler.
2026.04.15 14:37:41 INFO  no build target found for C:\Users\USUARIO\Desktop\Estudios\univalle\2026-1\Desarrollo II\Movify\backend\movify-backend\movify-backend\src\main\java\com\movify\backend\MovifyBackendApplication.java. Using fallback presentation compiler.
2026.04.15 14:37:41 INFO  no build target found for C:\Users\USUARIO\Desktop\Estudios\univalle\2026-1\Desarrollo II\Movify\backend\movify-backend\movify-backend\src\main\java\com\movify\backend\MovifyBackendApplication.java. Using fallback presentation compiler.
2026.04.15 14:37:41 INFO  no build target found for C:\Users\USUARIO\Desktop\Estudios\univalle\2026-1\Desarrollo II\Movify\backend\movify-backend\movify-backend\src\main\java\com\movify\backend\MovifyBackendApplication.java. Using fallback presentation compiler.
2026.04.15 14:37:41 INFO  no build target found for C:\Users\USUARIO\Desktop\Estudios\univalle\2026-1\Desarrollo II\Movify\backend\movify-backend\movify-backend\src\main\java\com\movify\backend\MovifyBackendApplication.java. Using fallback presentation compiler.
2026.04.15 14:37:42 INFO  no build target found for C:\Users\USUARIO\Desktop\Estudios\univalle\2026-1\Desarrollo II\Movify\backend\movify-backend\movify-backend\src\main\java\com\movify\backend\MovifyBackendApplication.java. Using fallback presentation compiler.
2026.04.15 14:37:41 INFO  no build target found for C:\Users\USUARIO\Desktop\Estudios\univalle\2026-1\Desarrollo II\Movify\backend\movify-backend\movify-backend\src\main\java\com\movify\backend\MovifyBackendApplication.java. Using fallback presentation compiler.
2026.04.15 14:37:42 INFO  no build target found for C:\Users\USUARIO\Desktop\Estudios\univalle\2026-1\Desarrollo II\Movify\backend\movify-backend\movify-backend\src\main\java\com\movify\backend\MovifyBackendApplication.java. Using fallback presentation compiler.
2026.04.15 14:37:42 INFO  no build target found for C:\Users\USUARIO\Desktop\Estudios\univalle\2026-1\Desarrollo II\Movify\backend\movify-backend\movify-backend\src\main\java\com\movify\backend\MovifyBackendApplication.java. Using fallback presentation compiler.
abr 15, 2026 2:37:42 P. M. org.eclipse.lsp4j.jsonrpc.RemoteEndpoint handleCancellation
WARNING: Unmatched cancel notification for request id 435
2026.04.15 14:37:42 INFO  no build target found for C:\Users\USUARIO\Desktop\Estudios\univalle\2026-1\Desarrollo II\Movify\backend\movify-backend\movify-backend\src\main\java\com\movify\backend\MovifyBackendApplication.java. Using fallback presentation compiler.
2026.04.15 14:37:43 INFO  no build target found for C:\Users\USUARIO\Desktop\Estudios\univalle\2026-1\Desarrollo II\Movify\backend\movify-backend\movify-backend\src\main\java\com\movify\backend\MovifyBackendApplication.java. Using fallback presentation compiler.
2026.04.15 14:37:43 INFO  no build target found for C:\Users\USUARIO\Desktop\Estudios\univalle\2026-1\Desarrollo II\Movify\backend\movify-backend\movify-backend\src\main\java\com\movify\backend\MovifyBackendApplication.java. Using fallback presentation compiler.
2026.04.15 14:37:43 WARN  no build target for: C:\Users\USUARIO\Desktop\Estudios\univalle\2026-1\Desarrollo II\Movify\backend\movify-backend\movify-backend\src\main\java\com\movify\backend\MovifyBackendApplication.java
2026.04.15 14:37:43 INFO  QDox parse error in file:///C:/Users/USUARIO/Desktop/Estudios/univalle/2026-1/Desarrollo%20II/Movify/backend/movify-backend/movify-backend/src/main/java/com/movify/backend/MovifyBackendApplication.java (full report at: "C:\Users\USUARIO\Desktop\Estudios\univalle\2026-1\Desarrollo II\Movify\backend\movify-backend\movify-backend\.metals\.reports\metals-full\2026-04-15\r_qdox-error_09-08-29-953.md")
2026.04.15 14:37:43 INFO  no build target found for C:\Users\USUARIO\Desktop\Estudios\univalle\2026-1\Desarrollo II\Movify\backend\movify-backend\movify-backend\src\main\java\com\movify\backend\MovifyBackendApplication.java. Using fallback presentation compiler.
2026.04.15 14:37:43 WARN  Running javac-semanticdb failed for file:///C:/Users/USUARIO/Desktop/Estudios/univalle/2026-1/Desarrollo%20II/Movify/backend/movify-backend/movify-backend/src/main/java/com/movify/backend/MovifyBackendApplication.java. Output:

2026.04.15 14:37:43 INFO  no build target found for C:\Users\USUARIO\Desktop\Estudios\univalle\2026-1\Desarrollo II\Movify\backend\movify-backend\movify-backend\src\main\java\com\movify\backend\MovifyBackendApplication.java. Using fallback presentation compiler.
2026.04.15 14:37:45 INFO  no build target found for C:\Users\USUARIO\Desktop\Estudios\univalle\2026-1\Desarrollo II\Movify\backend\movify-backend\movify-backend\src\main\java\com\movify\backend\MovifyBackendApplication.java. Using fallback presentation compiler.
2026.04.15 14:37:45 INFO  no build target found for C:\Users\USUARIO\Desktop\Estudios\univalle\2026-1\Desarrollo II\Movify\backend\movify-backend\movify-backend\src\main\java\com\movify\backend\MovifyBackendApplication.java. Using fallback presentation compiler.
2026.04.15 14:37:46 INFO  no build target found for C:\Users\USUARIO\Desktop\Estudios\univalle\2026-1\Desarrollo II\Movify\backend\movify-backend\movify-backend\src\main\java\com\movify\backend\MovifyBackendApplication.java. Using fallback presentation compiler.
2026.04.15 14:37:48 INFO  no build target found for C:\Users\USUARIO\Desktop\Estudios\univalle\2026-1\Desarrollo II\Movify\backend\movify-backend\movify-backend\src\main\java\com\movify\backend\MovifyBackendApplication.java. Using fallback presentation compiler.
2026.04.15 14:37:48 INFO  no build target found for C:\Users\USUARIO\Desktop\Estudios\univalle\2026-1\Desarrollo II\Movify\backend\movify-backend\movify-backend\src\main\java\com\movify\backend\MovifyBackendApplication.java. Using fallback presentation compiler.
abr 15, 2026 2:37:48 P. M. org.eclipse.lsp4j.jsonrpc.RemoteEndpoint handleCancellation
WARNING: Unmatched cancel notification for request id 450
2026.04.15 14:37:51 INFO  QDox parse error in file:///C:/Users/USUARIO/Desktop/Estudios/univalle/2026-1/Desarrollo%20II/Movify/backend/movify-backend/movify-backend/src/main/java/com/movify/backend/MovifyBackendApplication.java (full report at: "C:\Users\USUARIO\Desktop\Estudios\univalle\2026-1\Desarrollo II\Movify\backend\movify-backend\movify-backend\.metals\.reports\metals-full\2026-04-15\r_qdox-error_09-08-29-953.md")
2026.04.15 14:37:51 INFO  QDox parse error in file:///C:/Users/USUARIO/Desktop/Estudios/univalle/2026-1/Desarrollo%20II/Movify/backend/movify-backend/movify-backend/src/main/java/com/movify/backend/MovifyBackendApplication.java (full report at: "C:\Users\USUARIO\Desktop\Estudios\univalle\2026-1\Desarrollo II\Movify\backend\movify-backend\movify-backend\.metals\.reports\metals-full\2026-04-15\r_qdox-error_09-08-29-953.md")
2026.04.15 14:37:51 INFO  no build target found for C:\Users\USUARIO\Desktop\Estudios\univalle\2026-1\Desarrollo II\Movify\backend\movify-backend\movify-backend\src\main\java\com\movify\backend\MovifyBackendApplication.java. Using fallback presentation compiler.
2026.04.15 14:37:51 INFO  Created report: Optional[file:///C:/Users/USUARIO/Desktop/Estudios/univalle/2026-1/Desarrollo%20II/Movify/backend/movify-backend/movify-backend/src/main/java/com/movify/backend/MovifyBackendApplication.java]
2026.04.15 14:37:51 INFO  empty definition using pc, found symbol in pc: org/springframework/boot/autoconfigure/SpringBootApplication# (full report at: "C:\Users\USUARIO\Desktop\Estudios\univalle\2026-1\Desarrollo II\Movify\backend\movify-backend\movify-backend\.metals\.reports\metals-full\2026-04-15\r_empty-definition_14-37-51-756.md")
2026.04.15 14:37:52 INFO  no build target found for C:\Users\USUARIO\Desktop\Estudios\univalle\2026-1\Desarrollo II\Movify\backend\movify-backend\movify-backend\src\main\java\com\movify\backend\MovifyBackendApplication.java. Using fallback presentation compiler.
2026.04.15 14:37:52 INFO  no build target found for C:\Users\USUARIO\Desktop\Estudios\univalle\2026-1\Desarrollo II\Movify\backend\movify-backend\movify-backend\src\main\java\com\movify\backend\MovifyBackendApplication.java. Using fallback presentation compiler.
2026.04.15 14:37:53 INFO  no build target found for C:\Users\USUARIO\Desktop\Estudios\univalle\2026-1\Desarrollo II\Movify\backend\movify-backend\movify-backend\src\main\java\com\movify\backend\MovifyBackendApplication.java. Using fallback presentation compiler.
2026.04.15 14:37:53 WARN  no build target for: C:\Users\USUARIO\Desktop\Estudios\univalle\2026-1\Desarrollo II\Movify\backend\movify-backend\movify-backend\src\main\java\com\movify\backend\MovifyBackendApplication.java
2026.04.15 14:37:53 WARN  Running javac-semanticdb failed for file:///C:/Users/USUARIO/Desktop/Estudios/univalle/2026-1/Desarrollo%20II/Movify/backend/movify-backend/movify-backend/src/main/java/com/movify/backend/MovifyBackendApplication.java. Output:

2026.04.15 14:37:52 INFO  no build target found for C:\Users\USUARIO\Desktop\Estudios\univalle\2026-1\Desarrollo II\Movify\backend\movify-backend\movify-backend\src\main\java\com\movify\backend\MovifyBackendApplication.java. Using fallback presentation compiler.
2026.04.15 14:37:54 INFO  no build target found for C:\Users\USUARIO\Desktop\Estudios\univalle\2026-1\Desarrollo II\Movify\backend\movify-backend\movify-backend\src\main\java\com\movify\backend\MovifyBackendApplication.java. Using fallback presentation compiler.
2026.04.15 14:37:54 INFO  no build target found for C:\Users\USUARIO\Desktop\Estudios\univalle\2026-1\Desarrollo II\Movify\backend\movify-backend\movify-backend\src\main\java\com\movify\backend\MovifyBackendApplication.java. Using fallback presentation compiler.
2026.04.15 14:37:54 INFO  no build target found for C:\Users\USUARIO\Desktop\Estudios\univalle\2026-1\Desarrollo II\Movify\backend\movify-backend\movify-backend\src\main\java\com\movify\backend\MovifyBackendApplication.java. Using fallback presentation compiler.
2026.04.15 14:37:54 INFO  no build target found for C:\Users\USUARIO\Desktop\Estudios\univalle\2026-1\Desarrollo II\Movify\backend\movify-backend\movify-backend\src\main\java\com\movify\backend\MovifyBackendApplication.java. Using fallback presentation compiler.
2026.04.15 14:37:55 INFO  no build target found for C:\Users\USUARIO\Desktop\Estudios\univalle\2026-1\Desarrollo II\Movify\backend\movify-backend\movify-backend\src\main\java\com\movify\backend\MovifyBackendApplication.java. Using fallback presentation compiler.
2026.04.15 14:37:55 INFO  no build target found for C:\Users\USUARIO\Desktop\Estudios\univalle\2026-1\Desarrollo II\Movify\backend\movify-backend\movify-backend\src\main\java\com\movify\backend\MovifyBackendApplication.java. Using fallback presentation compiler.
2026.04.15 14:37:56 INFO  no build target found for C:\Users\USUARIO\Desktop\Estudios\univalle\2026-1\Desarrollo II\Movify\backend\movify-backend\movify-backend\src\main\java\com\movify\backend\MovifyBackendApplication.java. Using fallback presentation compiler.
2026.04.15 14:37:56 INFO  no build target found for C:\Users\USUARIO\Desktop\Estudios\univalle\2026-1\Desarrollo II\Movify\backend\movify-backend\movify-backend\src\main\java\com\movify\backend\MovifyBackendApplication.java. Using fallback presentation compiler.
2026.04.15 14:37:58 INFO  no build target found for C:\Users\USUARIO\Desktop\Estudios\univalle\2026-1\Desarrollo II\Movify\backend\movify-backend\movify-backend\src\main\java\com\movify\backend\MovifyBackendApplication.java. Using fallback presentation compiler.
2026.04.15 14:37:58 INFO  no build target found for C:\Users\USUARIO\Desktop\Estudios\univalle\2026-1\Desarrollo II\Movify\backend\movify-backend\movify-backend\src\main\java\com\movify\backend\MovifyBackendApplication.java. Using fallback presentation compiler.
2026.04.15 14:37:59 INFO  no build target found for C:\Users\USUARIO\Desktop\Estudios\univalle\2026-1\Desarrollo II\Movify\backend\movify-backend\movify-backend\src\main\java\com\movify\backend\MovifyBackendApplication.java. Using fallback presentation compiler.
2026.04.15 14:37:59 INFO  no build target found for C:\Users\USUARIO\Desktop\Estudios\univalle\2026-1\Desarrollo II\Movify\backend\movify-backend\movify-backend\src\main\java\com\movify\backend\MovifyBackendApplication.java. Using fallback presentation compiler.
2026.04.15 14:38:03 INFO  no build target found for C:\Users\USUARIO\Desktop\Estudios\univalle\2026-1\Desarrollo II\Movify\backend\movify-backend\movify-backend\src\main\java\com\movify\backend\MovifyBackendApplication.java. Using fallback presentation compiler.
2026.04.15 14:38:03 INFO  no build target found for C:\Users\USUARIO\Desktop\Estudios\univalle\2026-1\Desarrollo II\Movify\backend\movify-backend\movify-backend\src\main\java\com\movify\backend\MovifyBackendApplication.java. Using fallback presentation compiler.
2026.04.15 14:38:03 INFO  no build target found for C:\Users\USUARIO\Desktop\Estudios\univalle\2026-1\Desarrollo II\Movify\backend\movify-backend\movify-backend\src\main\java\com\movify\backend\MovifyBackendApplication.java. Using fallback presentation compiler.
2026.04.15 14:38:07 INFO  no build target found for C:\Users\USUARIO\Desktop\Estudios\univalle\2026-1\Desarrollo II\Movify\backend\movify-backend\movify-backend\src\main\java\com\movify\backend\MovifyBackendApplication.java. Using fallback presentation compiler.
2026.04.15 14:38:08 INFO  no build target found for C:\Users\USUARIO\Desktop\Estudios\univalle\2026-1\Desarrollo II\Movify\backend\movify-backend\movify-backend\src\main\java\com\movify\backend\MovifyBackendApplication.java. Using fallback presentation compiler.
2026.04.15 14:38:08 WARN  no build target for: C:\Users\USUARIO\Desktop\Estudios\univalle\2026-1\Desarrollo II\Movify\backend\movify-backend\movify-backend\src\main\java\com\movify\backend\MovifyBackendApplication.java
2026.04.15 14:38:08 INFO  no build target found for C:\Users\USUARIO\Desktop\Estudios\univalle\2026-1\Desarrollo II\Movify\backend\movify-backend\movify-backend\src\main\java\com\movify\backend\MovifyBackendApplication.java. Using fallback presentation compiler.
2026.04.15 14:38:08 WARN  Running javac-semanticdb failed for file:///C:/Users/USUARIO/Desktop/Estudios/univalle/2026-1/Desarrollo%20II/Movify/backend/movify-backend/movify-backend/src/main/java/com/movify/backend/MovifyBackendApplication.java. Output:

2026.04.15 14:38:09 INFO  no build target found for C:\Users\USUARIO\Desktop\Estudios\univalle\2026-1\Desarrollo II\Movify\backend\movify-backend\movify-backend\src\main\java\com\movify\backend\MovifyBackendApplication.java. Using fallback presentation compiler.
2026.04.15 14:38:09 INFO  no build target found for C:\Users\USUARIO\Desktop\Estudios\univalle\2026-1\Desarrollo II\Movify\backend\movify-backend\movify-backend\src\main\java\com\movify\backend\MovifyBackendApplication.java. Using fallback presentation compiler.
2026.04.15 14:38:10 INFO  no build target found for C:\Users\USUARIO\Desktop\Estudios\univalle\2026-1\Desarrollo II\Movify\backend\movify-backend\movify-backend\src\main\java\com\movify\backend\MovifyBackendApplication.java. Using fallback presentation compiler.
2026.04.15 14:38:10 INFO  no build target found for C:\Users\USUARIO\Desktop\Estudios\univalle\2026-1\Desarrollo II\Movify\backend\movify-backend\movify-backend\src\main\java\com\movify\backend\MovifyBackendApplication.java. Using fallback presentation compiler.
2026.04.15 14:38:10 INFO  no build target found for C:\Users\USUARIO\Desktop\Estudios\univalle\2026-1\Desarrollo II\Movify\backend\movify-backend\movify-backend\src\main\java\com\movify\backend\MovifyBackendApplication.java. Using fallback presentation compiler.
abr 15, 2026 2:38:10 P. M. org.eclipse.lsp4j.jsonrpc.RemoteEndpoint handleCancellation
WARNING: Unmatched cancel notification for request id 496
2026.04.15 14:38:11 INFO  no build target found for C:\Users\USUARIO\Desktop\Estudios\univalle\2026-1\Desarrollo II\Movify\backend\movify-backend\movify-backend\src\main\java\com\movify\backend\MovifyBackendApplication.java. Using fallback presentation compiler.
2026.04.15 14:38:11 INFO  no build target found for C:\Users\USUARIO\Desktop\Estudios\univalle\2026-1\Desarrollo II\Movify\backend\movify-backend\movify-backend\src\main\java\com\movify\backend\MovifyBackendApplication.java. Using fallback presentation compiler.
2026.04.15 14:38:11 INFO  no build target found for C:\Users\USUARIO\Desktop\Estudios\univalle\2026-1\Desarrollo II\Movify\backend\movify-backend\movify-backend\src\main\java\com\movify\backend\MovifyBackendApplication.java. Using fallback presentation compiler.
2026.04.15 14:38:12 INFO  no build target found for C:\Users\USUARIO\Desktop\Estudios\univalle\2026-1\Desarrollo II\Movify\backend\movify-backend\movify-backend\src\main\java\com\movify\backend\MovifyBackendApplication.java. Using fallback presentation compiler.
2026.04.15 14:38:12 INFO  no build target found for C:\Users\USUARIO\Desktop\Estudios\univalle\2026-1\Desarrollo II\Movify\backend\movify-backend\movify-backend\src\main\java\com\movify\backend\MovifyBackendApplication.java. Using fallback presentation compiler.
2026.04.15 14:38:13 INFO  no build target found for C:\Users\USUARIO\Desktop\Estudios\univalle\2026-1\Desarrollo II\Movify\backend\movify-backend\movify-backend\src\main\java\com\movify\backend\MovifyBackendApplication.java. Using fallback presentation compiler.
2026.04.15 14:38:13 INFO  no build target found for C:\Users\USUARIO\Desktop\Estudios\univalle\2026-1\Desarrollo II\Movify\backend\movify-backend\movify-backend\src\main\java\com\movify\backend\MovifyBackendApplication.java. Using fallback presentation compiler.
2026.04.15 14:38:14 INFO  no build target found for C:\Users\USUARIO\Desktop\Estudios\univalle\2026-1\Desarrollo II\Movify\backend\movify-backend\movify-backend\src\main\java\com\movify\backend\MovifyBackendApplication.java. Using fallback presentation compiler.
2026.04.15 14:38:15 WARN  no build target for: C:\Users\USUARIO\Desktop\Estudios\univalle\2026-1\Desarrollo II\Movify\backend\movify-backend\movify-backend\src\main\java\com\movify\backend\MovifyBackendApplication.java
2026.04.15 14:38:15 INFO  no build target found for C:\Users\USUARIO\Desktop\Estudios\univalle\2026-1\Desarrollo II\Movify\backend\movify-backend\movify-backend\src\main\java\com\movify\backend\MovifyBackendApplication.java. Using fallback presentation compiler.
2026.04.15 14:38:15 WARN  Running javac-semanticdb failed for file:///C:/Users/USUARIO/Desktop/Estudios/univalle/2026-1/Desarrollo%20II/Movify/backend/movify-backend/movify-backend/src/main/java/com/movify/backend/MovifyBackendApplication.java. Output:

2026.04.15 14:38:16 INFO  no build target found for C:\Users\USUARIO\Desktop\Estudios\univalle\2026-1\Desarrollo II\Movify\backend\movify-backend\movify-backend\src\main\java\com\movify\backend\MovifyBackendApplication.java. Using fallback presentation compiler.
2026.04.15 14:38:16 INFO  no build target found for C:\Users\USUARIO\Desktop\Estudios\univalle\2026-1\Desarrollo II\Movify\backend\movify-backend\movify-backend\src\main\java\com\movify\backend\MovifyBackendApplication.java. Using fallback presentation compiler.
2026.04.15 14:38:18 INFO  no build target found for C:\Users\USUARIO\Desktop\Estudios\univalle\2026-1\Desarrollo II\Movify\backend\movify-backend\movify-backend\src\main\java\com\movify\backend\MovifyBackendApplication.java. Using fallback presentation compiler.
2026.04.15 14:38:19 INFO  no build target found for C:\Users\USUARIO\Desktop\Estudios\univalle\2026-1\Desarrollo II\Movify\backend\movify-backend\movify-backend\src\main\java\com\movify\backend\MovifyBackendApplication.java. Using fallback presentation compiler.
2026.04.15 14:38:19 INFO  no build target found for C:\Users\USUARIO\Desktop\Estudios\univalle\2026-1\Desarrollo II\Movify\backend\movify-backend\movify-backend\src\main\java\com\movify\backend\MovifyBackendApplication.java. Using fallback presentation compiler.
2026.04.15 14:38:19 INFO  no build target found for C:\Users\USUARIO\Desktop\Estudios\univalle\2026-1\Desarrollo II\Movify\backend\movify-backend\movify-backend\src\main\java\com\movify\backend\MovifyBackendApplication.java. Using fallback presentation compiler.
2026.04.15 14:38:19 INFO  no build target found for C:\Users\USUARIO\Desktop\Estudios\univalle\2026-1\Desarrollo II\Movify\backend\movify-backend\movify-backend\src\main\java\com\movify\backend\MovifyBackendApplication.java. Using fallback presentation compiler.
2026.04.15 14:38:20 INFO  no build target found for C:\Users\USUARIO\Desktop\Estudios\univalle\2026-1\Desarrollo II\Movify\backend\movify-backend\movify-backend\src\main\java\com\movify\backend\MovifyBackendApplication.java. Using fallback presentation compiler.
2026.04.15 14:38:22 INFO  no build target found for C:\Users\USUARIO\Desktop\Estudios\univalle\2026-1\Desarrollo II\Movify\backend\movify-backend\movify-backend\src\main\java\com\movify\backend\MovifyBackendApplication.java. Using fallback presentation compiler.
2026.04.15 14:38:22 INFO  no build target found for C:\Users\USUARIO\Desktop\Estudios\univalle\2026-1\Desarrollo II\Movify\backend\movify-backend\movify-backend\src\main\java\com\movify\backend\MovifyBackendApplication.java. Using fallback presentation compiler.
2026.04.15 14:38:25 INFO  no build target found for C:\Users\USUARIO\Desktop\Estudios\univalle\2026-1\Desarrollo II\Movify\backend\movify-backend\movify-backend\src\main\java\com\movify\backend\MovifyBackendApplication.java. Using fallback presentation compiler.
2026.04.15 14:38:25 INFO  no build target found for C:\Users\USUARIO\Desktop\Estudios\univalle\2026-1\Desarrollo II\Movify\backend\movify-backend\movify-backend\src\main\java\com\movify\backend\MovifyBackendApplication.java. Using fallback presentation compiler.
2026.04.15 14:38:25 INFO  no build target found for C:\Users\USUARIO\Desktop\Estudios\univalle\2026-1\Desarrollo II\Movify\backend\movify-backend\movify-backend\src\main\java\com\movify\backend\MovifyBackendApplication.java. Using fallback presentation compiler.
2026.04.15 14:38:25 INFO  no build target found for C:\Users\USUARIO\Desktop\Estudios\univalle\2026-1\Desarrollo II\Movify\backend\movify-backend\movify-backend\src\main\java\com\movify\backend\MovifyBackendApplication.java. Using fallback presentation compiler.
2026.04.15 14:38:25 INFO  no build target found for C:\Users\USUARIO\Desktop\Estudios\univalle\2026-1\Desarrollo II\Movify\backend\movify-backend\movify-backend\src\main\java\com\movify\backend\MovifyBackendApplication.java. Using fallback presentation compiler.
2026.04.15 14:38:25 INFO  no build target found for C:\Users\USUARIO\Desktop\Estudios\univalle\2026-1\Desarrollo II\Movify\backend\movify-backend\movify-backend\src\main\java\com\movify\backend\MovifyBackendApplication.java. Using fallback presentation compiler.
2026.04.15 14:38:25 INFO  no build target found for C:\Users\USUARIO\Desktop\Estudios\univalle\2026-1\Desarrollo II\Movify\backend\movify-backend\movify-backend\src\main\java\com\movify\backend\MovifyBackendApplication.java. Using fallback presentation compiler.
2026.04.15 14:38:25 INFO  no build target found for C:\Users\USUARIO\Desktop\Estudios\univalle\2026-1\Desarrollo II\Movify\backend\movify-backend\movify-backend\src\main\java\com\movify\backend\MovifyBackendApplication.java. Using fallback presentation compiler.
2026.04.15 14:38:26 INFO  no build target found for C:\Users\USUARIO\Desktop\Estudios\univalle\2026-1\Desarrollo II\Movify\backend\movify-backend\movify-backend\src\main\java\com\movify\backend\MovifyBackendApplication.java. Using fallback presentation compiler.
2026.04.15 14:38:26 INFO  no build target found for C:\Users\USUARIO\Desktop\Estudios\univalle\2026-1\Desarrollo II\Movify\backend\movify-backend\movify-backend\src\main\java\com\movify\backend\MovifyBackendApplication.java. Using fallback presentation compiler.
2026.04.15 14:38:26 INFO  no build target found for C:\Users\USUARIO\Desktop\Estudios\univalle\2026-1\Desarrollo II\Movify\backend\movify-backend\movify-backend\src\main\java\com\movify\backend\MovifyBackendApplication.java. Using fallback presentation compiler.
2026.04.15 14:38:26 INFO  no build target found for C:\Users\USUARIO\Desktop\Estudios\univalle\2026-1\Desarrollo II\Movify\backend\movify-backend\movify-backend\src\main\java\com\movify\backend\MovifyBackendApplication.java. Using fallback presentation compiler.
2026.04.15 14:38:27 INFO  no build target found for C:\Users\USUARIO\Desktop\Estudios\univalle\2026-1\Desarrollo II\Movify\backend\movify-backend\movify-backend\src\main\java\com\movify\backend\MovifyBackendApplication.java. Using fallback presentation compiler.
2026.04.15 14:38:30 INFO  no build target found for C:\Users\USUARIO\Desktop\Estudios\univalle\2026-1\Desarrollo II\Movify\backend\movify-backend\movify-backend\src\main\java\com\movify\backend\MovifyBackendApplication.java. Using fallback presentation compiler.
2026.04.15 14:38:30 INFO  no build target found for C:\Users\USUARIO\Desktop\Estudios\univalle\2026-1\Desarrollo II\Movify\backend\movify-backend\movify-backend\src\main\java\com\movify\backend\MovifyBackendApplication.java. Using fallback presentation compiler.
2026.04.15 14:38:30 INFO  no build target found for C:\Users\USUARIO\Desktop\Estudios\univalle\2026-1\Desarrollo II\Movify\backend\movify-backend\movify-backend\src\main\java\com\movify\backend\MovifyBackendApplication.java. Using fallback presentation compiler.
2026.04.15 14:38:30 INFO  no build target found for C:\Users\USUARIO\Desktop\Estudios\univalle\2026-1\Desarrollo II\Movify\backend\movify-backend\movify-backend\src\main\java\com\movify\backend\MovifyBackendApplication.java. Using fallback presentation compiler.
2026.04.15 14:38:30 INFO  no build target found for C:\Users\USUARIO\Desktop\Estudios\univalle\2026-1\Desarrollo II\Movify\backend\movify-backend\movify-backend\src\main\java\com\movify\backend\MovifyBackendApplication.java. Using fallback presentation compiler.
2026.04.15 14:38:30 INFO  no build target found for C:\Users\USUARIO\Desktop\Estudios\univalle\2026-1\Desarrollo II\Movify\backend\movify-backend\movify-backend\src\main\java\com\movify\backend\MovifyBackendApplication.java. Using fallback presentation compiler.
2026.04.15 16:26:06 INFO  no build target found for C:\Users\USUARIO\Desktop\Estudios\univalle\2026-1\Desarrollo II\Movify\backend\movify-backend\movify-backend\src\main\java\com\movify\backend\MovifyBackendApplication.java. Using fallback presentation compiler.
2026.04.15 16:26:06 INFO  no build target found for C:\Users\USUARIO\Desktop\Estudios\univalle\2026-1\Desarrollo II\Movify\backend\movify-backend\movify-backend\src\main\java\com\movify\backend\MovifyBackendApplication.java. Using fallback presentation compiler.
2026.04.15 16:26:06 INFO  no build target found for C:\Users\USUARIO\Desktop\Estudios\univalle\2026-1\Desarrollo II\Movify\backend\movify-backend\movify-backend\src\main\java\com\movify\backend\MovifyBackendApplication.java. Using fallback presentation compiler.
abr 15, 2026 4:26:08 P. M. org.eclipse.lsp4j.jsonrpc.RemoteEndpoint handleCancellation
WARNING: Unmatched cancel notification for request id 544
abr 15, 2026 4:26:08 P. M. org.eclipse.lsp4j.jsonrpc.RemoteEndpoint handleCancellation
WARNING: Unmatched cancel notification for request id 545
2026.04.15 19:54:29 INFO  no build target found for C:\Users\USUARIO\Desktop\Estudios\univalle\2026-1\Desarrollo II\Movify\backend\movify-backend\movify-backend\src\main\java\com\movify\backend\MovifyBackendApplication.java. Using fallback presentation compiler.
2026.04.15 19:54:29 INFO  no build target found for C:\Users\USUARIO\Desktop\Estudios\univalle\2026-1\Desarrollo II\Movify\backend\movify-backend\movify-backend\src\main\java\com\movify\backend\MovifyBackendApplication.java. Using fallback presentation compiler.
2026.04.15 19:54:29 INFO  no build target found for C:\Users\USUARIO\Desktop\Estudios\univalle\2026-1\Desarrollo II\Movify\backend\movify-backend\movify-backend\src\main\java\com\movify\backend\MovifyBackendApplication.java. Using fallback presentation compiler.
abr 15, 2026 7:54:29 P. M. org.eclipse.lsp4j.jsonrpc.RemoteEndpoint handleCancellation
WARNING: Unmatched cancel notification for request id 547
abr 15, 2026 7:54:29 P. M. org.eclipse.lsp4j.jsonrpc.RemoteEndpoint handleCancellation
WARNING: Unmatched cancel notification for request id 548
2026.04.15 20:02:40 INFO  no build target found for C:\Users\USUARIO\Desktop\Estudios\univalle\2026-1\Desarrollo II\Movify\backend\movify-backend\movify-backend\src\main\java\com\movify\backend\MovifyBackendApplication.java. Using fallback presentation compiler.
2026.04.15 20:02:40 INFO  no build target found for C:\Users\USUARIO\Desktop\Estudios\univalle\2026-1\Desarrollo II\Movify\backend\movify-backend\movify-backend\src\main\java\com\movify\backend\MovifyBackendApplication.java. Using fallback presentation compiler.
2026.04.15 20:02:41 WARN  no build target for: C:\Users\USUARIO\Desktop\Estudios\univalle\2026-1\Desarrollo II\Movify\backend\movify-backend\movify-backend\src\main\java\com\movify\backend\MovifyBackendApplication.java
2026.04.15 20:02:41 INFO  no build target found for C:\Users\USUARIO\Desktop\Estudios\univalle\2026-1\Desarrollo II\Movify\backend\movify-backend\movify-backend\src\main\java\com\movify\backend\MovifyBackendApplication.java. Using fallback presentation compiler.
2026.04.15 20:02:40 INFO  no build target found for C:\Users\USUARIO\Desktop\Estudios\univalle\2026-1\Desarrollo II\Movify\backend\movify-backend\movify-backend\src\main\java\com\movify\backend\MovifyBackendApplication.java. Using fallback presentation compiler.
2026.04.15 20:02:40 INFO  no build target found for C:\Users\USUARIO\Desktop\Estudios\univalle\2026-1\Desarrollo II\Movify\backend\movify-backend\movify-backend\src\main\java\com\movify\backend\MovifyBackendApplication.java. Using fallback presentation compiler.
2026.04.15 20:02:41 INFO  no build target found for C:\Users\USUARIO\Desktop\Estudios\univalle\2026-1\Desarrollo II\Movify\backend\movify-backend\movify-backend\src\main\java\com\movify\backend\MovifyBackendApplication.java. Using fallback presentation compiler.
2026.04.15 20:42:21 INFO  no build target found for C:\Users\USUARIO\Desktop\Estudios\univalle\2026-1\Desarrollo II\Movify\backend\movify-backend\movify-backend\src\main\java\com\movify\backend\MovifyBackendApplication.java. Using fallback presentation compiler.
2026.04.15 20:42:21 WARN  no build target for: C:\Users\USUARIO\Desktop\Estudios\univalle\2026-1\Desarrollo II\Movify\backend\movify-backend\movify-backend\src\main\java\com\movify\backend\MovifyBackendApplication.java
2026.04.15 20:42:21 INFO  no build target found for C:\Users\USUARIO\Desktop\Estudios\univalle\2026-1\Desarrollo II\Movify\backend\movify-backend\movify-backend\src\main\java\com\movify\backend\MovifyBackendApplication.java. Using fallback presentation compiler.
2026.04.15 20:42:22 INFO  no build target found for C:\Users\USUARIO\Desktop\Estudios\univalle\2026-1\Desarrollo II\Movify\backend\movify-backend\movify-backend\src\main\java\com\movify\backend\MovifyBackendApplication.java. Using fallback presentation compiler.
2026.04.15 20:42:21 INFO  no build target found for C:\Users\USUARIO\Desktop\Estudios\univalle\2026-1\Desarrollo II\Movify\backend\movify-backend\movify-backend\src\main\java\com\movify\backend\MovifyBackendApplication.java. Using fallback presentation compiler.
2026.04.15 20:42:22 INFO  no build target found for C:\Users\USUARIO\Desktop\Estudios\univalle\2026-1\Desarrollo II\Movify\backend\movify-backend\movify-backend\src\main\java\com\movify\backend\MovifyBackendApplication.java. Using fallback presentation compiler.
2026.04.15 20:42:28 INFO  no build target found for C:\Users\USUARIO\Desktop\Estudios\univalle\2026-1\Desarrollo II\Movify\backend\movify-backend\movify-backend\src\main\java\com\movify\backend\MovifyBackendApplication.java. Using fallback presentation compiler.
2026.04.15 20:42:28 INFO  no build target found for C:\Users\USUARIO\Desktop\Estudios\univalle\2026-1\Desarrollo II\Movify\backend\movify-backend\movify-backend\src\main\java\com\movify\backend\MovifyBackendApplication.java. Using fallback presentation compiler.
2026.04.15 20:42:29 INFO  no build target found for C:\Users\USUARIO\Desktop\Estudios\univalle\2026-1\Desarrollo II\Movify\backend\movify-backend\movify-backend\src\main\java\com\movify\backend\MovifyBackendApplication.java. Using fallback presentation compiler.
2026.04.15 20:42:29 INFO  no build target found for C:\Users\USUARIO\Desktop\Estudios\univalle\2026-1\Desarrollo II\Movify\backend\movify-backend\movify-backend\src\main\java\com\movify\backend\MovifyBackendApplication.java. Using fallback presentation compiler.
2026.04.15 20:42:29 INFO  no build target found for C:\Users\USUARIO\Desktop\Estudios\univalle\2026-1\Desarrollo II\Movify\backend\movify-backend\movify-backend\src\main\java\com\movify\backend\MovifyBackendApplication.java. Using fallback presentation compiler.
2026.04.15 20:43:23 INFO  no build target found for C:\Users\USUARIO\Desktop\Estudios\univalle\2026-1\Desarrollo II\Movify\backend\movify-backend\movify-backend\src\main\java\com\movify\backend\MovifyBackendApplication.java. Using fallback presentation compiler.
2026.04.15 20:43:23 INFO  no build target found for C:\Users\USUARIO\Desktop\Estudios\univalle\2026-1\Desarrollo II\Movify\backend\movify-backend\movify-backend\src\main\java\com\movify\backend\MovifyBackendApplication.java. Using fallback presentation compiler.
2026.04.15 20:43:23 INFO  no build target found for C:\Users\USUARIO\Desktop\Estudios\univalle\2026-1\Desarrollo II\Movify\backend\movify-backend\movify-backend\src\main\java\com\movify\backend\MovifyBackendApplication.java. Using fallback presentation compiler.
2026.04.15 20:43:23 INFO  no build target found for C:\Users\USUARIO\Desktop\Estudios\univalle\2026-1\Desarrollo II\Movify\backend\movify-backend\movify-backend\src\main\java\com\movify\backend\MovifyBackendApplication.java. Using fallback presentation compiler.
2026.04.15 20:43:23 INFO  no build target found for C:\Users\USUARIO\Desktop\Estudios\univalle\2026-1\Desarrollo II\Movify\backend\movify-backend\movify-backend\src\main\java\com\movify\backend\MovifyBackendApplication.java. Using fallback presentation compiler.
2026.04.15 20:43:24 WARN  no build target for: C:\Users\USUARIO\Desktop\Estudios\univalle\2026-1\Desarrollo II\Movify\backend\movify-backend\movify-backend\src\main\java\com\movify\backend\MovifyBackendApplication.java
2026.04.15 20:43:24 INFO  no build target found for C:\Users\USUARIO\Desktop\Estudios\univalle\2026-1\Desarrollo II\Movify\backend\movify-backend\movify-backend\src\main\java\com\movify\backend\MovifyBackendApplication.java. Using fallback presentation compiler.
2026.04.15 20:43:24 WARN  Running javac-semanticdb failed for file:///C:/Users/USUARIO/Desktop/Estudios/univalle/2026-1/Desarrollo%20II/Movify/backend/movify-backend/movify-backend/src/main/java/com/movify/backend/MovifyBackendApplication.java. Output:

2026.04.15 20:43:24 INFO  no build target found for C:\Users\USUARIO\Desktop\Estudios\univalle\2026-1\Desarrollo II\Movify\backend\movify-backend\movify-backend\src\main\java\com\movify\backend\MovifyBackendApplication.java. Using fallback presentation compiler.
2026.04.15 20:43:26 INFO  no build target found for C:\Users\USUARIO\Desktop\Estudios\univalle\2026-1\Desarrollo II\Movify\backend\movify-backend\movify-backend\src\main\java\com\movify\backend\MovifyBackendApplication.java. Using fallback presentation compiler.
2026.04.15 20:43:26 INFO  no build target found for C:\Users\USUARIO\Desktop\Estudios\univalle\2026-1\Desarrollo II\Movify\backend\movify-backend\movify-backend\src\main\java\com\movify\backend\MovifyBackendApplication.java. Using fallback presentation compiler.
2026.04.15 20:43:26 INFO  no build target found for C:\Users\USUARIO\Desktop\Estudios\univalle\2026-1\Desarrollo II\Movify\backend\movify-backend\movify-backend\src\main\java\com\movify\backend\MovifyBackendApplication.java. Using fallback presentation compiler.
2026.04.15 20:43:28 INFO  no build target found for C:\Users\USUARIO\Desktop\Estudios\univalle\2026-1\Desarrollo II\Movify\backend\movify-backend\movify-backend\src\main\java\com\movify\backend\MovifyBackendApplication.java. Using fallback presentation compiler.
2026.04.15 20:43:29 INFO  no build target found for C:\Users\USUARIO\Desktop\Estudios\univalle\2026-1\Desarrollo II\Movify\backend\movify-backend\movify-backend\src\main\java\com\movify\backend\MovifyBackendApplication.java. Using fallback presentation compiler.
2026.04.15 20:56:52 INFO  no build target found for C:\Users\USUARIO\Desktop\Estudios\univalle\2026-1\Desarrollo II\Movify\backend\movify-backend\movify-backend\src\main\java\com\movify\backend\Modelo\Usuario.java. Using fallback presentation compiler.
2026.04.15 20:56:54 INFO  no build target found for C:\Users\USUARIO\Desktop\Estudios\univalle\2026-1\Desarrollo II\Movify\backend\movify-backend\movify-backend\src\main\java\com\movify\backend\Modelo\Usuario.java. Using fallback presentation compiler.
2026.04.15 20:56:54 INFO  no build target found for C:\Users\USUARIO\Desktop\Estudios\univalle\2026-1\Desarrollo II\Movify\backend\movify-backend\movify-backend\src\main\java\com\movify\backend\Modelo\Usuario.java. Using fallback presentation compiler.
abr 15, 2026 8:56:55 P. M. org.eclipse.lsp4j.jsonrpc.RemoteEndpoint handleCancellation
WARNING: Unmatched cancel notification for request id 606
2026.04.15 20:56:54 INFO  no build target found for C:\Users\USUARIO\Desktop\Estudios\univalle\2026-1\Desarrollo II\Movify\backend\movify-backend\movify-backend\src\main\java\com\movify\backend\Modelo\Usuario.java. Using fallback presentation compiler.
2026.04.15 20:56:55 INFO  no build target found for C:\Users\USUARIO\Desktop\Estudios\univalle\2026-1\Desarrollo II\Movify\backend\movify-backend\movify-backend\src\main\java\com\movify\backend\Modelo\Usuario.java. Using fallback presentation compiler.
2026.04.15 20:56:54 WARN  Running javac-semanticdb failed for file:///C:/Users/USUARIO/Desktop/Estudios/univalle/2026-1/Desarrollo%20II/Movify/backend/movify-backend/movify-backend/src/main/java/com/movify/backend/Modelo/Usuario.java. Output:

2026.04.15 20:56:54 INFO  Created report: Optional[file:///C:/Users/USUARIO/Desktop/Estudios/univalle/2026-1/Desarrollo%20II/Movify/backend/movify-backend/movify-backend/src/main/java/com/movify/backend/Modelo/Usuario.java]
2026.04.15 20:56:54 INFO  QDox parse error in file:///C:/Users/USUARIO/Desktop/Estudios/univalle/2026-1/Desarrollo%20II/Movify/backend/movify-backend/movify-backend/src/main/java/com/movify/backend/Modelo/Usuario.java (full report at: "C:\Users\USUARIO\Desktop\Estudios\univalle\2026-1\Desarrollo II\Movify\backend\movify-backend\movify-backend\.metals\.reports\metals-full\2026-04-15\r_qdox-error_20-56-55-699.md")
2026.04.15 20:56:54 INFO  no build target found for C:\Users\USUARIO\Desktop\Estudios\univalle\2026-1\Desarrollo II\Movify\backend\movify-backend\movify-backend\src\main\java\com\movify\backend\Modelo\Usuario.java. Using fallback presentation compiler.
2026.04.15 20:56:55 INFO  QDox parse error in file:///C:/Users/USUARIO/Desktop/Estudios/univalle/2026-1/Desarrollo%20II/Movify/backend/movify-backend/movify-backend/src/main/java/com/movify/backend/Modelo/Usuario.java (full report at: "C:\Users\USUARIO\Desktop\Estudios\univalle\2026-1\Desarrollo II\Movify\backend\movify-backend\movify-backend\.metals\.reports\metals-full\2026-04-15\r_qdox-error_20-56-55-699.md")
2026.04.15 20:56:55 INFO  no build target found for C:\Users\USUARIO\Desktop\Estudios\univalle\2026-1\Desarrollo II\Movify\backend\movify-backend\movify-backend\src\main\java\com\movify\backend\Modelo\Usuario.java. Using fallback presentation compiler.
abr 15, 2026 8:56:55 P. M. org.eclipse.lsp4j.jsonrpc.RemoteEndpoint handleCancellation
WARNING: Unmatched cancel notification for request id 614
2026.04.15 20:56:56 INFO  no build target found for C:\Users\USUARIO\Desktop\Estudios\univalle\2026-1\Desarrollo II\Movify\backend\movify-backend\movify-backend\src\main\java\com\movify\backend\Modelo\Usuario.java. Using fallback presentation compiler.
2026.04.15 20:56:56 INFO  no build target found for C:\Users\USUARIO\Desktop\Estudios\univalle\2026-1\Desarrollo II\Movify\backend\movify-backend\movify-backend\src\main\java\com\movify\backend\Modelo\Usuario.java. Using fallback presentation compiler.
2026.04.15 20:56:57 WARN  no build target for: C:\Users\USUARIO\Desktop\Estudios\univalle\2026-1\Desarrollo II\Movify\backend\movify-backend\movify-backend\src\main\java\com\movify\backend\Modelo\Usuario.java
2026.04.15 20:56:57 INFO  no build target found for C:\Users\USUARIO\Desktop\Estudios\univalle\2026-1\Desarrollo II\Movify\backend\movify-backend\movify-backend\src\main\java\com\movify\backend\Modelo\Usuario.java. Using fallback presentation compiler.
2026.04.15 20:56:59 INFO  no build target found for C:\Users\USUARIO\Desktop\Estudios\univalle\2026-1\Desarrollo II\Movify\backend\movify-backend\movify-backend\src\main\java\com\movify\backend\Modelo\Usuario.java. Using fallback presentation compiler.
2026.04.15 20:57:00 INFO  no build target found for C:\Users\USUARIO\Desktop\Estudios\univalle\2026-1\Desarrollo II\Movify\backend\movify-backend\movify-backend\src\main\java\com\movify\backend\Modelo\Usuario.java. Using fallback presentation compiler.
2026.04.15 20:57:16 INFO  no build target found for C:\Users\USUARIO\Desktop\Estudios\univalle\2026-1\Desarrollo II\Movify\backend\movify-backend\movify-backend\src\main\java\com\movify\backend\Modelo\Usuario.java. Using fallback presentation compiler.
2026.04.15 20:57:16 INFO  no build target found for C:\Users\USUARIO\Desktop\Estudios\univalle\2026-1\Desarrollo II\Movify\backend\movify-backend\movify-backend\src\main\java\com\movify\backend\Modelo\Usuario.java. Using fallback presentation compiler.
2026.04.15 20:57:16 INFO  no build target found for C:\Users\USUARIO\Desktop\Estudios\univalle\2026-1\Desarrollo II\Movify\backend\movify-backend\movify-backend\src\main\java\com\movify\backend\Modelo\Usuario.java. Using fallback presentation compiler.
2026.04.15 20:57:17 INFO  no build target found for C:\Users\USUARIO\Desktop\Estudios\univalle\2026-1\Desarrollo II\Movify\backend\movify-backend\movify-backend\src\main\java\com\movify\backend\Modelo\Usuario.java. Using fallback presentation compiler.
2026.04.15 20:57:17 INFO  no build target found for C:\Users\USUARIO\Desktop\Estudios\univalle\2026-1\Desarrollo II\Movify\backend\movify-backend\movify-backend\src\main\java\com\movify\backend\Modelo\Usuario.java. Using fallback presentation compiler.
2026.04.15 20:57:17 INFO  no build target found for C:\Users\USUARIO\Desktop\Estudios\univalle\2026-1\Desarrollo II\Movify\backend\movify-backend\movify-backend\src\main\java\com\movify\backend\Modelo\Usuario.java. Using fallback presentation compiler.
2026.04.15 20:57:17 INFO  no build target found for C:\Users\USUARIO\Desktop\Estudios\univalle\2026-1\Desarrollo II\Movify\backend\movify-backend\movify-backend\src\main\java\com\movify\backend\Modelo\Usuario.java. Using fallback presentation compiler.
2026.04.15 20:57:17 INFO  no build target found for C:\Users\USUARIO\Desktop\Estudios\univalle\2026-1\Desarrollo II\Movify\backend\movify-backend\movify-backend\src\main\java\com\movify\backend\Modelo\Usuario.java. Using fallback presentation compiler.
2026.04.15 20:57:18 INFO  no build target found for C:\Users\USUARIO\Desktop\Estudios\univalle\2026-1\Desarrollo II\Movify\backend\movify-backend\movify-backend\src\main\java\com\movify\backend\Modelo\Usuario.java. Using fallback presentation compiler.
2026.04.15 20:57:18 WARN  no build target for: C:\Users\USUARIO\Desktop\Estudios\univalle\2026-1\Desarrollo II\Movify\backend\movify-backend\movify-backend\src\main\java\com\movify\backend\Modelo\Usuario.java
2026.04.15 20:57:18 INFO  no build target found for C:\Users\USUARIO\Desktop\Estudios\univalle\2026-1\Desarrollo II\Movify\backend\movify-backend\movify-backend\src\main\java\com\movify\backend\Modelo\Usuario.java. Using fallback presentation compiler.
2026.04.15 20:57:19 WARN  Running javac-semanticdb failed for file:///C:/Users/USUARIO/Desktop/Estudios/univalle/2026-1/Desarrollo%20II/Movify/backend/movify-backend/movify-backend/src/main/java/com/movify/backend/Modelo/Usuario.java. Output:

2026.04.15 20:57:18 INFO  no build target found for C:\Users\USUARIO\Desktop\Estudios\univalle\2026-1\Desarrollo II\Movify\backend\movify-backend\movify-backend\src\main\java\com\movify\backend\Modelo\Usuario.java. Using fallback presentation compiler.
2026.04.15 20:57:18 INFO  no build target found for C:\Users\USUARIO\Desktop\Estudios\univalle\2026-1\Desarrollo II\Movify\backend\movify-backend\movify-backend\src\main\java\com\movify\backend\Modelo\Usuario.java. Using fallback presentation compiler.
2026.04.15 20:57:20 INFO  no build target found for C:\Users\USUARIO\Desktop\Estudios\univalle\2026-1\Desarrollo II\Movify\backend\movify-backend\movify-backend\src\main\java\com\movify\backend\Modelo\Usuario.java. Using fallback presentation compiler.
2026.04.15 20:57:27 INFO  no build target found for C:\Users\USUARIO\Desktop\Estudios\univalle\2026-1\Desarrollo II\Movify\backend\movify-backend\movify-backend\src\main\java\com\movify\backend\Modelo\Usuario.java. Using fallback presentation compiler.
2026.04.15 20:57:27 INFO  no build target found for C:\Users\USUARIO\Desktop\Estudios\univalle\2026-1\Desarrollo II\Movify\backend\movify-backend\movify-backend\src\main\java\com\movify\backend\Modelo\Usuario.java. Using fallback presentation compiler.
2026.04.15 20:57:27 INFO  no build target found for C:\Users\USUARIO\Desktop\Estudios\univalle\2026-1\Desarrollo II\Movify\backend\movify-backend\movify-backend\src\main\java\com\movify\backend\Modelo\Usuario.java. Using fallback presentation compiler.
2026.04.15 20:57:27 INFO  no build target found for C:\Users\USUARIO\Desktop\Estudios\univalle\2026-1\Desarrollo II\Movify\backend\movify-backend\movify-backend\src\main\java\com\movify\backend\Modelo\Usuario.java. Using fallback presentation compiler.
abr 15, 2026 8:57:27 P. M. org.eclipse.lsp4j.jsonrpc.RemoteEndpoint handleCancellation
WARNING: Unmatched cancel notification for request id 650
2026.04.15 20:57:27 INFO  no build target found for C:\Users\USUARIO\Desktop\Estudios\univalle\2026-1\Desarrollo II\Movify\backend\movify-backend\movify-backend\src\main\java\com\movify\backend\Modelo\Usuario.java. Using fallback presentation compiler.
2026.04.15 20:57:28 INFO  no build target found for C:\Users\USUARIO\Desktop\Estudios\univalle\2026-1\Desarrollo II\Movify\backend\movify-backend\movify-backend\src\main\java\com\movify\backend\MovifyBackendApplication.java. Using fallback presentation compiler.
2026.04.15 20:57:28 WARN  no build target for: C:\Users\USUARIO\Desktop\Estudios\univalle\2026-1\Desarrollo II\Movify\backend\movify-backend\movify-backend\src\main\java\com\movify\backend\MovifyBackendApplication.java
2026.04.15 20:57:28 INFO  no build target found for C:\Users\USUARIO\Desktop\Estudios\univalle\2026-1\Desarrollo II\Movify\backend\movify-backend\movify-backend\src\main\java\com\movify\backend\MovifyBackendApplication.java. Using fallback presentation compiler.
2026.04.15 20:57:28 INFO  no build target found for C:\Users\USUARIO\Desktop\Estudios\univalle\2026-1\Desarrollo II\Movify\backend\movify-backend\movify-backend\src\main\java\com\movify\backend\MovifyBackendApplication.java. Using fallback presentation compiler.
2026.04.15 20:57:28 INFO  no build target found for C:\Users\USUARIO\Desktop\Estudios\univalle\2026-1\Desarrollo II\Movify\backend\movify-backend\movify-backend\src\main\java\com\movify\backend\MovifyBackendApplication.java. Using fallback presentation compiler.
2026.04.15 20:57:29 INFO  no build target found for C:\Users\USUARIO\Desktop\Estudios\univalle\2026-1\Desarrollo II\Movify\backend\movify-backend\movify-backend\src\main\java\com\movify\backend\MovifyBackendApplication.java. Using fallback presentation compiler.
2026.04.15 20:57:29 INFO  no build target found for C:\Users\USUARIO\Desktop\Estudios\univalle\2026-1\Desarrollo II\Movify\backend\movify-backend\movify-backend\src\main\java\com\movify\backend\MovifyBackendApplication.java. Using fallback presentation compiler.
abr 15, 2026 8:57:30 P. M. org.eclipse.lsp4j.jsonrpc.RemoteEndpoint handleCancellation
WARNING: Unmatched cancel notification for request id 662
2026.04.15 20:57:30 INFO  no build target found for C:\Users\USUARIO\Desktop\Estudios\univalle\2026-1\Desarrollo II\Movify\backend\movify-backend\movify-backend\src\main\java\com\movify\backend\MovifyBackendApplication.java. Using fallback presentation compiler.
2026.04.15 20:57:30 INFO  no build target found for C:\Users\USUARIO\Desktop\Estudios\univalle\2026-1\Desarrollo II\Movify\backend\movify-backend\movify-backend\src\main\java\com\movify\backend\MovifyBackendApplication.java. Using fallback presentation compiler.
2026.04.15 20:57:31 INFO  no build target found for C:\Users\USUARIO\Desktop\Estudios\univalle\2026-1\Desarrollo II\Movify\backend\movify-backend\movify-backend\src\main\java\com\movify\backend\MovifyBackendApplication.java. Using fallback presentation compiler.
2026.04.15 20:57:30 INFO  no build target found for C:\Users\USUARIO\Desktop\Estudios\univalle\2026-1\Desarrollo II\Movify\backend\movify-backend\movify-backend\src\main\java\com\movify\backend\MovifyBackendApplication.java. Using fallback presentation compiler.
2026.04.15 20:57:32 INFO  no build target found for C:\Users\USUARIO\Desktop\Estudios\univalle\2026-1\Desarrollo II\Movify\backend\movify-backend\movify-backend\src\main\java\com\movify\backend\MovifyBackendApplication.java. Using fallback presentation compiler.
2026.04.15 20:57:34 INFO  no build target found for C:\Users\USUARIO\Desktop\Estudios\univalle\2026-1\Desarrollo II\Movify\backend\movify-backend\movify-backend\src\main\java\com\movify\backend\Modelo\Usuario.java. Using fallback presentation compiler.
2026.04.15 20:57:34 WARN  no build target for: C:\Users\USUARIO\Desktop\Estudios\univalle\2026-1\Desarrollo II\Movify\backend\movify-backend\movify-backend\src\main\java\com\movify\backend\Modelo\Usuario.java
2026.04.15 20:57:34 INFO  no build target found for C:\Users\USUARIO\Desktop\Estudios\univalle\2026-1\Desarrollo II\Movify\backend\movify-backend\movify-backend\src\main\java\com\movify\backend\Modelo\Usuario.java. Using fallback presentation compiler.
2026.04.15 20:57:34 INFO  no build target found for C:\Users\USUARIO\Desktop\Estudios\univalle\2026-1\Desarrollo II\Movify\backend\movify-backend\movify-backend\src\main\java\com\movify\backend\Modelo\Usuario.java. Using fallback presentation compiler.
2026.04.15 20:57:34 INFO  no build target found for C:\Users\USUARIO\Desktop\Estudios\univalle\2026-1\Desarrollo II\Movify\backend\movify-backend\movify-backend\src\main\java\com\movify\backend\Modelo\Usuario.java. Using fallback presentation compiler.
2026.04.15 20:57:34 INFO  no build target found for C:\Users\USUARIO\Desktop\Estudios\univalle\2026-1\Desarrollo II\Movify\backend\movify-backend\movify-backend\src\main\java\com\movify\backend\Modelo\Usuario.java. Using fallback presentation compiler.
2026.04.15 20:57:34 INFO  no build target found for C:\Users\USUARIO\Desktop\Estudios\univalle\2026-1\Desarrollo II\Movify\backend\movify-backend\movify-backend\src\main\java\com\movify\backend\Modelo\Usuario.java. Using fallback presentation compiler.
2026.04.15 20:57:34 INFO  no build target found for C:\Users\USUARIO\Desktop\Estudios\univalle\2026-1\Desarrollo II\Movify\backend\movify-backend\movify-backend\src\main\java\com\movify\backend\Modelo\Usuario.java. Using fallback presentation compiler.
2026.04.15 20:57:36 INFO  no build target found for C:\Users\USUARIO\Desktop\Estudios\univalle\2026-1\Desarrollo II\Movify\backend\movify-backend\movify-backend\src\main\java\com\movify\backend\Modelo\Usuario.java. Using fallback presentation compiler.
2026.04.15 20:57:36 INFO  no build target found for C:\Users\USUARIO\Desktop\Estudios\univalle\2026-1\Desarrollo II\Movify\backend\movify-backend\movify-backend\src\main\java\com\movify\backend\Modelo\Usuario.java. Using fallback presentation compiler.
2026.04.15 20:57:36 INFO  no build target found for C:\Users\USUARIO\Desktop\Estudios\univalle\2026-1\Desarrollo II\Movify\backend\movify-backend\movify-backend\src\main\java\com\movify\backend\Modelo\Usuario.java. Using fallback presentation compiler.
abr 15, 2026 8:57:37 P. M. org.eclipse.lsp4j.jsonrpc.RemoteEndpoint handleCancellation
WARNING: Unmatched cancel notification for request id 680
2026.04.15 20:57:39 INFO  no build target found for C:\Users\USUARIO\Desktop\Estudios\univalle\2026-1\Desarrollo II\Movify\backend\movify-backend\movify-backend\src\main\java\com\movify\backend\Modelo\Usuario.java. Using fallback presentation compiler.
2026.04.15 20:57:39 INFO  no build target found for C:\Users\USUARIO\Desktop\Estudios\univalle\2026-1\Desarrollo II\Movify\backend\movify-backend\movify-backend\src\main\java\com\movify\backend\Modelo\Usuario.java. Using fallback presentation compiler.
2026.04.15 20:57:40 INFO  no build target found for C:\Users\USUARIO\Desktop\Estudios\univalle\2026-1\Desarrollo II\Movify\backend\movify-backend\movify-backend\src\main\java\com\movify\backend\Modelo\Usuario.java. Using fallback presentation compiler.
2026.04.15 20:57:40 INFO  no build target found for C:\Users\USUARIO\Desktop\Estudios\univalle\2026-1\Desarrollo II\Movify\backend\movify-backend\movify-backend\src\main\java\com\movify\backend\Modelo\Usuario.java. Using fallback presentation compiler.
2026.04.15 20:57:40 INFO  no build target found for C:\Users\USUARIO\Desktop\Estudios\univalle\2026-1\Desarrollo II\Movify\backend\movify-backend\movify-backend\src\main\java\com\movify\backend\Modelo\Usuario.java. Using fallback presentation compiler.
2026.04.15 20:57:40 INFO  no build target found for C:\Users\USUARIO\Desktop\Estudios\univalle\2026-1\Desarrollo II\Movify\backend\movify-backend\movify-backend\src\main\java\com\movify\backend\Modelo\Usuario.java. Using fallback presentation compiler.
2026.04.15 20:57:40 INFO  no build target found for C:\Users\USUARIO\Desktop\Estudios\univalle\2026-1\Desarrollo II\Movify\backend\movify-backend\movify-backend\src\main\java\com\movify\backend\Modelo\Usuario.java. Using fallback presentation compiler.
2026.04.15 20:57:41 WARN  no build target for: C:\Users\USUARIO\Desktop\Estudios\univalle\2026-1\Desarrollo II\Movify\backend\movify-backend\movify-backend\src\main\java\com\movify\backend\Modelo\Usuario.java
2026.04.15 20:57:41 INFO  no build target found for C:\Users\USUARIO\Desktop\Estudios\univalle\2026-1\Desarrollo II\Movify\backend\movify-backend\movify-backend\src\main\java\com\movify\backend\Modelo\Usuario.java. Using fallback presentation compiler.
2026.04.15 20:57:41 WARN  Running javac-semanticdb failed for file:///C:/Users/USUARIO/Desktop/Estudios/univalle/2026-1/Desarrollo%20II/Movify/backend/movify-backend/movify-backend/src/main/java/com/movify/backend/Modelo/Usuario.java. Output:

2026.04.15 20:57:41 INFO  no build target found for C:\Users\USUARIO\Desktop\Estudios\univalle\2026-1\Desarrollo II\Movify\backend\movify-backend\movify-backend\src\main\java\com\movify\backend\Modelo\Usuario.java. Using fallback presentation compiler.
2026.04.15 20:57:41 INFO  no build target found for C:\Users\USUARIO\Desktop\Estudios\univalle\2026-1\Desarrollo II\Movify\backend\movify-backend\movify-backend\src\main\java\com\movify\backend\Modelo\Usuario.java. Using fallback presentation compiler.
2026.04.15 20:57:42 INFO  no build target found for C:\Users\USUARIO\Desktop\Estudios\univalle\2026-1\Desarrollo II\Movify\backend\movify-backend\movify-backend\src\main\java\com\movify\backend\Modelo\Usuario.java. Using fallback presentation compiler.
2026.04.15 20:57:42 INFO  no build target found for C:\Users\USUARIO\Desktop\Estudios\univalle\2026-1\Desarrollo II\Movify\backend\movify-backend\movify-backend\src\main\java\com\movify\backend\Modelo\Usuario.java. Using fallback presentation compiler.
2026.04.15 20:57:42 INFO  no build target found for C:\Users\USUARIO\Desktop\Estudios\univalle\2026-1\Desarrollo II\Movify\backend\movify-backend\movify-backend\src\main\java\com\movify\backend\Modelo\Usuario.java. Using fallback presentation compiler.
2026.04.15 20:57:43 INFO  no build target found for C:\Users\USUARIO\Desktop\Estudios\univalle\2026-1\Desarrollo II\Movify\backend\movify-backend\movify-backend\src\main\java\com\movify\backend\Modelo\Usuario.java. Using fallback presentation compiler.
abr 15, 2026 8:57:43 P. M. org.eclipse.lsp4j.jsonrpc.RemoteEndpoint handleCancellation
WARNING: Unmatched cancel notification for request id 701
2026.04.15 20:57:43 INFO  no build target found for C:\Users\USUARIO\Desktop\Estudios\univalle\2026-1\Desarrollo II\Movify\backend\movify-backend\movify-backend\src\main\java\com\movify\backend\Modelo\Usuario.java. Using fallback presentation compiler.
2026.04.15 20:57:46 INFO  no build target found for C:\Users\USUARIO\Desktop\Estudios\univalle\2026-1\Desarrollo II\Movify\backend\movify-backend\movify-backend\src\main\java\com\movify\backend\Modelo\Usuario.java. Using fallback presentation compiler.
2026.04.15 20:57:54 INFO  no build target found for C:\Users\USUARIO\Desktop\Estudios\univalle\2026-1\Desarrollo II\Movify\backend\movify-backend\movify-backend\src\main\java\com\movify\backend\Modelo\Usuario.java. Using fallback presentation compiler.
2026.04.15 20:57:54 INFO  no build target found for C:\Users\USUARIO\Desktop\Estudios\univalle\2026-1\Desarrollo II\Movify\backend\movify-backend\movify-backend\src\main\java\com\movify\backend\Modelo\Usuario.java. Using fallback presentation compiler.
2026.04.15 20:57:54 INFO  no build target found for C:\Users\USUARIO\Desktop\Estudios\univalle\2026-1\Desarrollo II\Movify\backend\movify-backend\movify-backend\src\main\java\com\movify\backend\Modelo\Usuario.java. Using fallback presentation compiler.
2026.04.15 20:57:54 INFO  no build target found for C:\Users\USUARIO\Desktop\Estudios\univalle\2026-1\Desarrollo II\Movify\backend\movify-backend\movify-backend\src\main\java\com\movify\backend\Modelo\Usuario.java. Using fallback presentation compiler.
2026.04.15 20:57:55 INFO  no build target found for C:\Users\USUARIO\Desktop\Estudios\univalle\2026-1\Desarrollo II\Movify\backend\movify-backend\movify-backend\src\main\java\com\movify\backend\Modelo\Usuario.java. Using fallback presentation compiler.
2026.04.15 20:57:55 INFO  no build target found for C:\Users\USUARIO\Desktop\Estudios\univalle\2026-1\Desarrollo II\Movify\backend\movify-backend\movify-backend\src\main\java\com\movify\backend\Modelo\Usuario.java. Using fallback presentation compiler.
abr 15, 2026 8:57:55 P. M. org.eclipse.lsp4j.jsonrpc.RemoteEndpoint handleCancellation
WARNING: Unmatched cancel notification for request id 710
2026.04.15 20:57:55 INFO  no build target found for C:\Users\USUARIO\Desktop\Estudios\univalle\2026-1\Desarrollo II\Movify\backend\movify-backend\movify-backend\src\main\java\com\movify\backend\Modelo\Usuario.java. Using fallback presentation compiler.
2026.04.15 20:57:55 INFO  no build target found for C:\Users\USUARIO\Desktop\Estudios\univalle\2026-1\Desarrollo II\Movify\backend\movify-backend\movify-backend\src\main\java\com\movify\backend\Modelo\Usuario.java. Using fallback presentation compiler.
2026.04.15 20:57:59 INFO  no build target found for C:\Users\USUARIO\Desktop\Estudios\univalle\2026-1\Desarrollo II\Movify\backend\movify-backend\movify-backend\src\main\java\com\movify\backend\Modelo\Usuario.java. Using fallback presentation compiler.
2026.04.15 20:57:59 INFO  no build target found for C:\Users\USUARIO\Desktop\Estudios\univalle\2026-1\Desarrollo II\Movify\backend\movify-backend\movify-backend\src\main\java\com\movify\backend\Modelo\Usuario.java. Using fallback presentation compiler.
2026.04.15 20:57:59 INFO  no build target found for C:\Users\USUARIO\Desktop\Estudios\univalle\2026-1\Desarrollo II\Movify\backend\movify-backend\movify-backend\src\main\java\com\movify\backend\Modelo\Usuario.java. Using fallback presentation compiler.
2026.04.15 20:57:59 INFO  no build target found for C:\Users\USUARIO\Desktop\Estudios\univalle\2026-1\Desarrollo II\Movify\backend\movify-backend\movify-backend\src\main\java\com\movify\backend\Modelo\Usuario.java. Using fallback presentation compiler.
2026.04.15 20:58:00 WARN  no build target for: C:\Users\USUARIO\Desktop\Estudios\univalle\2026-1\Desarrollo II\Movify\backend\movify-backend\movify-backend\src\main\java\com\movify\backend\Modelo\Usuario.java
2026.04.15 20:58:00 INFO  no build target found for C:\Users\USUARIO\Desktop\Estudios\univalle\2026-1\Desarrollo II\Movify\backend\movify-backend\movify-backend\src\main\java\com\movify\backend\Modelo\Usuario.java. Using fallback presentation compiler.
2026.04.15 20:58:00 WARN  Running javac-semanticdb failed for file:///C:/Users/USUARIO/Desktop/Estudios/univalle/2026-1/Desarrollo%20II/Movify/backend/movify-backend/movify-backend/src/main/java/com/movify/backend/Modelo/Usuario.java. Output:

2026.04.15 20:58:00 INFO  no build target found for C:\Users\USUARIO\Desktop\Estudios\univalle\2026-1\Desarrollo II\Movify\backend\movify-backend\movify-backend\src\main\java\com\movify\backend\Modelo\Usuario.java. Using fallback presentation compiler.
2026.04.15 20:58:00 INFO  no build target found for C:\Users\USUARIO\Desktop\Estudios\univalle\2026-1\Desarrollo II\Movify\backend\movify-backend\movify-backend\src\main\java\com\movify\backend\Modelo\Usuario.java. Using fallback presentation compiler.
2026.04.15 20:58:00 INFO  no build target found for C:\Users\USUARIO\Desktop\Estudios\univalle\2026-1\Desarrollo II\Movify\backend\movify-backend\movify-backend\src\main\java\com\movify\backend\Modelo\Usuario.java. Using fallback presentation compiler.
2026.04.15 20:58:02 INFO  no build target found for C:\Users\USUARIO\Desktop\Estudios\univalle\2026-1\Desarrollo II\Movify\backend\movify-backend\movify-backend\src\main\java\com\movify\backend\Modelo\Usuario.java. Using fallback presentation compiler.
2026.04.15 20:58:02 INFO  no build target found for C:\Users\USUARIO\Desktop\Estudios\univalle\2026-1\Desarrollo II\Movify\backend\movify-backend\movify-backend\src\main\java\com\movify\backend\Modelo\Usuario.java. Using fallback presentation compiler.
2026.04.15 20:58:03 INFO  no build target found for C:\Users\USUARIO\Desktop\Estudios\univalle\2026-1\Desarrollo II\Movify\backend\movify-backend\movify-backend\src\main\java\com\movify\backend\Modelo\Usuario.java. Using fallback presentation compiler.
2026.04.15 20:58:05 INFO  no build target found for C:\Users\USUARIO\Desktop\Estudios\univalle\2026-1\Desarrollo II\Movify\backend\movify-backend\movify-backend\src\main\java\com\movify\backend\Modelo\Usuario.java. Using fallback presentation compiler.
2026.04.15 20:58:05 INFO  no build target found for C:\Users\USUARIO\Desktop\Estudios\univalle\2026-1\Desarrollo II\Movify\backend\movify-backend\movify-backend\src\main\java\com\movify\backend\Modelo\Usuario.java. Using fallback presentation compiler.
2026.04.15 20:58:09 INFO  no build target found for C:\Users\USUARIO\Desktop\Estudios\univalle\2026-1\Desarrollo II\Movify\backend\movify-backend\movify-backend\src\main\java\com\movify\backend\Modelo\Usuario.java. Using fallback presentation compiler.
2026.04.15 20:58:09 INFO  no build target found for C:\Users\USUARIO\Desktop\Estudios\univalle\2026-1\Desarrollo II\Movify\backend\movify-backend\movify-backend\src\main\java\com\movify\backend\Modelo\Usuario.java. Using fallback presentation compiler.
2026.04.15 20:59:15 INFO  no build target found for C:\Users\USUARIO\Desktop\Estudios\univalle\2026-1\Desarrollo II\Movify\backend\movify-backend\movify-backend\src\main\java\com\movify\backend\Modelo\Usuario.java. Using fallback presentation compiler.
2026.04.15 20:59:15 INFO  no build target found for C:\Users\USUARIO\Desktop\Estudios\univalle\2026-1\Desarrollo II\Movify\backend\movify-backend\movify-backend\src\main\java\com\movify\backend\Modelo\Usuario.java. Using fallback presentation compiler.
2026.04.15 20:59:18 INFO  no build target found for C:\Users\USUARIO\Desktop\Estudios\univalle\2026-1\Desarrollo II\Movify\backend\movify-backend\movify-backend\src\main\java\com\movify\backend\Modelo\Usuario.java. Using fallback presentation compiler.
2026.04.15 20:59:18 INFO  no build target found for C:\Users\USUARIO\Desktop\Estudios\univalle\2026-1\Desarrollo II\Movify\backend\movify-backend\movify-backend\src\main\java\com\movify\backend\Modelo\Usuario.java. Using fallback presentation compiler.
2026.04.15 20:59:18 WARN  Using H2 2.4.240 which is newer than the version Flyway has been verified with. The latest verified version of H2 is 2.3.232.
2026.04.15 20:59:18 INFO  no build target found for /jakarta/persistence/package-info.java. Using fallback presentation compiler.
2026.04.15 20:59:18 INFO  no build target found for C:\Users\USUARIO\Desktop\Estudios\univalle\2026-1\Desarrollo II\Movify\backend\movify-backend\movify-backend\src\main\java\com\movify\backend\Modelo\Usuario.java. Using fallback presentation compiler.
2026.04.15 20:59:18 INFO  no build target found for C:\Users\USUARIO\Desktop\Estudios\univalle\2026-1\Desarrollo II\Movify\backend\movify-backend\movify-backend\src\main\java\com\movify\backend\Modelo\Usuario.java. Using fallback presentation compiler.
abr 15, 2026 8:59:19 P. M. org.eclipse.lsp4j.jsonrpc.RemoteEndpoint handleCancellation
WARNING: Unmatched cancel notification for request id 740
2026.04.15 20:59:18 INFO  no build target found for C:\Users\USUARIO\Desktop\Estudios\univalle\2026-1\Desarrollo II\Movify\backend\movify-backend\movify-backend\src\main\java\com\movify\backend\Modelo\Usuario.java. Using fallback presentation compiler.
2026.04.15 20:59:20 WARN  Running javac-semanticdb failed for file:///C:/Users/USUARIO/Desktop/Estudios/univalle/2026-1/Desarrollo%20II/Movify/backend/movify-backend/movify-backend/src/main/java/com/movify/backend/Modelo/Usuario.java. Output:

2026.04.15 20:59:20 INFO  no build target found for C:\Users\USUARIO\Desktop\Estudios\univalle\2026-1\Desarrollo II\Movify\backend\movify-backend\movify-backend\src\main\java\com\movify\backend\Modelo\Usuario.java. Using fallback presentation compiler.
2026.04.15 20:59:20 INFO  no build target found for C:\Users\USUARIO\Desktop\Estudios\univalle\2026-1\Desarrollo II\Movify\backend\movify-backend\movify-backend\src\main\java\com\movify\backend\Modelo\Usuario.java. Using fallback presentation compiler.
2026.04.15 20:59:20 INFO  no build target found for C:\Users\USUARIO\Desktop\Estudios\univalle\2026-1\Desarrollo II\Movify\backend\movify-backend\movify-backend\src\main\java\com\movify\backend\Modelo\Usuario.java. Using fallback presentation compiler.
2026.04.15 20:59:20 INFO  no build target found for C:\Users\USUARIO\Desktop\Estudios\univalle\2026-1\Desarrollo II\Movify\backend\movify-backend\movify-backend\src\main\java\com\movify\backend\Modelo\Usuario.java. Using fallback presentation compiler.
2026.04.15 20:59:21 WARN  no build target for: C:\Users\USUARIO\Desktop\Estudios\univalle\2026-1\Desarrollo II\Movify\backend\movify-backend\movify-backend\src\main\java\com\movify\backend\Modelo\Usuario.java
2026.04.15 20:59:21 WARN  Running javac-semanticdb failed for file:///C:/Users/USUARIO/Desktop/Estudios/univalle/2026-1/Desarrollo%20II/Movify/backend/movify-backend/movify-backend/src/main/java/com/movify/backend/Modelo/Usuario.java. Output:

2026.04.15 20:59:21 INFO  no build target found for C:\Users\USUARIO\Desktop\Estudios\univalle\2026-1\Desarrollo II\Movify\backend\movify-backend\movify-backend\src\main\java\com\movify\backend\Modelo\Usuario.java. Using fallback presentation compiler.
2026.04.15 20:59:21 INFO  no build target found for C:\Users\USUARIO\Desktop\Estudios\univalle\2026-1\Desarrollo II\Movify\backend\movify-backend\movify-backend\src\main\java\com\movify\backend\Modelo\Usuario.java. Using fallback presentation compiler.
2026.04.15 20:59:21 INFO  no build target found for C:\Users\USUARIO\Desktop\Estudios\univalle\2026-1\Desarrollo II\Movify\backend\movify-backend\movify-backend\src\main\java\com\movify\backend\Modelo\Usuario.java. Using fallback presentation compiler.
2026.04.15 20:59:21 INFO  no build target found for C:\Users\USUARIO\Desktop\Estudios\univalle\2026-1\Desarrollo II\Movify\backend\movify-backend\movify-backend\src\main\java\com\movify\backend\Modelo\Usuario.java. Using fallback presentation compiler.
2026.04.15 20:59:21 INFO  no build target found for C:\Users\USUARIO\Desktop\Estudios\univalle\2026-1\Desarrollo II\Movify\backend\movify-backend\movify-backend\src\main\java\com\movify\backend\Modelo\Usuario.java. Using fallback presentation compiler.
abr 15, 2026 8:59:22 P. M. org.eclipse.lsp4j.jsonrpc.RemoteEndpoint handleCancellation
WARNING: Unmatched cancel notification for request id 760
2026.04.15 20:59:22 INFO  no build target found for C:\Users\USUARIO\Desktop\Estudios\univalle\2026-1\Desarrollo II\Movify\backend\movify-backend\movify-backend\src\main\java\com\movify\backend\Modelo\Usuario.java. Using fallback presentation compiler.
2026.04.15 20:59:22 INFO  no build target found for C:\Users\USUARIO\Desktop\Estudios\univalle\2026-1\Desarrollo II\Movify\backend\movify-backend\movify-backend\src\main\java\com\movify\backend\Modelo\Usuario.java. Using fallback presentation compiler.
2026.04.15 20:59:22 INFO  no build target found for C:\Users\USUARIO\Desktop\Estudios\univalle\2026-1\Desarrollo II\Movify\backend\movify-backend\movify-backend\src\main\java\com\movify\backend\Modelo\Usuario.java. Using fallback presentation compiler.
2026.04.15 20:59:22 INFO  no build target found for C:\Users\USUARIO\Desktop\Estudios\univalle\2026-1\Desarrollo II\Movify\backend\movify-backend\movify-backend\src\main\java\com\movify\backend\Modelo\Usuario.java. Using fallback presentation compiler.
abr 15, 2026 8:59:23 P. M. org.eclipse.lsp4j.jsonrpc.RemoteEndpoint handleCancellation
WARNING: Unmatched cancel notification for request id 765
2026.04.15 20:59:25 INFO  no build target found for C:\Users\USUARIO\Desktop\Estudios\univalle\2026-1\Desarrollo II\Movify\backend\movify-backend\movify-backend\src\main\java\com\movify\backend\Modelo\Usuario.java. Using fallback presentation compiler.
2026.04.15 20:59:25 INFO  no build target found for C:\Users\USUARIO\Desktop\Estudios\univalle\2026-1\Desarrollo II\Movify\backend\movify-backend\movify-backend\src\main\java\com\movify\backend\Modelo\Usuario.java. Using fallback presentation compiler.
2026.04.15 20:59:25 INFO  no build target found for C:\Users\USUARIO\Desktop\Estudios\univalle\2026-1\Desarrollo II\Movify\backend\movify-backend\movify-backend\src\main\java\com\movify\backend\Modelo\Usuario.java. Using fallback presentation compiler.
2026.04.15 20:59:25 INFO  no build target found for C:\Users\USUARIO\Desktop\Estudios\univalle\2026-1\Desarrollo II\Movify\backend\movify-backend\movify-backend\src\main\java\com\movify\backend\Modelo\Usuario.java. Using fallback presentation compiler.
2026.04.15 20:59:27 INFO  no build target found for C:\Users\USUARIO\Desktop\Estudios\univalle\2026-1\Desarrollo II\Movify\backend\movify-backend\movify-backend\src\main\java\com\movify\backend\Modelo\Usuario.java. Using fallback presentation compiler.
2026.04.15 20:59:27 INFO  no build target found for C:\Users\USUARIO\Desktop\Estudios\univalle\2026-1\Desarrollo II\Movify\backend\movify-backend\movify-backend\src\main\java\com\movify\backend\Modelo\Usuario.java. Using fallback presentation compiler.
2026.04.15 20:59:27 INFO  no build target found for C:\Users\USUARIO\Desktop\Estudios\univalle\2026-1\Desarrollo II\Movify\backend\movify-backend\movify-backend\src\main\java\com\movify\backend\Modelo\Usuario.java. Using fallback presentation compiler.
2026.04.15 20:59:27 INFO  no build target found for C:\Users\USUARIO\Desktop\Estudios\univalle\2026-1\Desarrollo II\Movify\backend\movify-backend\movify-backend\src\main\java\com\movify\backend\Modelo\Usuario.java. Using fallback presentation compiler.
2026.04.15 20:59:27 INFO  no build target found for C:\Users\USUARIO\Desktop\Estudios\univalle\2026-1\Desarrollo II\Movify\backend\movify-backend\movify-backend\src\main\java\com\movify\backend\Modelo\Usuario.java. Using fallback presentation compiler.
2026.04.15 20:59:27 INFO  no build target found for C:\Users\USUARIO\Desktop\Estudios\univalle\2026-1\Desarrollo II\Movify\backend\movify-backend\movify-backend\src\main\java\com\movify\backend\Modelo\Usuario.java. Using fallback presentation compiler.
2026.04.15 20:59:28 INFO  no build target found for C:\Users\USUARIO\Desktop\Estudios\univalle\2026-1\Desarrollo II\Movify\backend\movify-backend\movify-backend\src\main\java\com\movify\backend\Modelo\Usuario.java. Using fallback presentation compiler.
2026.04.15 20:59:28 WARN  no build target for: C:\Users\USUARIO\Desktop\Estudios\univalle\2026-1\Desarrollo II\Movify\backend\movify-backend\movify-backend\src\main\java\com\movify\backend\Modelo\Usuario.java
2026.04.15 20:59:28 INFO  no build target found for C:\Users\USUARIO\Desktop\Estudios\univalle\2026-1\Desarrollo II\Movify\backend\movify-backend\movify-backend\src\main\java\com\movify\backend\Modelo\Usuario.java. Using fallback presentation compiler.
2026.04.15 20:59:28 INFO  no build target found for C:\Users\USUARIO\Desktop\Estudios\univalle\2026-1\Desarrollo II\Movify\backend\movify-backend\movify-backend\src\main\java\com\movify\backend\Modelo\Usuario.java. Using fallback presentation compiler.
2026.04.15 20:59:28 WARN  Running javac-semanticdb failed for file:///C:/Users/USUARIO/Desktop/Estudios/univalle/2026-1/Desarrollo%20II/Movify/backend/movify-backend/movify-backend/src/main/java/com/movify/backend/Modelo/Usuario.java. Output:

2026.04.15 20:59:28 INFO  no build target found for C:\Users\USUARIO\Desktop\Estudios\univalle\2026-1\Desarrollo II\Movify\backend\movify-backend\movify-backend\src\main\java\com\movify\backend\Modelo\Usuario.java. Using fallback presentation compiler.
2026.04.15 20:59:29 INFO  no build target found for C:\Users\USUARIO\Desktop\Estudios\univalle\2026-1\Desarrollo II\Movify\backend\movify-backend\movify-backend\src\main\java\com\movify\backend\Modelo\Usuario.java. Using fallback presentation compiler.
2026.04.15 20:59:29 INFO  no build target found for C:\Users\USUARIO\Desktop\Estudios\univalle\2026-1\Desarrollo II\Movify\backend\movify-backend\movify-backend\src\main\java\com\movify\backend\Modelo\Usuario.java. Using fallback presentation compiler.
2026.04.15 20:59:29 INFO  no build target found for C:\Users\USUARIO\Desktop\Estudios\univalle\2026-1\Desarrollo II\Movify\backend\movify-backend\movify-backend\src\main\java\com\movify\backend\Modelo\Usuario.java. Using fallback presentation compiler.
2026.04.15 20:59:29 INFO  no build target found for C:\Users\USUARIO\Desktop\Estudios\univalle\2026-1\Desarrollo II\Movify\backend\movify-backend\movify-backend\src\main\java\com\movify\backend\Modelo\Usuario.java. Using fallback presentation compiler.
2026.04.15 20:59:30 INFO  no build target found for C:\Users\USUARIO\Desktop\Estudios\univalle\2026-1\Desarrollo II\Movify\backend\movify-backend\movify-backend\src\main\java\com\movify\backend\Modelo\Usuario.java. Using fallback presentation compiler.
2026.04.15 20:59:30 INFO  no build target found for C:\Users\USUARIO\Desktop\Estudios\univalle\2026-1\Desarrollo II\Movify\backend\movify-backend\movify-backend\src\main\java\com\movify\backend\Modelo\Usuario.java. Using fallback presentation compiler.
2026.04.15 20:59:30 INFO  no build target found for C:\Users\USUARIO\Desktop\Estudios\univalle\2026-1\Desarrollo II\Movify\backend\movify-backend\movify-backend\src\main\java\com\movify\backend\Modelo\Usuario.java. Using fallback presentation compiler.
2026.04.15 20:59:31 WARN  no build target for: C:\Users\USUARIO\Desktop\Estudios\univalle\2026-1\Desarrollo II\Movify\backend\movify-backend\movify-backend\src\main\java\com\movify\backend\Modelo\Usuario.java
2026.04.15 20:59:31 INFO  no build target found for C:\Users\USUARIO\Desktop\Estudios\univalle\2026-1\Desarrollo II\Movify\backend\movify-backend\movify-backend\src\main\java\com\movify\backend\Modelo\Usuario.java. Using fallback presentation compiler.
2026.04.15 20:59:31 WARN  Running javac-semanticdb failed for file:///C:/Users/USUARIO/Desktop/Estudios/univalle/2026-1/Desarrollo%20II/Movify/backend/movify-backend/movify-backend/src/main/java/com/movify/backend/Modelo/Usuario.java. Output:

2026.04.15 20:59:33 INFO  no build target found for C:\Users\USUARIO\Desktop\Estudios\univalle\2026-1\Desarrollo II\Movify\backend\movify-backend\movify-backend\src\main\java\com\movify\backend\Modelo\Usuario.java. Using fallback presentation compiler.
2026.04.15 20:59:33 INFO  no build target found for C:\Users\USUARIO\Desktop\Estudios\univalle\2026-1\Desarrollo II\Movify\backend\movify-backend\movify-backend\src\main\java\com\movify\backend\Modelo\Usuario.java. Using fallback presentation compiler.
2026.04.15 20:59:33 INFO  no build target found for C:\Users\USUARIO\Desktop\Estudios\univalle\2026-1\Desarrollo II\Movify\backend\movify-backend\movify-backend\src\main\java\com\movify\backend\Modelo\Usuario.java. Using fallback presentation compiler.
2026.04.15 20:59:34 INFO  no build target found for C:\Users\USUARIO\Desktop\Estudios\univalle\2026-1\Desarrollo II\Movify\backend\movify-backend\movify-backend\src\main\java\com\movify\backend\Modelo\Usuario.java. Using fallback presentation compiler.
2026.04.15 20:59:34 INFO  no build target found for C:\Users\USUARIO\Desktop\Estudios\univalle\2026-1\Desarrollo II\Movify\backend\movify-backend\movify-backend\src\main\java\com\movify\backend\Modelo\Usuario.java. Using fallback presentation compiler.
2026.04.15 20:59:34 INFO  no build target found for C:\Users\USUARIO\Desktop\Estudios\univalle\2026-1\Desarrollo II\Movify\backend\movify-backend\movify-backend\src\main\java\com\movify\backend\Modelo\Usuario.java. Using fallback presentation compiler.
2026.04.15 20:59:34 INFO  no build target found for C:\Users\USUARIO\Desktop\Estudios\univalle\2026-1\Desarrollo II\Movify\backend\movify-backend\movify-backend\src\main\java\com\movify\backend\Modelo\Usuario.java. Using fallback presentation compiler.
2026.04.15 20:59:34 INFO  no build target found for C:\Users\USUARIO\Desktop\Estudios\univalle\2026-1\Desarrollo II\Movify\backend\movify-backend\movify-backend\src\main\java\com\movify\backend\Modelo\Usuario.java. Using fallback presentation compiler.
2026.04.15 20:59:35 INFO  no build target found for C:\Users\USUARIO\Desktop\Estudios\univalle\2026-1\Desarrollo II\Movify\backend\movify-backend\movify-backend\src\main\java\com\movify\backend\Modelo\Usuario.java. Using fallback presentation compiler.
2026.04.15 20:59:34 INFO  no build target found for C:\Users\USUARIO\Desktop\Estudios\univalle\2026-1\Desarrollo II\Movify\backend\movify-backend\movify-backend\src\main\java\com\movify\backend\Modelo\Usuario.java. Using fallback presentation compiler.
2026.04.15 20:59:36 INFO  no build target found for C:\Users\USUARIO\Desktop\Estudios\univalle\2026-1\Desarrollo II\Movify\backend\movify-backend\movify-backend\src\main\java\com\movify\backend\Modelo\Usuario.java. Using fallback presentation compiler.
2026.04.15 20:59:36 INFO  no build target found for C:\Users\USUARIO\Desktop\Estudios\univalle\2026-1\Desarrollo II\Movify\backend\movify-backend\movify-backend\src\main\java\com\movify\backend\Modelo\Usuario.java. Using fallback presentation compiler.
2026.04.15 20:59:36 INFO  no build target found for C:\Users\USUARIO\Desktop\Estudios\univalle\2026-1\Desarrollo II\Movify\backend\movify-backend\movify-backend\src\main\java\com\movify\backend\Modelo\Usuario.java. Using fallback presentation compiler.
2026.04.15 20:59:36 WARN  no build target for: C:\Users\USUARIO\Desktop\Estudios\univalle\2026-1\Desarrollo II\Movify\backend\movify-backend\movify-backend\src\main\java\com\movify\backend\Modelo\Usuario.java
2026.04.15 20:59:36 INFO  no build target found for C:\Users\USUARIO\Desktop\Estudios\univalle\2026-1\Desarrollo II\Movify\backend\movify-backend\movify-backend\src\main\java\com\movify\backend\Modelo\Usuario.java. Using fallback presentation compiler.
2026.04.15 20:59:37 INFO  no build target found for C:\Users\USUARIO\Desktop\Estudios\univalle\2026-1\Desarrollo II\Movify\backend\movify-backend\movify-backend\src\main\java\com\movify\backend\Modelo\Usuario.java. Using fallback presentation compiler.
2026.04.15 20:59:37 INFO  no build target found for C:\Users\USUARIO\Desktop\Estudios\univalle\2026-1\Desarrollo II\Movify\backend\movify-backend\movify-backend\src\main\java\com\movify\backend\Modelo\Usuario.java. Using fallback presentation compiler.
2026.04.15 20:59:37 INFO  no build target found for C:\Users\USUARIO\Desktop\Estudios\univalle\2026-1\Desarrollo II\Movify\backend\movify-backend\movify-backend\src\main\java\com\movify\backend\Modelo\Usuario.java. Using fallback presentation compiler.
2026.04.15 20:59:38 INFO  no build target found for C:\Users\USUARIO\Desktop\Estudios\univalle\2026-1\Desarrollo II\Movify\backend\movify-backend\movify-backend\src\main\java\com\movify\backend\Modelo\Usuario.java. Using fallback presentation compiler.
2026.04.15 20:59:38 INFO  no build target found for C:\Users\USUARIO\Desktop\Estudios\univalle\2026-1\Desarrollo II\Movify\backend\movify-backend\movify-backend\src\main\java\com\movify\backend\Modelo\Usuario.java. Using fallback presentation compiler.
2026.04.15 20:59:38 INFO  no build target found for C:\Users\USUARIO\Desktop\Estudios\univalle\2026-1\Desarrollo II\Movify\backend\movify-backend\movify-backend\src\main\java\com\movify\backend\Modelo\Usuario.java. Using fallback presentation compiler.
2026.04.15 20:59:39 INFO  no build target found for C:\Users\USUARIO\Desktop\Estudios\univalle\2026-1\Desarrollo II\Movify\backend\movify-backend\movify-backend\src\main\java\com\movify\backend\Modelo\Usuario.java. Using fallback presentation compiler.
2026.04.15 20:59:39 INFO  no build target found for C:\Users\USUARIO\Desktop\Estudios\univalle\2026-1\Desarrollo II\Movify\backend\movify-backend\movify-backend\src\main\java\com\movify\backend\Modelo\Usuario.java. Using fallback presentation compiler.
2026.04.15 20:59:39 INFO  no build target found for C:\Users\USUARIO\Desktop\Estudios\univalle\2026-1\Desarrollo II\Movify\backend\movify-backend\movify-backend\src\main\java\com\movify\backend\Modelo\Usuario.java. Using fallback presentation compiler.
abr 15, 2026 8:59:39 P. M. org.eclipse.lsp4j.jsonrpc.RemoteEndpoint handleCancellation
WARNING: Unmatched cancel notification for request id 832
2026.04.15 20:59:39 INFO  no build target found for C:\Users\USUARIO\Desktop\Estudios\univalle\2026-1\Desarrollo II\Movify\backend\movify-backend\movify-backend\src\main\java\com\movify\backend\Modelo\Usuario.java. Using fallback presentation compiler.
2026.04.15 20:59:40 INFO  no build target found for C:\Users\USUARIO\Desktop\Estudios\univalle\2026-1\Desarrollo II\Movify\backend\movify-backend\movify-backend\src\main\java\com\movify\backend\Modelo\Usuario.java. Using fallback presentation compiler.
2026.04.15 20:59:40 INFO  no build target found for C:\Users\USUARIO\Desktop\Estudios\univalle\2026-1\Desarrollo II\Movify\backend\movify-backend\movify-backend\src\main\java\com\movify\backend\Modelo\Usuario.java. Using fallback presentation compiler.
2026.04.15 20:59:40 INFO  no build target found for C:\Users\USUARIO\Desktop\Estudios\univalle\2026-1\Desarrollo II\Movify\backend\movify-backend\movify-backend\src\main\java\com\movify\backend\Modelo\Usuario.java. Using fallback presentation compiler.
2026.04.15 20:59:40 INFO  no build target found for C:\Users\USUARIO\Desktop\Estudios\univalle\2026-1\Desarrollo II\Movify\backend\movify-backend\movify-backend\src\main\java\com\movify\backend\Modelo\Usuario.java. Using fallback presentation compiler.
2026.04.15 20:59:41 INFO  no build target found for C:\Users\USUARIO\Desktop\Estudios\univalle\2026-1\Desarrollo II\Movify\backend\movify-backend\movify-backend\src\main\java\com\movify\backend\Modelo\Usuario.java. Using fallback presentation compiler.
2026.04.15 20:59:40 INFO  no build target found for C:\Users\USUARIO\Desktop\Estudios\univalle\2026-1\Desarrollo II\Movify\backend\movify-backend\movify-backend\src\main\java\com\movify\backend\Modelo\Usuario.java. Using fallback presentation compiler.
2026.04.15 20:59:42 WARN  no build target for: C:\Users\USUARIO\Desktop\Estudios\univalle\2026-1\Desarrollo II\Movify\backend\movify-backend\movify-backend\src\main\java\com\movify\backend\Modelo\Usuario.java
2026.04.15 20:59:42 WARN  Running javac-semanticdb failed for file:///C:/Users/USUARIO/Desktop/Estudios/univalle/2026-1/Desarrollo%20II/Movify/backend/movify-backend/movify-backend/src/main/java/com/movify/backend/Modelo/Usuario.java. Output:

2026.04.15 20:59:42 INFO  no build target found for C:\Users\USUARIO\Desktop\Estudios\univalle\2026-1\Desarrollo II\Movify\backend\movify-backend\movify-backend\src\main\java\com\movify\backend\Modelo\Usuario.java. Using fallback presentation compiler.
2026.04.15 20:59:42 INFO  no build target found for C:\Users\USUARIO\Desktop\Estudios\univalle\2026-1\Desarrollo II\Movify\backend\movify-backend\movify-backend\src\main\java\com\movify\backend\Modelo\Usuario.java. Using fallback presentation compiler.
2026.04.15 20:59:42 INFO  no build target found for C:\Users\USUARIO\Desktop\Estudios\univalle\2026-1\Desarrollo II\Movify\backend\movify-backend\movify-backend\src\main\java\com\movify\backend\Modelo\Usuario.java. Using fallback presentation compiler.
2026.04.15 20:59:42 INFO  no build target found for C:\Users\USUARIO\Desktop\Estudios\univalle\2026-1\Desarrollo II\Movify\backend\movify-backend\movify-backend\src\main\java\com\movify\backend\Modelo\Usuario.java. Using fallback presentation compiler.
2026.04.15 20:59:42 INFO  no build target found for C:\Users\USUARIO\Desktop\Estudios\univalle\2026-1\Desarrollo II\Movify\backend\movify-backend\movify-backend\src\main\java\com\movify\backend\Modelo\Usuario.java. Using fallback presentation compiler.
2026.04.15 20:59:43 INFO  no build target found for C:\Users\USUARIO\Desktop\Estudios\univalle\2026-1\Desarrollo II\Movify\backend\movify-backend\movify-backend\src\main\java\com\movify\backend\Modelo\Usuario.java. Using fallback presentation compiler.
2026.04.15 20:59:43 INFO  no build target found for C:\Users\USUARIO\Desktop\Estudios\univalle\2026-1\Desarrollo II\Movify\backend\movify-backend\movify-backend\src\main\java\com\movify\backend\Modelo\Usuario.java. Using fallback presentation compiler.
2026.04.15 20:59:43 INFO  no build target found for C:\Users\USUARIO\Desktop\Estudios\univalle\2026-1\Desarrollo II\Movify\backend\movify-backend\movify-backend\src\main\java\com\movify\backend\Modelo\Usuario.java. Using fallback presentation compiler.
2026.04.15 20:59:43 INFO  no build target found for C:\Users\USUARIO\Desktop\Estudios\univalle\2026-1\Desarrollo II\Movify\backend\movify-backend\movify-backend\src\main\java\com\movify\backend\Modelo\Usuario.java. Using fallback presentation compiler.
2026.04.15 20:59:43 INFO  no build target found for C:\Users\USUARIO\Desktop\Estudios\univalle\2026-1\Desarrollo II\Movify\backend\movify-backend\movify-backend\src\main\java\com\movify\backend\Modelo\Usuario.java. Using fallback presentation compiler.
2026.04.15 20:59:44 INFO  no build target found for C:\Users\USUARIO\Desktop\Estudios\univalle\2026-1\Desarrollo II\Movify\backend\movify-backend\movify-backend\src\main\java\com\movify\backend\Modelo\Usuario.java. Using fallback presentation compiler.
2026.04.15 20:59:44 INFO  no build target found for C:\Users\USUARIO\Desktop\Estudios\univalle\2026-1\Desarrollo II\Movify\backend\movify-backend\movify-backend\src\main\java\com\movify\backend\Modelo\Usuario.java. Using fallback presentation compiler.
2026.04.15 20:59:44 INFO  no build target found for C:\Users\USUARIO\Desktop\Estudios\univalle\2026-1\Desarrollo II\Movify\backend\movify-backend\movify-backend\src\main\java\com\movify\backend\Modelo\Usuario.java. Using fallback presentation compiler.
2026.04.15 20:59:44 INFO  no build target found for C:\Users\USUARIO\Desktop\Estudios\univalle\2026-1\Desarrollo II\Movify\backend\movify-backend\movify-backend\src\main\java\com\movify\backend\Modelo\Usuario.java. Using fallback presentation compiler.
2026.04.15 20:59:44 INFO  no build target found for C:\Users\USUARIO\Desktop\Estudios\univalle\2026-1\Desarrollo II\Movify\backend\movify-backend\movify-backend\src\main\java\com\movify\backend\Modelo\Usuario.java. Using fallback presentation compiler.
2026.04.15 20:59:44 INFO  no build target found for C:\Users\USUARIO\Desktop\Estudios\univalle\2026-1\Desarrollo II\Movify\backend\movify-backend\movify-backend\src\main\java\com\movify\backend\Modelo\Usuario.java. Using fallback presentation compiler.
2026.04.15 20:59:46 INFO  no build target found for C:\Users\USUARIO\Desktop\Estudios\univalle\2026-1\Desarrollo II\Movify\backend\movify-backend\movify-backend\src\main\java\com\movify\backend\Modelo\Usuario.java. Using fallback presentation compiler.
2026.04.15 20:59:46 INFO  no build target found for C:\Users\USUARIO\Desktop\Estudios\univalle\2026-1\Desarrollo II\Movify\backend\movify-backend\movify-backend\src\main\java\com\movify\backend\Modelo\Usuario.java. Using fallback presentation compiler.
2026.04.15 20:59:46 WARN  no build target for: C:\Users\USUARIO\Desktop\Estudios\univalle\2026-1\Desarrollo II\Movify\backend\movify-backend\movify-backend\src\main\java\com\movify\backend\Modelo\Usuario.java
2026.04.15 20:59:46 INFO  no build target found for C:\Users\USUARIO\Desktop\Estudios\univalle\2026-1\Desarrollo II\Movify\backend\movify-backend\movify-backend\src\main\java\com\movify\backend\Modelo\Usuario.java. Using fallback presentation compiler.
2026.04.15 20:59:46 WARN  Running javac-semanticdb failed for file:///C:/Users/USUARIO/Desktop/Estudios/univalle/2026-1/Desarrollo%20II/Movify/backend/movify-backend/movify-backend/src/main/java/com/movify/backend/Modelo/Usuario.java. Output:

2026.04.15 20:59:46 INFO  no build target found for C:\Users\USUARIO\Desktop\Estudios\univalle\2026-1\Desarrollo II\Movify\backend\movify-backend\movify-backend\src\main\java\com\movify\backend\Modelo\Usuario.java. Using fallback presentation compiler.
2026.04.15 20:59:48 INFO  no build target found for C:\Users\USUARIO\Desktop\Estudios\univalle\2026-1\Desarrollo II\Movify\backend\movify-backend\movify-backend\src\main\java\com\movify\backend\Modelo\Usuario.java. Using fallback presentation compiler.
2026.04.15 20:59:48 INFO  no build target found for C:\Users\USUARIO\Desktop\Estudios\univalle\2026-1\Desarrollo II\Movify\backend\movify-backend\movify-backend\src\main\java\com\movify\backend\Modelo\Usuario.java. Using fallback presentation compiler.
2026.04.15 20:59:49 INFO  no build target found for C:\Users\USUARIO\Desktop\Estudios\univalle\2026-1\Desarrollo II\Movify\backend\movify-backend\movify-backend\src\main\java\com\movify\backend\Modelo\Usuario.java. Using fallback presentation compiler.
2026.04.15 20:59:49 INFO  no build target found for C:\Users\USUARIO\Desktop\Estudios\univalle\2026-1\Desarrollo II\Movify\backend\movify-backend\movify-backend\src\main\java\com\movify\backend\Modelo\Usuario.java. Using fallback presentation compiler.
2026.04.15 20:59:49 INFO  no build target found for C:\Users\USUARIO\Desktop\Estudios\univalle\2026-1\Desarrollo II\Movify\backend\movify-backend\movify-backend\src\main\java\com\movify\backend\Modelo\Usuario.java. Using fallback presentation compiler.
2026.04.15 20:59:50 INFO  no build target found for C:\Users\USUARIO\Desktop\Estudios\univalle\2026-1\Desarrollo II\Movify\backend\movify-backend\movify-backend\src\main\java\com\movify\backend\Modelo\Usuario.java. Using fallback presentation compiler.
2026.04.15 20:59:50 INFO  no build target found for C:\Users\USUARIO\Desktop\Estudios\univalle\2026-1\Desarrollo II\Movify\backend\movify-backend\movify-backend\src\main\java\com\movify\backend\Modelo\Usuario.java. Using fallback presentation compiler.
2026.04.15 20:59:50 INFO  no build target found for C:\Users\USUARIO\Desktop\Estudios\univalle\2026-1\Desarrollo II\Movify\backend\movify-backend\movify-backend\src\main\java\com\movify\backend\Modelo\Usuario.java. Using fallback presentation compiler.
2026.04.15 20:59:50 INFO  no build target found for C:\Users\USUARIO\Desktop\Estudios\univalle\2026-1\Desarrollo II\Movify\backend\movify-backend\movify-backend\src\main\java\com\movify\backend\Modelo\Usuario.java. Using fallback presentation compiler.
2026.04.15 20:59:50 INFO  no build target found for C:\Users\USUARIO\Desktop\Estudios\univalle\2026-1\Desarrollo II\Movify\backend\movify-backend\movify-backend\src\main\java\com\movify\backend\Modelo\Usuario.java. Using fallback presentation compiler.
2026.04.15 20:59:50 INFO  no build target found for C:\Users\USUARIO\Desktop\Estudios\univalle\2026-1\Desarrollo II\Movify\backend\movify-backend\movify-backend\src\main\java\com\movify\backend\Modelo\Usuario.java. Using fallback presentation compiler.
2026.04.15 20:59:51 INFO  no build target found for C:\Users\USUARIO\Desktop\Estudios\univalle\2026-1\Desarrollo II\Movify\backend\movify-backend\movify-backend\src\main\java\com\movify\backend\Modelo\Usuario.java. Using fallback presentation compiler.
2026.04.15 20:59:51 INFO  no build target found for C:\Users\USUARIO\Desktop\Estudios\univalle\2026-1\Desarrollo II\Movify\backend\movify-backend\movify-backend\src\main\java\com\movify\backend\Modelo\Usuario.java. Using fallback presentation compiler.
2026.04.15 20:59:51 INFO  no build target found for C:\Users\USUARIO\Desktop\Estudios\univalle\2026-1\Desarrollo II\Movify\backend\movify-backend\movify-backend\src\main\java\com\movify\backend\Modelo\Usuario.java. Using fallback presentation compiler.
abr 15, 2026 8:59:52 P. M. org.eclipse.lsp4j.jsonrpc.RemoteEndpoint handleCancellation
WARNING: Unmatched cancel notification for request id 890
2026.04.15 20:59:51 INFO  no build target found for C:\Users\USUARIO\Desktop\Estudios\univalle\2026-1\Desarrollo II\Movify\backend\movify-backend\movify-backend\src\main\java\com\movify\backend\Modelo\Usuario.java. Using fallback presentation compiler.
2026.04.15 20:59:51 INFO  no build target found for C:\Users\USUARIO\Desktop\Estudios\univalle\2026-1\Desarrollo II\Movify\backend\movify-backend\movify-backend\src\main\java\com\movify\backend\Modelo\Usuario.java. Using fallback presentation compiler.
2026.04.15 20:59:51 INFO  no build target found for C:\Users\USUARIO\Desktop\Estudios\univalle\2026-1\Desarrollo II\Movify\backend\movify-backend\movify-backend\src\main\java\com\movify\backend\Modelo\Usuario.java. Using fallback presentation compiler.
2026.04.15 20:59:51 INFO  no build target found for C:\Users\USUARIO\Desktop\Estudios\univalle\2026-1\Desarrollo II\Movify\backend\movify-backend\movify-backend\src\main\java\com\movify\backend\Modelo\Usuario.java. Using fallback presentation compiler.
2026.04.15 20:59:51 INFO  no build target found for C:\Users\USUARIO\Desktop\Estudios\univalle\2026-1\Desarrollo II\Movify\backend\movify-backend\movify-backend\src\main\java\com\movify\backend\Modelo\Usuario.java. Using fallback presentation compiler.
2026.04.15 20:59:51 INFO  no build target found for C:\Users\USUARIO\Desktop\Estudios\univalle\2026-1\Desarrollo II\Movify\backend\movify-backend\movify-backend\src\main\java\com\movify\backend\Modelo\Usuario.java. Using fallback presentation compiler.
2026.04.15 20:59:51 INFO  no build target found for C:\Users\USUARIO\Desktop\Estudios\univalle\2026-1\Desarrollo II\Movify\backend\movify-backend\movify-backend\src\main\java\com\movify\backend\Modelo\Usuario.java. Using fallback presentation compiler.
2026.04.15 20:59:53 INFO  no build target found for C:\Users\USUARIO\Desktop\Estudios\univalle\2026-1\Desarrollo II\Movify\backend\movify-backend\movify-backend\src\main\java\com\movify\backend\Modelo\Usuario.java. Using fallback presentation compiler.
2026.04.15 20:59:53 INFO  no build target found for C:\Users\USUARIO\Desktop\Estudios\univalle\2026-1\Desarrollo II\Movify\backend\movify-backend\movify-backend\src\main\java\com\movify\backend\Modelo\Usuario.java. Using fallback presentation compiler.
2026.04.15 20:59:54 WARN  no build target for: C:\Users\USUARIO\Desktop\Estudios\univalle\2026-1\Desarrollo II\Movify\backend\movify-backend\movify-backend\src\main\java\com\movify\backend\Modelo\Usuario.java
2026.04.15 20:59:54 INFO  no build target found for C:\Users\USUARIO\Desktop\Estudios\univalle\2026-1\Desarrollo II\Movify\backend\movify-backend\movify-backend\src\main\java\com\movify\backend\Modelo\Usuario.java. Using fallback presentation compiler.
2026.04.15 20:59:54 WARN  Running javac-semanticdb failed for file:///C:/Users/USUARIO/Desktop/Estudios/univalle/2026-1/Desarrollo%20II/Movify/backend/movify-backend/movify-backend/src/main/java/com/movify/backend/Modelo/Usuario.java. Output:

2026.04.15 20:59:54 INFO  no build target found for C:\Users\USUARIO\Desktop\Estudios\univalle\2026-1\Desarrollo II\Movify\backend\movify-backend\movify-backend\src\main\java\com\movify\backend\Modelo\Usuario.java. Using fallback presentation compiler.
2026.04.15 20:59:54 INFO  no build target found for C:\Users\USUARIO\Desktop\Estudios\univalle\2026-1\Desarrollo II\Movify\backend\movify-backend\movify-backend\src\main\java\com\movify\backend\Modelo\Usuario.java. Using fallback presentation compiler.
2026.04.15 20:59:54 INFO  no build target found for C:\Users\USUARIO\Desktop\Estudios\univalle\2026-1\Desarrollo II\Movify\backend\movify-backend\movify-backend\src\main\java\com\movify\backend\Modelo\Usuario.java. Using fallback presentation compiler.
2026.04.15 20:59:55 INFO  no build target found for C:\Users\USUARIO\Desktop\Estudios\univalle\2026-1\Desarrollo II\Movify\backend\movify-backend\movify-backend\src\main\java\com\movify\backend\Modelo\Usuario.java. Using fallback presentation compiler.
2026.04.15 20:59:55 WARN  no build target for: C:\Users\USUARIO\Desktop\Estudios\univalle\2026-1\Desarrollo II\Movify\backend\movify-backend\movify-backend\src\main\java\com\movify\backend\Modelo\Usuario.java
2026.04.15 20:59:55 WARN  Running javac-semanticdb failed for file:///C:/Users/USUARIO/Desktop/Estudios/univalle/2026-1/Desarrollo%20II/Movify/backend/movify-backend/movify-backend/src/main/java/com/movify/backend/Modelo/Usuario.java. Output:

2026.04.15 20:59:55 INFO  no build target found for C:\Users\USUARIO\Desktop\Estudios\univalle\2026-1\Desarrollo II\Movify\backend\movify-backend\movify-backend\src\main\java\com\movify\backend\Modelo\Usuario.java. Using fallback presentation compiler.
2026.04.15 20:59:55 INFO  no build target found for C:\Users\USUARIO\Desktop\Estudios\univalle\2026-1\Desarrollo II\Movify\backend\movify-backend\movify-backend\src\main\java\com\movify\backend\Modelo\Usuario.java. Using fallback presentation compiler.
2026.04.15 20:59:55 INFO  no build target found for C:\Users\USUARIO\Desktop\Estudios\univalle\2026-1\Desarrollo II\Movify\backend\movify-backend\movify-backend\src\main\java\com\movify\backend\Modelo\Usuario.java. Using fallback presentation compiler.
2026.04.15 20:59:55 INFO  no build target found for C:\Users\USUARIO\Desktop\Estudios\univalle\2026-1\Desarrollo II\Movify\backend\movify-backend\movify-backend\src\main\java\com\movify\backend\Modelo\Usuario.java. Using fallback presentation compiler.
2026.04.15 20:59:55 INFO  no build target found for C:\Users\USUARIO\Desktop\Estudios\univalle\2026-1\Desarrollo II\Movify\backend\movify-backend\movify-backend\src\main\java\com\movify\backend\Modelo\Usuario.java. Using fallback presentation compiler.
2026.04.15 20:59:56 INFO  no build target found for C:\Users\USUARIO\Desktop\Estudios\univalle\2026-1\Desarrollo II\Movify\backend\movify-backend\movify-backend\src\main\java\com\movify\backend\Modelo\Usuario.java. Using fallback presentation compiler.
2026.04.15 20:59:56 INFO  no build target found for C:\Users\USUARIO\Desktop\Estudios\univalle\2026-1\Desarrollo II\Movify\backend\movify-backend\movify-backend\src\main\java\com\movify\backend\Modelo\Usuario.java. Using fallback presentation compiler.
2026.04.15 20:59:56 INFO  no build target found for C:\Users\USUARIO\Desktop\Estudios\univalle\2026-1\Desarrollo II\Movify\backend\movify-backend\movify-backend\src\main\java\com\movify\backend\Modelo\Usuario.java. Using fallback presentation compiler.
2026.04.15 20:59:58 INFO  no build target found for C:\Users\USUARIO\Desktop\Estudios\univalle\2026-1\Desarrollo II\Movify\backend\movify-backend\movify-backend\src\main\java\com\movify\backend\Modelo\Usuario.java. Using fallback presentation compiler.
2026.04.15 20:59:59 INFO  no build target found for C:\Users\USUARIO\Desktop\Estudios\univalle\2026-1\Desarrollo II\Movify\backend\movify-backend\movify-backend\src\main\java\com\movify\backend\Modelo\Usuario.java. Using fallback presentation compiler.
2026.04.15 20:59:59 INFO  no build target found for C:\Users\USUARIO\Desktop\Estudios\univalle\2026-1\Desarrollo II\Movify\backend\movify-backend\movify-backend\src\main\java\com\movify\backend\Modelo\Usuario.java. Using fallback presentation compiler.
2026.04.15 20:59:59 INFO  no build target found for C:\Users\USUARIO\Desktop\Estudios\univalle\2026-1\Desarrollo II\Movify\backend\movify-backend\movify-backend\src\main\java\com\movify\backend\Modelo\Usuario.java. Using fallback presentation compiler.
2026.04.15 21:00:01 INFO  no build target found for C:\Users\USUARIO\Desktop\Estudios\univalle\2026-1\Desarrollo II\Movify\backend\movify-backend\movify-backend\src\main\java\com\movify\backend\Modelo\Usuario.java. Using fallback presentation compiler.
2026.04.15 21:00:01 INFO  no build target found for C:\Users\USUARIO\Desktop\Estudios\univalle\2026-1\Desarrollo II\Movify\backend\movify-backend\movify-backend\src\main\java\com\movify\backend\Modelo\Usuario.java. Using fallback presentation compiler.
2026.04.15 21:00:02 INFO  no build target found for C:\Users\USUARIO\Desktop\Estudios\univalle\2026-1\Desarrollo II\Movify\backend\movify-backend\movify-backend\src\main\java\com\movify\backend\Modelo\Usuario.java. Using fallback presentation compiler.
2026.04.15 21:00:02 INFO  no build target found for C:\Users\USUARIO\Desktop\Estudios\univalle\2026-1\Desarrollo II\Movify\backend\movify-backend\movify-backend\src\main\java\com\movify\backend\Modelo\Usuario.java. Using fallback presentation compiler.
2026.04.15 21:00:02 INFO  no build target found for C:\Users\USUARIO\Desktop\Estudios\univalle\2026-1\Desarrollo II\Movify\backend\movify-backend\movify-backend\src\main\java\com\movify\backend\Modelo\Usuario.java. Using fallback presentation compiler.
2026.04.15 21:00:11 INFO  no build target found for C:\Users\USUARIO\Desktop\Estudios\univalle\2026-1\Desarrollo II\Movify\backend\movify-backend\movify-backend\src\main\java\com\movify\backend\Modelo\Usuario.java. Using fallback presentation compiler.
2026.04.15 21:00:13 INFO  no build target found for C:\Users\USUARIO\Desktop\Estudios\univalle\2026-1\Desarrollo II\Movify\backend\movify-backend\movify-backend\src\main\java\com\movify\backend\Modelo\Usuario.java. Using fallback presentation compiler.
2026.04.15 21:00:13 INFO  no build target found for C:\Users\USUARIO\Desktop\Estudios\univalle\2026-1\Desarrollo II\Movify\backend\movify-backend\movify-backend\src\main\java\com\movify\backend\Modelo\Usuario.java. Using fallback presentation compiler.
2026.04.15 21:00:13 INFO  no build target found for C:\Users\USUARIO\Desktop\Estudios\univalle\2026-1\Desarrollo II\Movify\backend\movify-backend\movify-backend\src\main\java\com\movify\backend\Modelo\Usuario.java. Using fallback presentation compiler.
abr 15, 2026 9:00:13 P. M. org.eclipse.lsp4j.jsonrpc.RemoteEndpoint handleCancellation
WARNING: Unmatched cancel notification for request id 979
2026.04.15 21:00:13 INFO  no build target found for C:\Users\USUARIO\Desktop\Estudios\univalle\2026-1\Desarrollo II\Movify\backend\movify-backend\movify-backend\src\main\java\com\movify\backend\Modelo\Usuario.java. Using fallback presentation compiler.
2026.04.15 21:00:17 INFO  no build target found for C:\Users\USUARIO\Desktop\Estudios\univalle\2026-1\Desarrollo II\Movify\backend\movify-backend\movify-backend\src\main\java\com\movify\backend\Modelo\Usuario.java. Using fallback presentation compiler.
2026.04.15 21:00:17 INFO  no build target found for C:\Users\USUARIO\Desktop\Estudios\univalle\2026-1\Desarrollo II\Movify\backend\movify-backend\movify-backend\src\main\java\com\movify\backend\Modelo\Usuario.java. Using fallback presentation compiler.
2026.04.15 21:00:17 INFO  no build target found for C:\Users\USUARIO\Desktop\Estudios\univalle\2026-1\Desarrollo II\Movify\backend\movify-backend\movify-backend\src\main\java\com\movify\backend\Modelo\Usuario.java. Using fallback presentation compiler.
2026.04.15 21:00:17 INFO  no build target found for C:\Users\USUARIO\Desktop\Estudios\univalle\2026-1\Desarrollo II\Movify\backend\movify-backend\movify-backend\src\main\java\com\movify\backend\Modelo\Usuario.java. Using fallback presentation compiler.
2026.04.15 21:00:19 INFO  no build target found for C:\Users\USUARIO\Desktop\Estudios\univalle\2026-1\Desarrollo II\Movify\backend\movify-backend\movify-backend\src\main\java\com\movify\backend\Modelo\Usuario.java. Using fallback presentation compiler.
2026.04.15 21:00:19 INFO  no build target found for C:\Users\USUARIO\Desktop\Estudios\univalle\2026-1\Desarrollo II\Movify\backend\movify-backend\movify-backend\src\main\java\com\movify\backend\Modelo\Usuario.java. Using fallback presentation compiler.
2026.04.15 21:00:19 INFO  no build target found for C:\Users\USUARIO\Desktop\Estudios\univalle\2026-1\Desarrollo II\Movify\backend\movify-backend\movify-backend\src\main\java\com\movify\backend\Modelo\Usuario.java. Using fallback presentation compiler.
2026.04.15 21:00:20 INFO  no build target found for C:\Users\USUARIO\Desktop\Estudios\univalle\2026-1\Desarrollo II\Movify\backend\movify-backend\movify-backend\src\main\java\com\movify\backend\Modelo\Usuario.java. Using fallback presentation compiler.
2026.04.15 21:00:20 INFO  no build target found for C:\Users\USUARIO\Desktop\Estudios\univalle\2026-1\Desarrollo II\Movify\backend\movify-backend\movify-backend\src\main\java\com\movify\backend\Modelo\Usuario.java. Using fallback presentation compiler.
2026.04.15 21:00:20 INFO  no build target found for C:\Users\USUARIO\Desktop\Estudios\univalle\2026-1\Desarrollo II\Movify\backend\movify-backend\movify-backend\src\main\java\com\movify\backend\Modelo\Usuario.java. Using fallback presentation compiler.
2026.04.15 21:00:23 INFO  no build target found for C:\Users\USUARIO\Desktop\Estudios\univalle\2026-1\Desarrollo II\Movify\backend\movify-backend\movify-backend\src\main\java\com\movify\backend\Modelo\Usuario.java. Using fallback presentation compiler.
2026.04.15 21:00:23 INFO  no build target found for C:\Users\USUARIO\Desktop\Estudios\univalle\2026-1\Desarrollo II\Movify\backend\movify-backend\movify-backend\src\main\java\com\movify\backend\Modelo\Usuario.java. Using fallback presentation compiler.
2026.04.15 21:00:23 INFO  no build target found for C:\Users\USUARIO\Desktop\Estudios\univalle\2026-1\Desarrollo II\Movify\backend\movify-backend\movify-backend\src\main\java\com\movify\backend\Modelo\Usuario.java. Using fallback presentation compiler.
abr 15, 2026 9:00:23 P. M. org.eclipse.lsp4j.jsonrpc.RemoteEndpoint handleCancellation
WARNING: Unmatched cancel notification for request id 994
2026.04.15 21:00:23 INFO  no build target found for C:\Users\USUARIO\Desktop\Estudios\univalle\2026-1\Desarrollo II\Movify\backend\movify-backend\movify-backend\src\main\java\com\movify\backend\Modelo\Usuario.java. Using fallback presentation compiler.
2026.04.15 21:00:28 INFO  no build target found for C:\Users\USUARIO\Desktop\Estudios\univalle\2026-1\Desarrollo II\Movify\backend\movify-backend\movify-backend\src\main\java\com\movify\backend\Modelo\Usuario.java. Using fallback presentation compiler.
2026.04.15 21:00:28 INFO  no build target found for C:\Users\USUARIO\Desktop\Estudios\univalle\2026-1\Desarrollo II\Movify\backend\movify-backend\movify-backend\src\main\java\com\movify\backend\Modelo\Usuario.java. Using fallback presentation compiler.
2026.04.15 21:00:28 INFO  no build target found for C:\Users\USUARIO\Desktop\Estudios\univalle\2026-1\Desarrollo II\Movify\backend\movify-backend\movify-backend\src\main\java\com\movify\backend\Modelo\Usuario.java. Using fallback presentation compiler.
abr 15, 2026 9:00:28 P. M. org.eclipse.lsp4j.jsonrpc.RemoteEndpoint handleCancellation
WARNING: Unmatched cancel notification for request id 998
2026.04.15 21:00:28 INFO  no build target found for C:\Users\USUARIO\Desktop\Estudios\univalle\2026-1\Desarrollo II\Movify\backend\movify-backend\movify-backend\src\main\java\com\movify\backend\Modelo\Usuario.java. Using fallback presentation compiler.
2026.04.15 21:00:33 INFO  no build target found for C:\Users\USUARIO\Desktop\Estudios\univalle\2026-1\Desarrollo II\Movify\backend\movify-backend\movify-backend\src\main\java\com\movify\backend\Modelo\Usuario.java. Using fallback presentation compiler.
2026.04.15 21:01:22 INFO  no build target found for C:\Users\USUARIO\Desktop\Estudios\univalle\2026-1\Desarrollo II\Movify\backend\movify-backend\movify-backend\src\main\java\com\movify\backend\Modelo\Usuario.java. Using fallback presentation compiler.
2026.04.15 21:01:23 INFO  no build target found for C:\Users\USUARIO\Desktop\Estudios\univalle\2026-1\Desarrollo II\Movify\backend\movify-backend\movify-backend\src\main\java\com\movify\backend\Modelo\UsuarioRepositorio.java. Using fallback presentation compiler.
2026.04.15 21:01:24 INFO  no build target found for C:\Users\USUARIO\Desktop\Estudios\univalle\2026-1\Desarrollo II\Movify\backend\movify-backend\movify-backend\src\main\java\com\movify\backend\Modelo\UsuarioRepositorio.java. Using fallback presentation compiler.
2026.04.15 21:01:24 INFO  no build target found for C:\Users\USUARIO\Desktop\Estudios\univalle\2026-1\Desarrollo II\Movify\backend\movify-backend\movify-backend\src\main\java\com\movify\backend\Modelo\UsuarioRepositorio.java. Using fallback presentation compiler.
2026.04.15 21:01:24 INFO  no build target found for C:\Users\USUARIO\Desktop\Estudios\univalle\2026-1\Desarrollo II\Movify\backend\movify-backend\movify-backend\src\main\java\com\movify\backend\Modelo\UsuarioRepositorio.java. Using fallback presentation compiler.
2026.04.15 21:01:25 INFO  no build target found for C:\Users\USUARIO\Desktop\Estudios\univalle\2026-1\Desarrollo II\Movify\backend\movify-backend\movify-backend\src\main\java\com\movify\backend\Modelo\UsuarioRepositorio.java. Using fallback presentation compiler.
2026.04.15 21:01:25 WARN  no build target for: C:\Users\USUARIO\Desktop\Estudios\univalle\2026-1\Desarrollo II\Movify\backend\movify-backend\movify-backend\src\main\java\com\movify\backend\Modelo\UsuarioRepositorio.java
2026.04.15 21:01:25 INFO  no build target found for C:\Users\USUARIO\Desktop\Estudios\univalle\2026-1\Desarrollo II\Movify\backend\movify-backend\movify-backend\src\main\java\com\movify\backend\Modelo\UsuarioRepositorio.java. Using fallback presentation compiler.
2026.04.15 21:01:25 WARN  Running javac-semanticdb failed for file:///C:/Users/USUARIO/Desktop/Estudios/univalle/2026-1/Desarrollo%20II/Movify/backend/movify-backend/movify-backend/src/main/java/com/movify/backend/Modelo/UsuarioRepositorio.java. Output:

2026.04.15 21:01:24 INFO  no build target found for C:\Users\USUARIO\Desktop\Estudios\univalle\2026-1\Desarrollo II\Movify\backend\movify-backend\movify-backend\src\main\java\com\movify\backend\Modelo\UsuarioRepositorio.java. Using fallback presentation compiler.
2026.04.15 21:01:25 INFO  no build target found for C:\Users\USUARIO\Desktop\Estudios\univalle\2026-1\Desarrollo II\Movify\backend\movify-backend\movify-backend\src\main\java\com\movify\backend\Modelo\UsuarioRepositorio.java. Using fallback presentation compiler.
2026.04.15 21:01:46 INFO  no build target found for c:\Users\USUARIO\Desktop\Estudios\univalle\2026-1\Desarrollo II\Movify\backend\movify-backend\movify-backend\src\main\java\com\movify\backend\Modelo\UsuarioRepositorio.java. Using fallback presentation compiler.
2026.04.15 21:01:46 INFO  no build target found for C:\Users\USUARIO\Desktop\Estudios\univalle\2026-1\Desarrollo II\Movify\backend\movify-backend\movify-backend\src\main\java\com\movify\backend\Modelo\Usuario.java. Using fallback presentation compiler.
2026.04.15 21:01:47 WARN  no build target for: C:\Users\USUARIO\Desktop\Estudios\univalle\2026-1\Desarrollo II\Movify\backend\movify-backend\movify-backend\src\main\java\com\movify\backend\Modelo\Usuario.java
abr 15, 2026 9:01:47 P. M. org.eclipse.lsp4j.jsonrpc.RemoteEndpoint handleCancellation
WARNING: Unmatched cancel notification for request id 1019
2026.04.15 21:01:46 INFO  no build target found for C:\Users\USUARIO\Desktop\Estudios\univalle\2026-1\Desarrollo II\Movify\backend\movify-backend\movify-backend\src\main\java\com\movify\backend\Modelo\Usuario.java. Using fallback presentation compiler.
2026.04.15 21:01:47 INFO  no build target found for C:\Users\USUARIO\Desktop\Estudios\univalle\2026-1\Desarrollo II\Movify\backend\movify-backend\movify-backend\src\main\java\com\movify\backend\Modelo\Usuario.java. Using fallback presentation compiler.
2026.04.15 21:01:46 INFO  no build target found for C:\Users\USUARIO\Desktop\Estudios\univalle\2026-1\Desarrollo II\Movify\backend\movify-backend\movify-backend\src\main\java\com\movify\backend\Modelo\Usuario.java. Using fallback presentation compiler.
2026.04.15 21:02:17 INFO  no build target found for C:\Users\USUARIO\Desktop\Estudios\univalle\2026-1\Desarrollo II\Movify\backend\movify-backend\movify-backend\src\main\java\com\movify\backend\Modelo\Usuario.java. Using fallback presentation compiler.
2026.04.15 21:02:24 INFO  no build target found for C:\Users\USUARIO\Desktop\Estudios\univalle\2026-1\Desarrollo II\Movify\backend\movify-backend\movify-backend\src\main\java\com\movify\backend\Modelo\Usuario.java. Using fallback presentation compiler.
2026.04.15 21:02:24 INFO  no build target found for C:\Users\USUARIO\Desktop\Estudios\univalle\2026-1\Desarrollo II\Movify\backend\movify-backend\movify-backend\src\main\java\com\movify\backend\Modelo\Usuario.java. Using fallback presentation compiler.
2026.04.15 21:02:27 INFO  no build target found for C:\Users\USUARIO\Desktop\Estudios\univalle\2026-1\Desarrollo II\Movify\backend\movify-backend\movify-backend\src\main\java\com\movify\backend\Modelo\Usuario.java. Using fallback presentation compiler.
2026.04.15 21:02:27 INFO  no build target found for C:\Users\USUARIO\Desktop\Estudios\univalle\2026-1\Desarrollo II\Movify\backend\movify-backend\movify-backend\src\main\java\com\movify\backend\Modelo\Usuario.java. Using fallback presentation compiler.
2026.04.15 21:02:29 INFO  no build target found for C:\Users\USUARIO\Desktop\Estudios\univalle\2026-1\Desarrollo II\Movify\backend\movify-backend\movify-backend\src\main\java\com\movify\backend\Modelo\Usuario.java. Using fallback presentation compiler.
2026.04.15 21:02:29 INFO  no build target found for C:\Users\USUARIO\Desktop\Estudios\univalle\2026-1\Desarrollo II\Movify\backend\movify-backend\movify-backend\src\main\java\com\movify\backend\Modelo\Usuario.java. Using fallback presentation compiler.
2026.04.15 21:02:29 INFO  no build target found for C:\Users\USUARIO\Desktop\Estudios\univalle\2026-1\Desarrollo II\Movify\backend\movify-backend\movify-backend\src\main\java\com\movify\backend\Modelo\Usuario.java. Using fallback presentation compiler.
2026.04.15 21:02:29 INFO  no build target found for C:\Users\USUARIO\Desktop\Estudios\univalle\2026-1\Desarrollo II\Movify\backend\movify-backend\movify-backend\src\main\java\com\movify\backend\Modelo\Usuario.java. Using fallback presentation compiler.
2026.04.15 21:02:29 INFO  no build target found for C:\Users\USUARIO\Desktop\Estudios\univalle\2026-1\Desarrollo II\Movify\backend\movify-backend\movify-backend\src\main\java\com\movify\backend\Modelo\Usuario.java. Using fallback presentation compiler.
2026.04.15 21:02:29 INFO  no build target found for C:\Users\USUARIO\Desktop\Estudios\univalle\2026-1\Desarrollo II\Movify\backend\movify-backend\movify-backend\src\main\java\com\movify\backend\Modelo\Usuario.java. Using fallback presentation compiler.
2026.04.15 21:02:29 INFO  no build target found for C:\Users\USUARIO\Desktop\Estudios\univalle\2026-1\Desarrollo II\Movify\backend\movify-backend\movify-backend\src\main\java\com\movify\backend\Modelo\Usuario.java. Using fallback presentation compiler.
2026.04.15 21:02:29 INFO  no build target found for C:\Users\USUARIO\Desktop\Estudios\univalle\2026-1\Desarrollo II\Movify\backend\movify-backend\movify-backend\src\main\java\com\movify\backend\Modelo\Usuario.java. Using fallback presentation compiler.
2026.04.15 21:02:31 INFO  no build target found for C:\Users\USUARIO\Desktop\Estudios\univalle\2026-1\Desarrollo II\Movify\backend\movify-backend\movify-backend\src\main\java\com\movify\backend\Modelo\Usuario.java. Using fallback presentation compiler.
2026.04.15 21:02:31 INFO  no build target found for C:\Users\USUARIO\Desktop\Estudios\univalle\2026-1\Desarrollo II\Movify\backend\movify-backend\movify-backend\src\main\java\com\movify\backend\Modelo\Usuario.java. Using fallback presentation compiler.
2026.04.15 21:02:31 INFO  no build target found for C:\Users\USUARIO\Desktop\Estudios\univalle\2026-1\Desarrollo II\Movify\backend\movify-backend\movify-backend\src\main\java\com\movify\backend\Modelo\Usuario.java. Using fallback presentation compiler.
2026.04.15 21:02:33 INFO  no build target found for C:\Users\USUARIO\Desktop\Estudios\univalle\2026-1\Desarrollo II\Movify\backend\movify-backend\movify-backend\src\main\java\com\movify\backend\Modelo\Usuario.java. Using fallback presentation compiler.
2026.04.15 21:02:33 INFO  no build target found for C:\Users\USUARIO\Desktop\Estudios\univalle\2026-1\Desarrollo II\Movify\backend\movify-backend\movify-backend\src\main\java\com\movify\backend\Modelo\Usuario.java. Using fallback presentation compiler.
2026.04.15 21:02:33 INFO  no build target found for C:\Users\USUARIO\Desktop\Estudios\univalle\2026-1\Desarrollo II\Movify\backend\movify-backend\movify-backend\src\main\java\com\movify\backend\Modelo\Usuario.java. Using fallback presentation compiler.
abr 15, 2026 9:02:33 P. M. org.eclipse.lsp4j.jsonrpc.RemoteEndpoint handleCancellation
WARNING: Unmatched cancel notification for request id 1049
2026.04.15 21:02:33 INFO  no build target found for C:\Users\USUARIO\Desktop\Estudios\univalle\2026-1\Desarrollo II\Movify\backend\movify-backend\movify-backend\src\main\java\com\movify\backend\Modelo\Usuario.java. Using fallback presentation compiler.
abr 15, 2026 9:02:33 P. M. org.eclipse.lsp4j.jsonrpc.RemoteEndpoint handleCancellation
WARNING: Unmatched cancel notification for request id 1050
2026.04.15 21:02:33 INFO  no build target found for C:\Users\USUARIO\Desktop\Estudios\univalle\2026-1\Desarrollo II\Movify\backend\movify-backend\movify-backend\src\main\java\com\movify\backend\Modelo\Usuario.java. Using fallback presentation compiler.
2026.04.15 21:02:34 INFO  no build target found for C:\Users\USUARIO\Desktop\Estudios\univalle\2026-1\Desarrollo II\Movify\backend\movify-backend\movify-backend\src\main\java\com\movify\backend\Modelo\Usuario.java. Using fallback presentation compiler.
2026.04.15 21:02:34 INFO  no build target found for C:\Users\USUARIO\Desktop\Estudios\univalle\2026-1\Desarrollo II\Movify\backend\movify-backend\movify-backend\src\main\java\com\movify\backend\Modelo\Usuario.java. Using fallback presentation compiler.
2026.04.15 21:02:34 INFO  no build target found for C:\Users\USUARIO\Desktop\Estudios\univalle\2026-1\Desarrollo II\Movify\backend\movify-backend\movify-backend\src\main\java\com\movify\backend\Modelo\Usuario.java. Using fallback presentation compiler.
2026.04.15 21:02:34 INFO  no build target found for C:\Users\USUARIO\Desktop\Estudios\univalle\2026-1\Desarrollo II\Movify\backend\movify-backend\movify-backend\src\main\java\com\movify\backend\Modelo\Usuario.java. Using fallback presentation compiler.
2026.04.15 21:02:34 INFO  no build target found for C:\Users\USUARIO\Desktop\Estudios\univalle\2026-1\Desarrollo II\Movify\backend\movify-backend\movify-backend\src\main\java\com\movify\backend\Modelo\Usuario.java. Using fallback presentation compiler.
abr 15, 2026 9:02:35 P. M. org.eclipse.lsp4j.jsonrpc.RemoteEndpoint handleCancellation
WARNING: Unmatched cancel notification for request id 1056
2026.04.15 21:02:34 INFO  no build target found for C:\Users\USUARIO\Desktop\Estudios\univalle\2026-1\Desarrollo II\Movify\backend\movify-backend\movify-backend\src\main\java\com\movify\backend\Modelo\Usuario.java. Using fallback presentation compiler.
2026.04.15 21:02:34 INFO  no build target found for C:\Users\USUARIO\Desktop\Estudios\univalle\2026-1\Desarrollo II\Movify\backend\movify-backend\movify-backend\src\main\java\com\movify\backend\Modelo\Usuario.java. Using fallback presentation compiler.
abr 15, 2026 9:02:35 P. M. org.eclipse.lsp4j.jsonrpc.RemoteEndpoint handleCancellation
WARNING: Unmatched cancel notification for request id 1057
2026.04.15 21:02:36 INFO  no build target found for C:\Users\USUARIO\Desktop\Estudios\univalle\2026-1\Desarrollo II\Movify\backend\movify-backend\movify-backend\src\main\java\com\movify\backend\Modelo\Usuario.java. Using fallback presentation compiler.
2026.04.15 21:02:36 INFO  no build target found for C:\Users\USUARIO\Desktop\Estudios\univalle\2026-1\Desarrollo II\Movify\backend\movify-backend\movify-backend\src\main\java\com\movify\backend\Modelo\Usuario.java. Using fallback presentation compiler.
2026.04.15 21:02:36 INFO  no build target found for C:\Users\USUARIO\Desktop\Estudios\univalle\2026-1\Desarrollo II\Movify\backend\movify-backend\movify-backend\src\main\java\com\movify\backend\Modelo\Usuario.java. Using fallback presentation compiler.
2026.04.15 21:02:39 INFO  no build target found for C:\Users\USUARIO\Desktop\Estudios\univalle\2026-1\Desarrollo II\Movify\backend\movify-backend\movify-backend\src\main\java\com\movify\backend\Modelo\Usuario.java. Using fallback presentation compiler.
2026.04.15 21:02:39 INFO  no build target found for C:\Users\USUARIO\Desktop\Estudios\univalle\2026-1\Desarrollo II\Movify\backend\movify-backend\movify-backend\src\main\java\com\movify\backend\Modelo\Usuario.java. Using fallback presentation compiler.
2026.04.15 21:02:39 INFO  no build target found for C:\Users\USUARIO\Desktop\Estudios\univalle\2026-1\Desarrollo II\Movify\backend\movify-backend\movify-backend\src\main\java\com\movify\backend\Modelo\Usuario.java. Using fallback presentation compiler.
2026.04.15 21:02:39 INFO  no build target found for C:\Users\USUARIO\Desktop\Estudios\univalle\2026-1\Desarrollo II\Movify\backend\movify-backend\movify-backend\src\main\java\com\movify\backend\Modelo\Usuario.java. Using fallback presentation compiler.
2026.04.15 21:02:40 WARN  no build target for: C:\Users\USUARIO\Desktop\Estudios\univalle\2026-1\Desarrollo II\Movify\backend\movify-backend\movify-backend\src\main\java\com\movify\backend\Modelo\Usuario.java
2026.04.15 21:02:40 INFO  no build target found for C:\Users\USUARIO\Desktop\Estudios\univalle\2026-1\Desarrollo II\Movify\backend\movify-backend\movify-backend\src\main\java\com\movify\backend\Modelo\Usuario.java. Using fallback presentation compiler.
2026.04.15 21:02:40 INFO  no build target found for C:\Users\USUARIO\Desktop\Estudios\univalle\2026-1\Desarrollo II\Movify\backend\movify-backend\movify-backend\src\main\java\com\movify\backend\Modelo\Usuario.java. Using fallback presentation compiler.
2026.04.15 21:02:40 WARN  Running javac-semanticdb failed for file:///C:/Users/USUARIO/Desktop/Estudios/univalle/2026-1/Desarrollo%20II/Movify/backend/movify-backend/movify-backend/src/main/java/com/movify/backend/Modelo/Usuario.java. Output:

2026.04.15 21:02:40 INFO  no build target found for C:\Users\USUARIO\Desktop\Estudios\univalle\2026-1\Desarrollo II\Movify\backend\movify-backend\movify-backend\src\main\java\com\movify\backend\Modelo\Usuario.java. Using fallback presentation compiler.
2026.04.15 21:02:41 INFO  no build target found for C:\Users\USUARIO\Desktop\Estudios\univalle\2026-1\Desarrollo II\Movify\backend\movify-backend\movify-backend\src\main\java\com\movify\backend\Modelo\Usuario.java. Using fallback presentation compiler.
2026.04.15 21:02:41 INFO  no build target found for C:\Users\USUARIO\Desktop\Estudios\univalle\2026-1\Desarrollo II\Movify\backend\movify-backend\movify-backend\src\main\java\com\movify\backend\Modelo\Usuario.java. Using fallback presentation compiler.
2026.04.15 21:02:41 INFO  no build target found for C:\Users\USUARIO\Desktop\Estudios\univalle\2026-1\Desarrollo II\Movify\backend\movify-backend\movify-backend\src\main\java\com\movify\backend\Modelo\Usuario.java. Using fallback presentation compiler.
2026.04.15 21:02:41 INFO  no build target found for C:\Users\USUARIO\Desktop\Estudios\univalle\2026-1\Desarrollo II\Movify\backend\movify-backend\movify-backend\src\main\java\com\movify\backend\Modelo\Usuario.java. Using fallback presentation compiler.
2026.04.15 21:02:41 INFO  no build target found for C:\Users\USUARIO\Desktop\Estudios\univalle\2026-1\Desarrollo II\Movify\backend\movify-backend\movify-backend\src\main\java\com\movify\backend\Modelo\Usuario.java. Using fallback presentation compiler.
2026.04.15 21:02:41 INFO  no build target found for C:\Users\USUARIO\Desktop\Estudios\univalle\2026-1\Desarrollo II\Movify\backend\movify-backend\movify-backend\src\main\java\com\movify\backend\Modelo\Usuario.java. Using fallback presentation compiler.
2026.04.15 21:02:41 INFO  no build target found for C:\Users\USUARIO\Desktop\Estudios\univalle\2026-1\Desarrollo II\Movify\backend\movify-backend\movify-backend\src\main\java\com\movify\backend\Modelo\Usuario.java. Using fallback presentation compiler.
2026.04.15 21:02:41 INFO  no build target found for C:\Users\USUARIO\Desktop\Estudios\univalle\2026-1\Desarrollo II\Movify\backend\movify-backend\movify-backend\src\main\java\com\movify\backend\Modelo\Usuario.java. Using fallback presentation compiler.
2026.04.15 21:02:43 INFO  no build target found for C:\Users\USUARIO\Desktop\Estudios\univalle\2026-1\Desarrollo II\Movify\backend\movify-backend\movify-backend\src\main\java\com\movify\backend\Modelo\Usuario.java. Using fallback presentation compiler.
2026.04.15 21:02:43 INFO  no build target found for C:\Users\USUARIO\Desktop\Estudios\univalle\2026-1\Desarrollo II\Movify\backend\movify-backend\movify-backend\src\main\java\com\movify\backend\Modelo\Usuario.java. Using fallback presentation compiler.
2026.04.15 21:02:43 INFO  no build target found for C:\Users\USUARIO\Desktop\Estudios\univalle\2026-1\Desarrollo II\Movify\backend\movify-backend\movify-backend\src\main\java\com\movify\backend\Modelo\Usuario.java. Using fallback presentation compiler.
2026.04.15 21:02:43 WARN  no build target for: C:\Users\USUARIO\Desktop\Estudios\univalle\2026-1\Desarrollo II\Movify\backend\movify-backend\movify-backend\src\main\java\com\movify\backend\Modelo\Usuario.java
2026.04.15 21:02:43 INFO  no build target found for C:\Users\USUARIO\Desktop\Estudios\univalle\2026-1\Desarrollo II\Movify\backend\movify-backend\movify-backend\src\main\java\com\movify\backend\Modelo\Usuario.java. Using fallback presentation compiler.
2026.04.15 21:02:44 WARN  Running javac-semanticdb failed for file:///C:/Users/USUARIO/Desktop/Estudios/univalle/2026-1/Desarrollo%20II/Movify/backend/movify-backend/movify-backend/src/main/java/com/movify/backend/Modelo/Usuario.java. Output:

2026.04.15 21:02:43 INFO  no build target found for C:\Users\USUARIO\Desktop\Estudios\univalle\2026-1\Desarrollo II\Movify\backend\movify-backend\movify-backend\src\main\java\com\movify\backend\Modelo\Usuario.java. Using fallback presentation compiler.
2026.04.15 21:02:44 INFO  no build target found for C:\Users\USUARIO\Desktop\Estudios\univalle\2026-1\Desarrollo II\Movify\backend\movify-backend\movify-backend\src\main\java\com\movify\backend\Modelo\Usuario.java. Using fallback presentation compiler.
2026.04.15 21:02:44 INFO  no build target found for C:\Users\USUARIO\Desktop\Estudios\univalle\2026-1\Desarrollo II\Movify\backend\movify-backend\movify-backend\src\main\java\com\movify\backend\Modelo\Usuario.java. Using fallback presentation compiler.
2026.04.15 21:02:44 INFO  no build target found for C:\Users\USUARIO\Desktop\Estudios\univalle\2026-1\Desarrollo II\Movify\backend\movify-backend\movify-backend\src\main\java\com\movify\backend\Modelo\Usuario.java. Using fallback presentation compiler.
2026.04.15 21:02:44 INFO  no build target found for C:\Users\USUARIO\Desktop\Estudios\univalle\2026-1\Desarrollo II\Movify\backend\movify-backend\movify-backend\src\main\java\com\movify\backend\Modelo\Usuario.java. Using fallback presentation compiler.
2026.04.15 21:02:45 INFO  no build target found for C:\Users\USUARIO\Desktop\Estudios\univalle\2026-1\Desarrollo II\Movify\backend\movify-backend\movify-backend\src\main\java\com\movify\backend\Modelo\Usuario.java. Using fallback presentation compiler.
2026.04.15 21:02:45 INFO  no build target found for C:\Users\USUARIO\Desktop\Estudios\univalle\2026-1\Desarrollo II\Movify\backend\movify-backend\movify-backend\src\main\java\com\movify\backend\Modelo\Usuario.java. Using fallback presentation compiler.
2026.04.15 21:02:54 INFO  no build target found for C:\Users\USUARIO\Desktop\Estudios\univalle\2026-1\Desarrollo II\Movify\backend\movify-backend\movify-backend\src\main\java\com\movify\backend\Modelo\Usuario.java. Using fallback presentation compiler.
2026.04.15 21:02:54 INFO  no build target found for C:\Users\USUARIO\Desktop\Estudios\univalle\2026-1\Desarrollo II\Movify\backend\movify-backend\movify-backend\src\main\java\com\movify\backend\Modelo\Usuario.java. Using fallback presentation compiler.
2026.04.15 21:02:54 INFO  no build target found for C:\Users\USUARIO\Desktop\Estudios\univalle\2026-1\Desarrollo II\Movify\backend\movify-backend\movify-backend\src\main\java\com\movify\backend\Modelo\Usuario.java. Using fallback presentation compiler.
2026.04.15 21:02:54 INFO  no build target found for C:\Users\USUARIO\Desktop\Estudios\univalle\2026-1\Desarrollo II\Movify\backend\movify-backend\movify-backend\src\main\java\com\movify\backend\Modelo\Usuario.java. Using fallback presentation compiler.
2026.04.15 21:02:54 INFO  no build target found for C:\Users\USUARIO\Desktop\Estudios\univalle\2026-1\Desarrollo II\Movify\backend\movify-backend\movify-backend\src\main\java\com\movify\backend\Modelo\Usuario.java. Using fallback presentation compiler.
2026.04.15 21:02:54 INFO  no build target found for C:\Users\USUARIO\Desktop\Estudios\univalle\2026-1\Desarrollo II\Movify\backend\movify-backend\movify-backend\src\main\java\com\movify\backend\Modelo\Usuario.java. Using fallback presentation compiler.
2026.04.15 21:02:55 INFO  no build target found for C:\Users\USUARIO\Desktop\Estudios\univalle\2026-1\Desarrollo II\Movify\backend\movify-backend\movify-backend\src\main\java\com\movify\backend\Modelo\Usuario.java. Using fallback presentation compiler.
2026.04.15 21:02:55 INFO  no build target found for C:\Users\USUARIO\Desktop\Estudios\univalle\2026-1\Desarrollo II\Movify\backend\movify-backend\movify-backend\src\main\java\com\movify\backend\Modelo\Usuario.java. Using fallback presentation compiler.
2026.04.15 21:02:55 INFO  no build target found for C:\Users\USUARIO\Desktop\Estudios\univalle\2026-1\Desarrollo II\Movify\backend\movify-backend\movify-backend\src\main\java\com\movify\backend\Modelo\Usuario.java. Using fallback presentation compiler.
2026.04.15 21:02:55 INFO  no build target found for C:\Users\USUARIO\Desktop\Estudios\univalle\2026-1\Desarrollo II\Movify\backend\movify-backend\movify-backend\src\main\java\com\movify\backend\Modelo\Usuario.java. Using fallback presentation compiler.
2026.04.15 21:02:55 INFO  no build target found for C:\Users\USUARIO\Desktop\Estudios\univalle\2026-1\Desarrollo II\Movify\backend\movify-backend\movify-backend\src\main\java\com\movify\backend\Modelo\Usuario.java. Using fallback presentation compiler.
2026.04.15 21:02:55 INFO  no build target found for C:\Users\USUARIO\Desktop\Estudios\univalle\2026-1\Desarrollo II\Movify\backend\movify-backend\movify-backend\src\main\java\com\movify\backend\Modelo\Usuario.java. Using fallback presentation compiler.
2026.04.15 21:02:56 INFO  no build target found for C:\Users\USUARIO\Desktop\Estudios\univalle\2026-1\Desarrollo II\Movify\backend\movify-backend\movify-backend\src\main\java\com\movify\backend\Modelo\Usuario.java. Using fallback presentation compiler.
abr 15, 2026 9:02:56 P. M. org.eclipse.lsp4j.jsonrpc.RemoteEndpoint handleCancellation
WARNING: Unmatched cancel notification for request id 1115
2026.04.15 21:02:56 INFO  no build target found for C:\Users\USUARIO\Desktop\Estudios\univalle\2026-1\Desarrollo II\Movify\backend\movify-backend\movify-backend\src\main\java\com\movify\backend\Modelo\Usuario.java. Using fallback presentation compiler.
abr 15, 2026 9:02:56 P. M. org.eclipse.lsp4j.jsonrpc.RemoteEndpoint handleCancellation
WARNING: Unmatched cancel notification for request id 1116
2026.04.15 21:02:56 INFO  no build target found for C:\Users\USUARIO\Desktop\Estudios\univalle\2026-1\Desarrollo II\Movify\backend\movify-backend\movify-backend\src\main\java\com\movify\backend\Modelo\Usuario.java. Using fallback presentation compiler.
2026.04.15 21:02:57 INFO  no build target found for C:\Users\USUARIO\Desktop\Estudios\univalle\2026-1\Desarrollo II\Movify\backend\movify-backend\movify-backend\src\main\java\com\movify\backend\Modelo\Usuario.java. Using fallback presentation compiler.
2026.04.15 21:02:57 INFO  no build target found for C:\Users\USUARIO\Desktop\Estudios\univalle\2026-1\Desarrollo II\Movify\backend\movify-backend\movify-backend\src\main\java\com\movify\backend\Modelo\Usuario.java. Using fallback presentation compiler.
2026.04.15 21:03:04 INFO  no build target found for C:\Users\USUARIO\Desktop\Estudios\univalle\2026-1\Desarrollo II\Movify\backend\movify-backend\movify-backend\src\main\java\com\movify\backend\Modelo\Usuario.java. Using fallback presentation compiler.
2026.04.15 21:03:04 INFO  no build target found for C:\Users\USUARIO\Desktop\Estudios\univalle\2026-1\Desarrollo II\Movify\backend\movify-backend\movify-backend\src\main\java\com\movify\backend\Modelo\Usuario.java. Using fallback presentation compiler.
2026.04.15 21:03:04 INFO  no build target found for C:\Users\USUARIO\Desktop\Estudios\univalle\2026-1\Desarrollo II\Movify\backend\movify-backend\movify-backend\src\main\java\com\movify\backend\Modelo\Usuario.java. Using fallback presentation compiler.
2026.04.15 21:03:05 INFO  no build target found for C:\Users\USUARIO\Desktop\Estudios\univalle\2026-1\Desarrollo II\Movify\backend\movify-backend\movify-backend\src\main\java\com\movify\backend\Modelo\Usuario.java. Using fallback presentation compiler.
2026.04.15 21:03:05 INFO  no build target found for C:\Users\USUARIO\Desktop\Estudios\univalle\2026-1\Desarrollo II\Movify\backend\movify-backend\movify-backend\src\main\java\com\movify\backend\Modelo\Usuario.java. Using fallback presentation compiler.
2026.04.15 21:03:05 INFO  no build target found for C:\Users\USUARIO\Desktop\Estudios\univalle\2026-1\Desarrollo II\Movify\backend\movify-backend\movify-backend\src\main\java\com\movify\backend\Modelo\Usuario.java. Using fallback presentation compiler.
2026.04.15 21:03:05 INFO  no build target found for C:\Users\USUARIO\Desktop\Estudios\univalle\2026-1\Desarrollo II\Movify\backend\movify-backend\movify-backend\src\main\java\com\movify\backend\Modelo\Usuario.java. Using fallback presentation compiler.
2026.04.15 21:03:06 INFO  no build target found for C:\Users\USUARIO\Desktop\Estudios\univalle\2026-1\Desarrollo II\Movify\backend\movify-backend\movify-backend\src\main\java\com\movify\backend\Modelo\Usuario.java. Using fallback presentation compiler.
2026.04.15 21:03:06 INFO  no build target found for C:\Users\USUARIO\Desktop\Estudios\univalle\2026-1\Desarrollo II\Movify\backend\movify-backend\movify-backend\src\main\java\com\movify\backend\Modelo\Usuario.java. Using fallback presentation compiler.
2026.04.15 21:03:06 INFO  no build target found for C:\Users\USUARIO\Desktop\Estudios\univalle\2026-1\Desarrollo II\Movify\backend\movify-backend\movify-backend\src\main\java\com\movify\backend\Modelo\Usuario.java. Using fallback presentation compiler.
2026.04.15 21:03:06 INFO  no build target found for C:\Users\USUARIO\Desktop\Estudios\univalle\2026-1\Desarrollo II\Movify\backend\movify-backend\movify-backend\src\main\java\com\movify\backend\Modelo\Usuario.java. Using fallback presentation compiler.
abr 15, 2026 9:03:07 P. M. org.eclipse.lsp4j.jsonrpc.RemoteEndpoint handleCancellation
WARNING: Unmatched cancel notification for request id 1131
2026.04.15 21:03:07 INFO  no build target found for C:\Users\USUARIO\Desktop\Estudios\univalle\2026-1\Desarrollo II\Movify\backend\movify-backend\movify-backend\src\main\java\com\movify\backend\Modelo\Usuario.java. Using fallback presentation compiler.
2026.04.15 21:03:07 INFO  no build target found for C:\Users\USUARIO\Desktop\Estudios\univalle\2026-1\Desarrollo II\Movify\backend\movify-backend\movify-backend\src\main\java\com\movify\backend\Modelo\Usuario.java. Using fallback presentation compiler.
2026.04.15 21:03:07 INFO  no build target found for C:\Users\USUARIO\Desktop\Estudios\univalle\2026-1\Desarrollo II\Movify\backend\movify-backend\movify-backend\src\main\java\com\movify\backend\Modelo\Usuario.java. Using fallback presentation compiler.
2026.04.15 21:03:07 WARN  no build target for: C:\Users\USUARIO\Desktop\Estudios\univalle\2026-1\Desarrollo II\Movify\backend\movify-backend\movify-backend\src\main\java\com\movify\backend\Modelo\Usuario.java
2026.04.15 21:03:07 INFO  no build target found for C:\Users\USUARIO\Desktop\Estudios\univalle\2026-1\Desarrollo II\Movify\backend\movify-backend\movify-backend\src\main\java\com\movify\backend\Modelo\Usuario.java. Using fallback presentation compiler.
2026.04.15 21:03:08 WARN  Running javac-semanticdb failed for file:///C:/Users/USUARIO/Desktop/Estudios/univalle/2026-1/Desarrollo%20II/Movify/backend/movify-backend/movify-backend/src/main/java/com/movify/backend/Modelo/Usuario.java. Output:

2026.04.15 21:03:09 INFO  no build target found for C:\Users\USUARIO\Desktop\Estudios\univalle\2026-1\Desarrollo II\Movify\backend\movify-backend\movify-backend\src\main\java\com\movify\backend\Modelo\Usuario.java. Using fallback presentation compiler.
2026.04.15 21:03:09 INFO  no build target found for C:\Users\USUARIO\Desktop\Estudios\univalle\2026-1\Desarrollo II\Movify\backend\movify-backend\movify-backend\src\main\java\com\movify\backend\Modelo\Usuario.java. Using fallback presentation compiler.
2026.04.15 21:03:09 INFO  no build target found for C:\Users\USUARIO\Desktop\Estudios\univalle\2026-1\Desarrollo II\Movify\backend\movify-backend\movify-backend\src\main\java\com\movify\backend\Modelo\Usuario.java. Using fallback presentation compiler.
2026.04.15 21:03:09 INFO  no build target found for C:\Users\USUARIO\Desktop\Estudios\univalle\2026-1\Desarrollo II\Movify\backend\movify-backend\movify-backend\src\main\java\com\movify\backend\Modelo\Usuario.java. Using fallback presentation compiler.
2026.04.15 21:03:09 INFO  no build target found for C:\Users\USUARIO\Desktop\Estudios\univalle\2026-1\Desarrollo II\Movify\backend\movify-backend\movify-backend\src\main\java\com\movify\backend\Modelo\Usuario.java. Using fallback presentation compiler.
2026.04.15 21:03:10 INFO  no build target found for C:\Users\USUARIO\Desktop\Estudios\univalle\2026-1\Desarrollo II\Movify\backend\movify-backend\movify-backend\src\main\java\com\movify\backend\Modelo\Usuario.java. Using fallback presentation compiler.
2026.04.15 21:03:10 INFO  no build target found for C:\Users\USUARIO\Desktop\Estudios\univalle\2026-1\Desarrollo II\Movify\backend\movify-backend\movify-backend\src\main\java\com\movify\backend\Modelo\Usuario.java. Using fallback presentation compiler.
2026.04.15 21:03:10 INFO  no build target found for C:\Users\USUARIO\Desktop\Estudios\univalle\2026-1\Desarrollo II\Movify\backend\movify-backend\movify-backend\src\main\java\com\movify\backend\Modelo\Usuario.java. Using fallback presentation compiler.
2026.04.15 21:03:10 INFO  no build target found for C:\Users\USUARIO\Desktop\Estudios\univalle\2026-1\Desarrollo II\Movify\backend\movify-backend\movify-backend\src\main\java\com\movify\backend\Modelo\Usuario.java. Using fallback presentation compiler.
2026.04.15 21:03:10 INFO  no build target found for C:\Users\USUARIO\Desktop\Estudios\univalle\2026-1\Desarrollo II\Movify\backend\movify-backend\movify-backend\src\main\java\com\movify\backend\Modelo\Usuario.java. Using fallback presentation compiler.
2026.04.15 21:03:11 INFO  no build target found for C:\Users\USUARIO\Desktop\Estudios\univalle\2026-1\Desarrollo II\Movify\backend\movify-backend\movify-backend\src\main\java\com\movify\backend\Modelo\Usuario.java. Using fallback presentation compiler.
2026.04.15 21:03:11 INFO  no build target found for C:\Users\USUARIO\Desktop\Estudios\univalle\2026-1\Desarrollo II\Movify\backend\movify-backend\movify-backend\src\main\java\com\movify\backend\Modelo\Usuario.java. Using fallback presentation compiler.
2026.04.15 21:03:11 INFO  no build target found for C:\Users\USUARIO\Desktop\Estudios\univalle\2026-1\Desarrollo II\Movify\backend\movify-backend\movify-backend\src\main\java\com\movify\backend\Modelo\Usuario.java. Using fallback presentation compiler.
2026.04.15 21:03:11 INFO  no build target found for C:\Users\USUARIO\Desktop\Estudios\univalle\2026-1\Desarrollo II\Movify\backend\movify-backend\movify-backend\src\main\java\com\movify\backend\Modelo\Usuario.java. Using fallback presentation compiler.
2026.04.15 21:03:12 INFO  no build target found for C:\Users\USUARIO\Desktop\Estudios\univalle\2026-1\Desarrollo II\Movify\backend\movify-backend\movify-backend\src\main\java\com\movify\backend\Modelo\Usuario.java. Using fallback presentation compiler.
2026.04.15 21:03:12 WARN  no build target for: C:\Users\USUARIO\Desktop\Estudios\univalle\2026-1\Desarrollo II\Movify\backend\movify-backend\movify-backend\src\main\java\com\movify\backend\Modelo\Usuario.java
2026.04.15 21:03:13 INFO  no build target found for C:\Users\USUARIO\Desktop\Estudios\univalle\2026-1\Desarrollo II\Movify\backend\movify-backend\movify-backend\src\main\java\com\movify\backend\Modelo\Usuario.java. Using fallback presentation compiler.
2026.04.15 21:03:13 INFO  no build target found for C:\Users\USUARIO\Desktop\Estudios\univalle\2026-1\Desarrollo II\Movify\backend\movify-backend\movify-backend\src\main\java\com\movify\backend\Modelo\Usuario.java. Using fallback presentation compiler.
2026.04.15 21:03:13 WARN  Running javac-semanticdb failed for file:///C:/Users/USUARIO/Desktop/Estudios/univalle/2026-1/Desarrollo%20II/Movify/backend/movify-backend/movify-backend/src/main/java/com/movify/backend/Modelo/Usuario.java. Output:

2026.04.15 21:03:13 INFO  no build target found for C:\Users\USUARIO\Desktop\Estudios\univalle\2026-1\Desarrollo II\Movify\backend\movify-backend\movify-backend\src\main\java\com\movify\backend\Modelo\Usuario.java. Using fallback presentation compiler.
2026.04.15 21:03:14 INFO  no build target found for C:\Users\USUARIO\Desktop\Estudios\univalle\2026-1\Desarrollo II\Movify\backend\movify-backend\movify-backend\src\main\java\com\movify\backend\Modelo\Usuario.java. Using fallback presentation compiler.
2026.04.15 21:03:16 INFO  no build target found for C:\Users\USUARIO\Desktop\Estudios\univalle\2026-1\Desarrollo II\Movify\backend\movify-backend\movify-backend\src\main\java\com\movify\backend\Modelo\Usuario.java. Using fallback presentation compiler.
2026.04.15 21:03:16 INFO  no build target found for C:\Users\USUARIO\Desktop\Estudios\univalle\2026-1\Desarrollo II\Movify\backend\movify-backend\movify-backend\src\main\java\com\movify\backend\Modelo\Usuario.java. Using fallback presentation compiler.
2026.04.15 21:03:16 INFO  no build target found for C:\Users\USUARIO\Desktop\Estudios\univalle\2026-1\Desarrollo II\Movify\backend\movify-backend\movify-backend\src\main\java\com\movify\backend\Modelo\Usuario.java. Using fallback presentation compiler.
2026.04.15 21:03:17 INFO  no build target found for C:\Users\USUARIO\Desktop\Estudios\univalle\2026-1\Desarrollo II\Movify\backend\movify-backend\movify-backend\src\main\java\com\movify\backend\Modelo\Usuario.java. Using fallback presentation compiler.
2026.04.15 21:03:17 INFO  no build target found for C:\Users\USUARIO\Desktop\Estudios\univalle\2026-1\Desarrollo II\Movify\backend\movify-backend\movify-backend\src\main\java\com\movify\backend\Modelo\Usuario.java. Using fallback presentation compiler.
2026.04.15 21:03:17 INFO  no build target found for C:\Users\USUARIO\Desktop\Estudios\univalle\2026-1\Desarrollo II\Movify\backend\movify-backend\movify-backend\src\main\java\com\movify\backend\Modelo\Usuario.java. Using fallback presentation compiler.
2026.04.15 21:03:17 INFO  no build target found for C:\Users\USUARIO\Desktop\Estudios\univalle\2026-1\Desarrollo II\Movify\backend\movify-backend\movify-backend\src\main\java\com\movify\backend\Modelo\Usuario.java. Using fallback presentation compiler.
2026.04.15 21:03:17 INFO  no build target found for C:\Users\USUARIO\Desktop\Estudios\univalle\2026-1\Desarrollo II\Movify\backend\movify-backend\movify-backend\src\main\java\com\movify\backend\Modelo\Usuario.java. Using fallback presentation compiler.
2026.04.15 21:03:18 INFO  no build target found for C:\Users\USUARIO\Desktop\Estudios\univalle\2026-1\Desarrollo II\Movify\backend\movify-backend\movify-backend\src\main\java\com\movify\backend\Modelo\Usuario.java. Using fallback presentation compiler.
abr 15, 2026 9:03:18 P. M. org.eclipse.lsp4j.jsonrpc.RemoteEndpoint handleCancellation
WARNING: Unmatched cancel notification for request id 1187
2026.04.15 21:03:18 WARN  no build target for: C:\Users\USUARIO\Desktop\Estudios\univalle\2026-1\Desarrollo II\Movify\backend\movify-backend\movify-backend\src\main\java\com\movify\backend\Modelo\Usuario.java
2026.04.15 21:03:18 INFO  no build target found for C:\Users\USUARIO\Desktop\Estudios\univalle\2026-1\Desarrollo II\Movify\backend\movify-backend\movify-backend\src\main\java\com\movify\backend\Modelo\Usuario.java. Using fallback presentation compiler.
2026.04.15 21:03:18 WARN  Running javac-semanticdb failed for file:///C:/Users/USUARIO/Desktop/Estudios/univalle/2026-1/Desarrollo%20II/Movify/backend/movify-backend/movify-backend/src/main/java/com/movify/backend/Modelo/Usuario.java. Output:

2026.04.15 21:03:18 INFO  no build target found for C:\Users\USUARIO\Desktop\Estudios\univalle\2026-1\Desarrollo II\Movify\backend\movify-backend\movify-backend\src\main\java\com\movify\backend\Modelo\Usuario.java. Using fallback presentation compiler.
abr 15, 2026 9:03:19 P. M. org.eclipse.lsp4j.jsonrpc.RemoteEndpoint handleCancellation
WARNING: Unmatched cancel notification for request id 1189
2026.04.15 21:03:18 INFO  no build target found for C:\Users\USUARIO\Desktop\Estudios\univalle\2026-1\Desarrollo II\Movify\backend\movify-backend\movify-backend\src\main\java\com\movify\backend\Modelo\Usuario.java. Using fallback presentation compiler.
2026.04.15 21:03:18 INFO  no build target found for C:\Users\USUARIO\Desktop\Estudios\univalle\2026-1\Desarrollo II\Movify\backend\movify-backend\movify-backend\src\main\java\com\movify\backend\Modelo\Usuario.java. Using fallback presentation compiler.
abr 15, 2026 9:03:19 P. M. org.eclipse.lsp4j.jsonrpc.RemoteEndpoint handleCancellation
WARNING: Unmatched cancel notification for request id 1190
2026.04.15 21:03:19 INFO  no build target found for C:\Users\USUARIO\Desktop\Estudios\univalle\2026-1\Desarrollo II\Movify\backend\movify-backend\movify-backend\src\main\java\com\movify\backend\Modelo\Usuario.java. Using fallback presentation compiler.
2026.04.15 21:03:19 INFO  no build target found for C:\Users\USUARIO\Desktop\Estudios\univalle\2026-1\Desarrollo II\Movify\backend\movify-backend\movify-backend\src\main\java\com\movify\backend\Modelo\Usuario.java. Using fallback presentation compiler.
2026.04.15 21:03:19 INFO  no build target found for C:\Users\USUARIO\Desktop\Estudios\univalle\2026-1\Desarrollo II\Movify\backend\movify-backend\movify-backend\src\main\java\com\movify\backend\Modelo\Usuario.java. Using fallback presentation compiler.
2026.04.15 21:03:19 INFO  no build target found for C:\Users\USUARIO\Desktop\Estudios\univalle\2026-1\Desarrollo II\Movify\backend\movify-backend\movify-backend\src\main\java\com\movify\backend\Modelo\Usuario.java. Using fallback presentation compiler.
2026.04.15 21:03:19 INFO  no build target found for C:\Users\USUARIO\Desktop\Estudios\univalle\2026-1\Desarrollo II\Movify\backend\movify-backend\movify-backend\src\main\java\com\movify\backend\Modelo\Usuario.java. Using fallback presentation compiler.
2026.04.15 21:03:20 INFO  no build target found for C:\Users\USUARIO\Desktop\Estudios\univalle\2026-1\Desarrollo II\Movify\backend\movify-backend\movify-backend\src\main\java\com\movify\backend\Modelo\Usuario.java. Using fallback presentation compiler.
2026.04.15 21:03:21 WARN  no build target for: C:\Users\USUARIO\Desktop\Estudios\univalle\2026-1\Desarrollo II\Movify\backend\movify-backend\movify-backend\src\main\java\com\movify\backend\Modelo\Usuario.java
2026.04.15 21:03:21 INFO  no build target found for C:\Users\USUARIO\Desktop\Estudios\univalle\2026-1\Desarrollo II\Movify\backend\movify-backend\movify-backend\src\main\java\com\movify\backend\Modelo\Usuario.java. Using fallback presentation compiler.
2026.04.15 21:03:21 INFO  no build target found for C:\Users\USUARIO\Desktop\Estudios\univalle\2026-1\Desarrollo II\Movify\backend\movify-backend\movify-backend\src\main\java\com\movify\backend\Modelo\Usuario.java. Using fallback presentation compiler.
2026.04.15 21:03:21 WARN  Running javac-semanticdb failed for file:///C:/Users/USUARIO/Desktop/Estudios/univalle/2026-1/Desarrollo%20II/Movify/backend/movify-backend/movify-backend/src/main/java/com/movify/backend/Modelo/Usuario.java. Output:

2026.04.15 21:03:21 INFO  no build target found for C:\Users\USUARIO\Desktop\Estudios\univalle\2026-1\Desarrollo II\Movify\backend\movify-backend\movify-backend\src\main\java\com\movify\backend\Modelo\Usuario.java. Using fallback presentation compiler.
2026.04.15 21:03:21 INFO  no build target found for C:\Users\USUARIO\Desktop\Estudios\univalle\2026-1\Desarrollo II\Movify\backend\movify-backend\movify-backend\src\main\java\com\movify\backend\Modelo\Usuario.java. Using fallback presentation compiler.
2026.04.15 21:03:23 INFO  no build target found for C:\Users\USUARIO\Desktop\Estudios\univalle\2026-1\Desarrollo II\Movify\backend\movify-backend\movify-backend\src\main\java\com\movify\backend\Modelo\Usuario.java. Using fallback presentation compiler.
2026.04.15 21:03:24 INFO  no build target found for C:\Users\USUARIO\Desktop\Estudios\univalle\2026-1\Desarrollo II\Movify\backend\movify-backend\movify-backend\src\main\java\com\movify\backend\Modelo\Usuario.java. Using fallback presentation compiler.
2026.04.15 21:03:24 INFO  no build target found for C:\Users\USUARIO\Desktop\Estudios\univalle\2026-1\Desarrollo II\Movify\backend\movify-backend\movify-backend\src\main\java\com\movify\backend\Modelo\Usuario.java. Using fallback presentation compiler.
2026.04.15 21:03:25 INFO  no build target found for C:\Users\USUARIO\Desktop\Estudios\univalle\2026-1\Desarrollo II\Movify\backend\movify-backend\movify-backend\src\main\java\com\movify\backend\Modelo\Usuario.java. Using fallback presentation compiler.
2026.04.15 21:03:25 INFO  no build target found for C:\Users\USUARIO\Desktop\Estudios\univalle\2026-1\Desarrollo II\Movify\backend\movify-backend\movify-backend\src\main\java\com\movify\backend\Modelo\Usuario.java. Using fallback presentation compiler.
2026.04.15 21:03:25 INFO  no build target found for C:\Users\USUARIO\Desktop\Estudios\univalle\2026-1\Desarrollo II\Movify\backend\movify-backend\movify-backend\src\main\java\com\movify\backend\Modelo\Usuario.java. Using fallback presentation compiler.
2026.04.15 21:03:25 INFO  no build target found for C:\Users\USUARIO\Desktop\Estudios\univalle\2026-1\Desarrollo II\Movify\backend\movify-backend\movify-backend\src\main\java\com\movify\backend\Modelo\Usuario.java. Using fallback presentation compiler.
2026.04.15 21:03:25 INFO  no build target found for C:\Users\USUARIO\Desktop\Estudios\univalle\2026-1\Desarrollo II\Movify\backend\movify-backend\movify-backend\src\main\java\com\movify\backend\Modelo\Usuario.java. Using fallback presentation compiler.
2026.04.15 21:03:25 INFO  no build target found for C:\Users\USUARIO\Desktop\Estudios\univalle\2026-1\Desarrollo II\Movify\backend\movify-backend\movify-backend\src\main\java\com\movify\backend\Modelo\Usuario.java. Using fallback presentation compiler.
2026.04.15 21:03:26 INFO  no build target found for C:\Users\USUARIO\Desktop\Estudios\univalle\2026-1\Desarrollo II\Movify\backend\movify-backend\movify-backend\src\main\java\com\movify\backend\Modelo\Usuario.java. Using fallback presentation compiler.
2026.04.15 21:03:26 INFO  no build target found for C:\Users\USUARIO\Desktop\Estudios\univalle\2026-1\Desarrollo II\Movify\backend\movify-backend\movify-backend\src\main\java\com\movify\backend\Modelo\Usuario.java. Using fallback presentation compiler.
2026.04.15 21:03:26 INFO  no build target found for C:\Users\USUARIO\Desktop\Estudios\univalle\2026-1\Desarrollo II\Movify\backend\movify-backend\movify-backend\src\main\java\com\movify\backend\Modelo\Usuario.java. Using fallback presentation compiler.
2026.04.15 21:03:27 INFO  no build target found for C:\Users\USUARIO\Desktop\Estudios\univalle\2026-1\Desarrollo II\Movify\backend\movify-backend\movify-backend\src\main\java\com\movify\backend\Modelo\Usuario.java. Using fallback presentation compiler.
2026.04.15 21:03:27 INFO  no build target found for C:\Users\USUARIO\Desktop\Estudios\univalle\2026-1\Desarrollo II\Movify\backend\movify-backend\movify-backend\src\main\java\com\movify\backend\Modelo\Usuario.java. Using fallback presentation compiler.
2026.04.15 21:03:27 INFO  no build target found for C:\Users\USUARIO\Desktop\Estudios\univalle\2026-1\Desarrollo II\Movify\backend\movify-backend\movify-backend\src\main\java\com\movify\backend\Modelo\Usuario.java. Using fallback presentation compiler.
2026.04.15 21:03:29 INFO  no build target found for C:\Users\USUARIO\Desktop\Estudios\univalle\2026-1\Desarrollo II\Movify\backend\movify-backend\movify-backend\src\main\java\com\movify\backend\Modelo\Usuario.java. Using fallback presentation compiler.
2026.04.15 21:03:30 INFO  no build target found for C:\Users\USUARIO\Desktop\Estudios\univalle\2026-1\Desarrollo II\Movify\backend\movify-backend\movify-backend\src\main\java\com\movify\backend\Modelo\Usuario.java. Using fallback presentation compiler.
2026.04.15 21:03:30 INFO  no build target found for C:\Users\USUARIO\Desktop\Estudios\univalle\2026-1\Desarrollo II\Movify\backend\movify-backend\movify-backend\src\main\java\com\movify\backend\Modelo\Usuario.java. Using fallback presentation compiler.
2026.04.15 21:03:31 INFO  no build target found for C:\Users\USUARIO\Desktop\Estudios\univalle\2026-1\Desarrollo II\Movify\backend\movify-backend\movify-backend\src\main\java\com\movify\backend\Modelo\Usuario.java. Using fallback presentation compiler.
2026.04.15 21:03:31 INFO  no build target found for C:\Users\USUARIO\Desktop\Estudios\univalle\2026-1\Desarrollo II\Movify\backend\movify-backend\movify-backend\src\main\java\com\movify\backend\Modelo\Usuario.java. Using fallback presentation compiler.
2026.04.15 21:03:31 INFO  no build target found for C:\Users\USUARIO\Desktop\Estudios\univalle\2026-1\Desarrollo II\Movify\backend\movify-backend\movify-backend\src\main\java\com\movify\backend\Modelo\Usuario.java. Using fallback presentation compiler.
2026.04.15 21:03:31 INFO  no build target found for C:\Users\USUARIO\Desktop\Estudios\univalle\2026-1\Desarrollo II\Movify\backend\movify-backend\movify-backend\src\main\java\com\movify\backend\Modelo\Usuario.java. Using fallback presentation compiler.
2026.04.15 21:03:31 INFO  no build target found for C:\Users\USUARIO\Desktop\Estudios\univalle\2026-1\Desarrollo II\Movify\backend\movify-backend\movify-backend\src\main\java\com\movify\backend\Modelo\Usuario.java. Using fallback presentation compiler.
2026.04.15 21:03:33 INFO  no build target found for C:\Users\USUARIO\Desktop\Estudios\univalle\2026-1\Desarrollo II\Movify\backend\movify-backend\movify-backend\src\main\java\com\movify\backend\Modelo\Usuario.java. Using fallback presentation compiler.
2026.04.15 21:03:33 INFO  no build target found for C:\Users\USUARIO\Desktop\Estudios\univalle\2026-1\Desarrollo II\Movify\backend\movify-backend\movify-backend\src\main\java\com\movify\backend\Modelo\Usuario.java. Using fallback presentation compiler.
2026.04.15 21:03:33 INFO  no build target found for C:\Users\USUARIO\Desktop\Estudios\univalle\2026-1\Desarrollo II\Movify\backend\movify-backend\movify-backend\src\main\java\com\movify\backend\Modelo\Usuario.java. Using fallback presentation compiler.
2026.04.15 21:03:34 INFO  no build target found for C:\Users\USUARIO\Desktop\Estudios\univalle\2026-1\Desarrollo II\Movify\backend\movify-backend\movify-backend\src\main\java\com\movify\backend\Modelo\Usuario.java. Using fallback presentation compiler.
2026.04.15 21:03:34 INFO  no build target found for C:\Users\USUARIO\Desktop\Estudios\univalle\2026-1\Desarrollo II\Movify\backend\movify-backend\movify-backend\src\main\java\com\movify\backend\Modelo\Usuario.java. Using fallback presentation compiler.
2026.04.15 21:03:34 INFO  no build target found for C:\Users\USUARIO\Desktop\Estudios\univalle\2026-1\Desarrollo II\Movify\backend\movify-backend\movify-backend\src\main\java\com\movify\backend\Modelo\Usuario.java. Using fallback presentation compiler.
2026.04.15 21:03:34 INFO  no build target found for C:\Users\USUARIO\Desktop\Estudios\univalle\2026-1\Desarrollo II\Movify\backend\movify-backend\movify-backend\src\main\java\com\movify\backend\Modelo\Usuario.java. Using fallback presentation compiler.
2026.04.15 21:03:36 INFO  no build target found for C:\Users\USUARIO\Desktop\Estudios\univalle\2026-1\Desarrollo II\Movify\backend\movify-backend\movify-backend\src\main\java\com\movify\backend\Modelo\Usuario.java. Using fallback presentation compiler.
2026.04.15 21:03:36 INFO  no build target found for C:\Users\USUARIO\Desktop\Estudios\univalle\2026-1\Desarrollo II\Movify\backend\movify-backend\movify-backend\src\main\java\com\movify\backend\Modelo\Usuario.java. Using fallback presentation compiler.
abr 15, 2026 9:03:36 P. M. org.eclipse.lsp4j.jsonrpc.RemoteEndpoint handleCancellation
WARNING: Unmatched cancel notification for request id 1241
2026.04.15 21:03:36 INFO  no build target found for C:\Users\USUARIO\Desktop\Estudios\univalle\2026-1\Desarrollo II\Movify\backend\movify-backend\movify-backend\src\main\java\com\movify\backend\Modelo\Usuario.java. Using fallback presentation compiler.
2026.04.15 21:03:36 INFO  no build target found for C:\Users\USUARIO\Desktop\Estudios\univalle\2026-1\Desarrollo II\Movify\backend\movify-backend\movify-backend\src\main\java\com\movify\backend\Modelo\Usuario.java. Using fallback presentation compiler.
2026.04.15 21:03:37 INFO  no build target found for C:\Users\USUARIO\Desktop\Estudios\univalle\2026-1\Desarrollo II\Movify\backend\movify-backend\movify-backend\src\main\java\com\movify\backend\Modelo\Usuario.java. Using fallback presentation compiler.
2026.04.15 21:03:37 INFO  no build target found for C:\Users\USUARIO\Desktop\Estudios\univalle\2026-1\Desarrollo II\Movify\backend\movify-backend\movify-backend\src\main\java\com\movify\backend\Modelo\Usuario.java. Using fallback presentation compiler.
2026.04.15 21:03:37 INFO  no build target found for C:\Users\USUARIO\Desktop\Estudios\univalle\2026-1\Desarrollo II\Movify\backend\movify-backend\movify-backend\src\main\java\com\movify\backend\Modelo\Usuario.java. Using fallback presentation compiler.
2026.04.15 21:03:37 INFO  no build target found for C:\Users\USUARIO\Desktop\Estudios\univalle\2026-1\Desarrollo II\Movify\backend\movify-backend\movify-backend\src\main\java\com\movify\backend\Modelo\Usuario.java. Using fallback presentation compiler.
2026.04.15 21:03:38 INFO  no build target found for C:\Users\USUARIO\Desktop\Estudios\univalle\2026-1\Desarrollo II\Movify\backend\movify-backend\movify-backend\src\main\java\com\movify\backend\Modelo\Usuario.java. Using fallback presentation compiler.
2026.04.15 21:03:38 INFO  no build target found for C:\Users\USUARIO\Desktop\Estudios\univalle\2026-1\Desarrollo II\Movify\backend\movify-backend\movify-backend\src\main\java\com\movify\backend\Modelo\Usuario.java. Using fallback presentation compiler.
2026.04.15 21:03:38 INFO  no build target found for C:\Users\USUARIO\Desktop\Estudios\univalle\2026-1\Desarrollo II\Movify\backend\movify-backend\movify-backend\src\main\java\com\movify\backend\Modelo\Usuario.java. Using fallback presentation compiler.
2026.04.15 21:03:38 INFO  no build target found for C:\Users\USUARIO\Desktop\Estudios\univalle\2026-1\Desarrollo II\Movify\backend\movify-backend\movify-backend\src\main\java\com\movify\backend\Modelo\Usuario.java. Using fallback presentation compiler.
2026.04.15 21:03:38 INFO  no build target found for C:\Users\USUARIO\Desktop\Estudios\univalle\2026-1\Desarrollo II\Movify\backend\movify-backend\movify-backend\src\main\java\com\movify\backend\Modelo\Usuario.java. Using fallback presentation compiler.
2026.04.15 21:03:38 INFO  no build target found for C:\Users\USUARIO\Desktop\Estudios\univalle\2026-1\Desarrollo II\Movify\backend\movify-backend\movify-backend\src\main\java\com\movify\backend\Modelo\Usuario.java. Using fallback presentation compiler.
2026.04.15 21:03:38 INFO  no build target found for C:\Users\USUARIO\Desktop\Estudios\univalle\2026-1\Desarrollo II\Movify\backend\movify-backend\movify-backend\src\main\java\com\movify\backend\Modelo\Usuario.java. Using fallback presentation compiler.
2026.04.15 21:03:40 INFO  no build target found for C:\Users\USUARIO\Desktop\Estudios\univalle\2026-1\Desarrollo II\Movify\backend\movify-backend\movify-backend\src\main\java\com\movify\backend\Modelo\Usuario.java. Using fallback presentation compiler.
2026.04.15 21:03:40 INFO  no build target found for C:\Users\USUARIO\Desktop\Estudios\univalle\2026-1\Desarrollo II\Movify\backend\movify-backend\movify-backend\src\main\java\com\movify\backend\Modelo\Usuario.java. Using fallback presentation compiler.
2026.04.15 21:03:45 INFO  no build target found for C:\Users\USUARIO\Desktop\Estudios\univalle\2026-1\Desarrollo II\Movify\backend\movify-backend\movify-backend\src\main\java\com\movify\backend\Modelo\Usuario.java. Using fallback presentation compiler.
2026.04.15 21:03:45 INFO  no build target found for C:\Users\USUARIO\Desktop\Estudios\univalle\2026-1\Desarrollo II\Movify\backend\movify-backend\movify-backend\src\main\java\com\movify\backend\Modelo\Usuario.java. Using fallback presentation compiler.
2026.04.15 21:03:46 INFO  no build target found for C:\Users\USUARIO\Desktop\Estudios\univalle\2026-1\Desarrollo II\Movify\backend\movify-backend\movify-backend\src\main\java\com\movify\backend\Modelo\Usuario.java. Using fallback presentation compiler.
2026.04.15 21:03:45 INFO  no build target found for C:\Users\USUARIO\Desktop\Estudios\univalle\2026-1\Desarrollo II\Movify\backend\movify-backend\movify-backend\src\main\java\com\movify\backend\Modelo\Usuario.java. Using fallback presentation compiler.
abr 15, 2026 9:03:46 P. M. org.eclipse.lsp4j.jsonrpc.RemoteEndpoint handleCancellation
WARNING: Unmatched cancel notification for request id 1262
2026.04.15 21:03:45 INFO  no build target found for C:\Users\USUARIO\Desktop\Estudios\univalle\2026-1\Desarrollo II\Movify\backend\movify-backend\movify-backend\src\main\java\com\movify\backend\Modelo\Usuario.java. Using fallback presentation compiler.
2026.04.15 21:03:45 INFO  no build target found for C:\Users\USUARIO\Desktop\Estudios\univalle\2026-1\Desarrollo II\Movify\backend\movify-backend\movify-backend\src\main\java\com\movify\backend\Modelo\Usuario.java. Using fallback presentation compiler.
2026.04.15 21:03:46 INFO  no build target found for C:\Users\USUARIO\Desktop\Estudios\univalle\2026-1\Desarrollo II\Movify\backend\movify-backend\movify-backend\src\main\java\com\movify\backend\Modelo\Usuario.java. Using fallback presentation compiler.
2026.04.15 21:03:45 INFO  no build target found for C:\Users\USUARIO\Desktop\Estudios\univalle\2026-1\Desarrollo II\Movify\backend\movify-backend\movify-backend\src\main\java\com\movify\backend\Modelo\Usuario.java. Using fallback presentation compiler.
2026.04.15 21:03:47 WARN  no build target for: C:\Users\USUARIO\Desktop\Estudios\univalle\2026-1\Desarrollo II\Movify\backend\movify-backend\movify-backend\src\main\java\com\movify\backend\Modelo\Usuario.java
2026.04.15 21:03:47 INFO  no build target found for C:\Users\USUARIO\Desktop\Estudios\univalle\2026-1\Desarrollo II\Movify\backend\movify-backend\movify-backend\src\main\java\com\movify\backend\Modelo\Usuario.java. Using fallback presentation compiler.
2026.04.15 21:03:47 INFO  no build target found for C:\Users\USUARIO\Desktop\Estudios\univalle\2026-1\Desarrollo II\Movify\backend\movify-backend\movify-backend\src\main\java\com\movify\backend\Modelo\Usuario.java. Using fallback presentation compiler.
2026.04.15 21:03:47 WARN  Running javac-semanticdb failed for file:///C:/Users/USUARIO/Desktop/Estudios/univalle/2026-1/Desarrollo%20II/Movify/backend/movify-backend/movify-backend/src/main/java/com/movify/backend/Modelo/Usuario.java. Output:

2026.04.15 21:03:47 INFO  no build target found for C:\Users\USUARIO\Desktop\Estudios\univalle\2026-1\Desarrollo II\Movify\backend\movify-backend\movify-backend\src\main\java\com\movify\backend\Modelo\Usuario.java. Using fallback presentation compiler.
2026.04.15 21:03:49 INFO  no build target found for C:\Users\USUARIO\Desktop\Estudios\univalle\2026-1\Desarrollo II\Movify\backend\movify-backend\movify-backend\src\main\java\com\movify\backend\Modelo\Usuario.java. Using fallback presentation compiler.
2026.04.15 21:03:49 INFO  no build target found for C:\Users\USUARIO\Desktop\Estudios\univalle\2026-1\Desarrollo II\Movify\backend\movify-backend\movify-backend\src\main\java\com\movify\backend\Modelo\Usuario.java. Using fallback presentation compiler.
abr 15, 2026 9:03:49 P. M. org.eclipse.lsp4j.jsonrpc.RemoteEndpoint handleCancellation
WARNING: Unmatched cancel notification for request id 1278
2026.04.15 21:03:49 INFO  no build target found for C:\Users\USUARIO\Desktop\Estudios\univalle\2026-1\Desarrollo II\Movify\backend\movify-backend\movify-backend\src\main\java\com\movify\backend\Modelo\Usuario.java. Using fallback presentation compiler.
2026.04.15 21:03:49 INFO  no build target found for C:\Users\USUARIO\Desktop\Estudios\univalle\2026-1\Desarrollo II\Movify\backend\movify-backend\movify-backend\src\main\java\com\movify\backend\Modelo\Usuario.java. Using fallback presentation compiler.
2026.04.15 21:03:49 INFO  no build target found for C:\Users\USUARIO\Desktop\Estudios\univalle\2026-1\Desarrollo II\Movify\backend\movify-backend\movify-backend\src\main\java\com\movify\backend\Modelo\Usuario.java. Using fallback presentation compiler.
2026.04.15 21:03:50 INFO  no build target found for C:\Users\USUARIO\Desktop\Estudios\univalle\2026-1\Desarrollo II\Movify\backend\movify-backend\movify-backend\src\main\java\com\movify\backend\Modelo\Usuario.java. Using fallback presentation compiler.
2026.04.15 21:03:50 INFO  no build target found for C:\Users\USUARIO\Desktop\Estudios\univalle\2026-1\Desarrollo II\Movify\backend\movify-backend\movify-backend\src\main\java\com\movify\backend\Modelo\Usuario.java. Using fallback presentation compiler.
2026.04.15 21:03:50 INFO  no build target found for C:\Users\USUARIO\Desktop\Estudios\univalle\2026-1\Desarrollo II\Movify\backend\movify-backend\movify-backend\src\main\java\com\movify\backend\Modelo\Usuario.java. Using fallback presentation compiler.
2026.04.15 21:03:50 INFO  no build target found for C:\Users\USUARIO\Desktop\Estudios\univalle\2026-1\Desarrollo II\Movify\backend\movify-backend\movify-backend\src\main\java\com\movify\backend\Modelo\Usuario.java. Using fallback presentation compiler.
2026.04.15 21:03:50 INFO  no build target found for C:\Users\USUARIO\Desktop\Estudios\univalle\2026-1\Desarrollo II\Movify\backend\movify-backend\movify-backend\src\main\java\com\movify\backend\Modelo\Usuario.java. Using fallback presentation compiler.
2026.04.15 21:03:50 INFO  no build target found for C:\Users\USUARIO\Desktop\Estudios\univalle\2026-1\Desarrollo II\Movify\backend\movify-backend\movify-backend\src\main\java\com\movify\backend\Modelo\Usuario.java. Using fallback presentation compiler.
2026.04.15 21:03:51 WARN  no build target for: C:\Users\USUARIO\Desktop\Estudios\univalle\2026-1\Desarrollo II\Movify\backend\movify-backend\movify-backend\src\main\java\com\movify\backend\Modelo\Usuario.java
2026.04.15 21:03:51 INFO  no build target found for C:\Users\USUARIO\Desktop\Estudios\univalle\2026-1\Desarrollo II\Movify\backend\movify-backend\movify-backend\src\main\java\com\movify\backend\Modelo\Usuario.java. Using fallback presentation compiler.
2026.04.15 21:03:51 INFO  no build target found for C:\Users\USUARIO\Desktop\Estudios\univalle\2026-1\Desarrollo II\Movify\backend\movify-backend\movify-backend\src\main\java\com\movify\backend\Modelo\Usuario.java. Using fallback presentation compiler.
2026.04.15 21:03:51 WARN  Running javac-semanticdb failed for file:///C:/Users/USUARIO/Desktop/Estudios/univalle/2026-1/Desarrollo%20II/Movify/backend/movify-backend/movify-backend/src/main/java/com/movify/backend/Modelo/Usuario.java. Output:

2026.04.15 21:03:51 INFO  no build target found for C:\Users\USUARIO\Desktop\Estudios\univalle\2026-1\Desarrollo II\Movify\backend\movify-backend\movify-backend\src\main\java\com\movify\backend\Modelo\Usuario.java. Using fallback presentation compiler.
2026.04.15 21:03:51 INFO  no build target found for C:\Users\USUARIO\Desktop\Estudios\univalle\2026-1\Desarrollo II\Movify\backend\movify-backend\movify-backend\src\main\java\com\movify\backend\Modelo\Usuario.java. Using fallback presentation compiler.
2026.04.15 21:03:54 INFO  no build target found for C:\Users\USUARIO\Desktop\Estudios\univalle\2026-1\Desarrollo II\Movify\backend\movify-backend\movify-backend\src\main\java\com\movify\backend\Modelo\Usuario.java. Using fallback presentation compiler.
2026.04.15 21:03:54 INFO  no build target found for C:\Users\USUARIO\Desktop\Estudios\univalle\2026-1\Desarrollo II\Movify\backend\movify-backend\movify-backend\src\main\java\com\movify\backend\Modelo\Usuario.java. Using fallback presentation compiler.
abr 15, 2026 9:03:54 P. M. org.eclipse.lsp4j.jsonrpc.RemoteEndpoint handleCancellation
WARNING: Unmatched cancel notification for request id 1301
2026.04.15 21:03:54 INFO  no build target found for C:\Users\USUARIO\Desktop\Estudios\univalle\2026-1\Desarrollo II\Movify\backend\movify-backend\movify-backend\src\main\java\com\movify\backend\Modelo\Usuario.java. Using fallback presentation compiler.
2026.04.15 21:03:55 INFO  no build target found for C:\Users\USUARIO\Desktop\Estudios\univalle\2026-1\Desarrollo II\Movify\backend\movify-backend\movify-backend\src\main\java\com\movify\backend\Modelo\Usuario.java. Using fallback presentation compiler.
2026.04.15 21:03:55 INFO  no build target found for C:\Users\USUARIO\Desktop\Estudios\univalle\2026-1\Desarrollo II\Movify\backend\movify-backend\movify-backend\src\main\java\com\movify\backend\Modelo\Usuario.java. Using fallback presentation compiler.
2026.04.15 21:03:56 INFO  no build target found for C:\Users\USUARIO\Desktop\Estudios\univalle\2026-1\Desarrollo II\Movify\backend\movify-backend\movify-backend\src\main\java\com\movify\backend\Modelo\Usuario.java. Using fallback presentation compiler.
2026.04.15 21:03:56 INFO  no build target found for C:\Users\USUARIO\Desktop\Estudios\univalle\2026-1\Desarrollo II\Movify\backend\movify-backend\movify-backend\src\main\java\com\movify\backend\Modelo\Usuario.java. Using fallback presentation compiler.
2026.04.15 21:03:58 INFO  no build target found for C:\Users\USUARIO\Desktop\Estudios\univalle\2026-1\Desarrollo II\Movify\backend\movify-backend\movify-backend\src\main\java\com\movify\backend\Modelo\Usuario.java. Using fallback presentation compiler.
2026.04.15 21:03:58 INFO  no build target found for C:\Users\USUARIO\Desktop\Estudios\univalle\2026-1\Desarrollo II\Movify\backend\movify-backend\movify-backend\src\main\java\com\movify\backend\Modelo\Usuario.java. Using fallback presentation compiler.
2026.04.15 21:03:58 INFO  no build target found for C:\Users\USUARIO\Desktop\Estudios\univalle\2026-1\Desarrollo II\Movify\backend\movify-backend\movify-backend\src\main\java\com\movify\backend\Modelo\Usuario.java. Using fallback presentation compiler.
2026.04.15 21:03:58 INFO  no build target found for C:\Users\USUARIO\Desktop\Estudios\univalle\2026-1\Desarrollo II\Movify\backend\movify-backend\movify-backend\src\main\java\com\movify\backend\Modelo\Usuario.java. Using fallback presentation compiler.
2026.04.15 21:03:59 INFO  no build target found for C:\Users\USUARIO\Desktop\Estudios\univalle\2026-1\Desarrollo II\Movify\backend\movify-backend\movify-backend\src\main\java\com\movify\backend\Modelo\Usuario.java. Using fallback presentation compiler.
2026.04.15 21:03:59 INFO  no build target found for C:\Users\USUARIO\Desktop\Estudios\univalle\2026-1\Desarrollo II\Movify\backend\movify-backend\movify-backend\src\main\java\com\movify\backend\Modelo\Usuario.java. Using fallback presentation compiler.
2026.04.15 21:04:01 INFO  no build target found for C:\Users\USUARIO\Desktop\Estudios\univalle\2026-1\Desarrollo II\Movify\backend\movify-backend\movify-backend\src\main\java\com\movify\backend\Modelo\Usuario.java. Using fallback presentation compiler.
2026.04.15 21:04:01 INFO  no build target found for C:\Users\USUARIO\Desktop\Estudios\univalle\2026-1\Desarrollo II\Movify\backend\movify-backend\movify-backend\src\main\java\com\movify\backend\Modelo\Usuario.java. Using fallback presentation compiler.
2026.04.15 21:04:01 INFO  no build target found for C:\Users\USUARIO\Desktop\Estudios\univalle\2026-1\Desarrollo II\Movify\backend\movify-backend\movify-backend\src\main\java\com\movify\backend\Modelo\Usuario.java. Using fallback presentation compiler.
2026.04.15 21:04:01 INFO  no build target found for C:\Users\USUARIO\Desktop\Estudios\univalle\2026-1\Desarrollo II\Movify\backend\movify-backend\movify-backend\src\main\java\com\movify\backend\Modelo\Usuario.java. Using fallback presentation compiler.
2026.04.15 21:04:02 INFO  no build target found for C:\Users\USUARIO\Desktop\Estudios\univalle\2026-1\Desarrollo II\Movify\backend\movify-backend\movify-backend\src\main\java\com\movify\backend\Modelo\Usuario.java. Using fallback presentation compiler.
2026.04.15 21:04:02 INFO  no build target found for C:\Users\USUARIO\Desktop\Estudios\univalle\2026-1\Desarrollo II\Movify\backend\movify-backend\movify-backend\src\main\java\com\movify\backend\Modelo\Usuario.java. Using fallback presentation compiler.
2026.04.15 21:04:02 INFO  no build target found for C:\Users\USUARIO\Desktop\Estudios\univalle\2026-1\Desarrollo II\Movify\backend\movify-backend\movify-backend\src\main\java\com\movify\backend\Modelo\Usuario.java. Using fallback presentation compiler.
2026.04.15 21:04:02 INFO  no build target found for C:\Users\USUARIO\Desktop\Estudios\univalle\2026-1\Desarrollo II\Movify\backend\movify-backend\movify-backend\src\main\java\com\movify\backend\Modelo\Usuario.java. Using fallback presentation compiler.
2026.04.15 21:04:02 INFO  no build target found for C:\Users\USUARIO\Desktop\Estudios\univalle\2026-1\Desarrollo II\Movify\backend\movify-backend\movify-backend\src\main\java\com\movify\backend\Modelo\Usuario.java. Using fallback presentation compiler.
2026.04.15 21:04:03 INFO  no build target found for C:\Users\USUARIO\Desktop\Estudios\univalle\2026-1\Desarrollo II\Movify\backend\movify-backend\movify-backend\src\main\java\com\movify\backend\Modelo\Usuario.java. Using fallback presentation compiler.
2026.04.15 21:04:03 INFO  no build target found for C:\Users\USUARIO\Desktop\Estudios\univalle\2026-1\Desarrollo II\Movify\backend\movify-backend\movify-backend\src\main\java\com\movify\backend\Modelo\Usuario.java. Using fallback presentation compiler.
2026.04.15 21:04:05 INFO  no build target found for C:\Users\USUARIO\Desktop\Estudios\univalle\2026-1\Desarrollo II\Movify\backend\movify-backend\movify-backend\src\main\java\com\movify\backend\Modelo\Usuario.java. Using fallback presentation compiler.
2026.04.15 21:04:05 INFO  no build target found for C:\Users\USUARIO\Desktop\Estudios\univalle\2026-1\Desarrollo II\Movify\backend\movify-backend\movify-backend\src\main\java\com\movify\backend\Modelo\Usuario.java. Using fallback presentation compiler.
2026.04.15 21:04:09 INFO  no build target found for C:\Users\USUARIO\Desktop\Estudios\univalle\2026-1\Desarrollo II\Movify\backend\movify-backend\movify-backend\src\main\java\com\movify\backend\Modelo\Usuario.java. Using fallback presentation compiler.
2026.04.15 21:04:09 INFO  no build target found for C:\Users\USUARIO\Desktop\Estudios\univalle\2026-1\Desarrollo II\Movify\backend\movify-backend\movify-backend\src\main\java\com\movify\backend\Modelo\Usuario.java. Using fallback presentation compiler.
2026.04.15 21:04:14 INFO  no build target found for C:\Users\USUARIO\Desktop\Estudios\univalle\2026-1\Desarrollo II\Movify\backend\movify-backend\movify-backend\src\main\java\com\movify\backend\Modelo\Usuario.java. Using fallback presentation compiler.
2026.04.15 21:04:14 INFO  no build target found for C:\Users\USUARIO\Desktop\Estudios\univalle\2026-1\Desarrollo II\Movify\backend\movify-backend\movify-backend\src\main\java\com\movify\backend\Modelo\Usuario.java. Using fallback presentation compiler.
2026.04.15 21:04:15 INFO  no build target found for C:\Users\USUARIO\Desktop\Estudios\univalle\2026-1\Desarrollo II\Movify\backend\movify-backend\movify-backend\src\main\java\com\movify\backend\Modelo\Usuario.java. Using fallback presentation compiler.
2026.04.15 21:04:15 INFO  no build target found for C:\Users\USUARIO\Desktop\Estudios\univalle\2026-1\Desarrollo II\Movify\backend\movify-backend\movify-backend\src\main\java\com\movify\backend\Modelo\Usuario.java. Using fallback presentation compiler.
2026.04.15 21:04:15 INFO  no build target found for C:\Users\USUARIO\Desktop\Estudios\univalle\2026-1\Desarrollo II\Movify\backend\movify-backend\movify-backend\src\main\java\com\movify\backend\Modelo\Usuario.java. Using fallback presentation compiler.
2026.04.15 21:04:15 INFO  Created report: Optional[file:///C:/Users/USUARIO/Desktop/Estudios/univalle/2026-1/Desarrollo%20II/Movify/backend/movify-backend/movify-backend/src/main/java/com/movify/backend/Modelo/Usuario.java]
2026.04.15 21:04:15 INFO  empty definition using pc, found symbol in pc: _empty_/GenerationType# (full report at: "C:\Users\USUARIO\Desktop\Estudios\univalle\2026-1\Desarrollo II\Movify\backend\movify-backend\movify-backend\.metals\.reports\metals-full\2026-04-15\r_empty-definition_21-04-15-478.md")
2026.04.15 21:04:15 INFO  no build target found for C:\Users\USUARIO\Desktop\Estudios\univalle\2026-1\Desarrollo II\Movify\backend\movify-backend\movify-backend\src\main\java\com\movify\backend\Modelo\Usuario.java. Using fallback presentation compiler.
2026.04.15 21:07:43 INFO  Shutting down server
2026.04.15 21:07:43 INFO  shutting down Metals
2026.04.15 21:07:43 INFO  Exiting server
2026.04.15 21:07:43 ERROR Unexpected error initializing server: 
org.eclipse.lsp4j.jsonrpc.ResponseErrorException: Request window/showMessageRequest failed with message: Canceled
	at org.eclipse.lsp4j.jsonrpc.RemoteEndpoint.handleResponse(RemoteEndpoint.java:220)
	at org.eclipse.lsp4j.jsonrpc.RemoteEndpoint.consume(RemoteEndpoint.java:204)
	at org.eclipse.lsp4j.jsonrpc.json.StreamMessageProducer.handleMessage(StreamMessageProducer.java:185)
	at org.eclipse.lsp4j.jsonrpc.json.StreamMessageProducer.listen(StreamMessageProducer.java:97)
	at org.eclipse.lsp4j.jsonrpc.json.ConcurrentMessageProcessor.run(ConcurrentMessageProcessor.java:114)
	at java.util.concurrent.Executors$RunnableAdapter.call(Executors.java:545)
	at java.util.concurrent.FutureTask.run(FutureTask.java:328)
	at java.util.concurrent.ThreadPoolExecutor.runWorker(ThreadPoolExecutor.java:1090)
	at java.util.concurrent.ThreadPoolExecutor$Worker.run(ThreadPoolExecutor.java:614)
	at java.lang.Thread.run(Thread.java:1474)

