2026.04.16 16:41:09 INFO  Started: Metals version 1.6.7 in folders 'C:\Users\USUARIO\Desktop\Estudios\univalle\2026-1\Desarrollo II\Movify\backend\movify-backend' for client Visual Studio Code 1.116.0.
2026.04.16 16:41:09 INFO  Memory monitor started
2026.04.16 16:41:12 WARN  Using H2 2.4.240 which is newer than the version Flyway has been verified with. The latest verified version of H2 is 2.3.232.
2026.04.16 16:41:12 INFO  no build target found for C:\Users\USUARIO\Desktop\Estudios\univalle\2026-1\Desarrollo II\Movify\backend\movify-backend\movify-backend\src\main\java\com\movify\backend\Modelo\Usuario.java. Using fallback presentation compiler.
abr 16, 2026 4:41:14 P. M. org.eclipse.lsp4j.jsonrpc.RemoteEndpoint handleCancellation
WARNING: Unmatched cancel notification for request id 2
abr 16, 2026 4:41:14 P. M. org.eclipse.lsp4j.jsonrpc.RemoteEndpoint handleCancellation
WARNING: Unmatched cancel notification for request id 1
2026.04.16 16:41:14 INFO  no build target found for C:\Users\USUARIO\Desktop\Estudios\univalle\2026-1\Desarrollo II\Movify\backend\movify-backend\movify-backend\src\main\java\com\movify\backend\Modelo\Usuario.java. Using fallback presentation compiler.
2026.04.16 16:41:30 INFO  no build target found for C:\Users\USUARIO\Desktop\Estudios\univalle\2026-1\Desarrollo II\Movify\backend\movify-backend\movify-backend\src\main\java\com\movify\backend\Modelo\Usuario.java. Using fallback presentation compiler.
2026.04.16 16:41:30 WARN  no build target for: C:\Users\USUARIO\Desktop\Estudios\univalle\2026-1\Desarrollo II\Movify\backend\movify-backend\movify-backend\src\main\java\com\movify\backend\Modelo\Usuario.java
abr 16, 2026 4:41:30 P. M. org.eclipse.lsp4j.jsonrpc.RemoteEndpoint handleCancellation
WARNING: Unmatched cancel notification for request id 6
2026.04.16 16:41:30 INFO  no build target found for C:\Users\USUARIO\Desktop\Estudios\univalle\2026-1\Desarrollo II\Movify\backend\movify-backend\movify-backend\src\main\java\com\movify\backend\Modelo\Usuario.java. Using fallback presentation compiler.
abr 16, 2026 4:41:31 P. M. org.eclipse.lsp4j.jsonrpc.RemoteEndpoint handleCancellation
WARNING: Unmatched cancel notification for request id 8
2026.04.16 16:41:31 INFO  no build target found for C:\Users\USUARIO\Desktop\Estudios\univalle\2026-1\Desarrollo II\Movify\backend\movify-backend\movify-backend\src\main\java\com\movify\backend\Modelo\Usuario.java. Using fallback presentation compiler.
2026.04.16 16:41:30 INFO  no build target found for C:\Users\USUARIO\Desktop\Estudios\univalle\2026-1\Desarrollo II\Movify\backend\movify-backend\movify-backend\src\main\java\com\movify\backend\Modelo\Usuario.java. Using fallback presentation compiler.
2026.04.16 16:41:33 INFO  no build target found for C:\Users\USUARIO\Desktop\Estudios\univalle\2026-1\Desarrollo II\Movify\backend\movify-backend\movify-backend\src\main\java\com\movify\backend\Modelo\Usuario.java. Using fallback presentation compiler.
2026.04.16 16:41:33 INFO  no build target found for C:\Users\USUARIO\Desktop\Estudios\univalle\2026-1\Desarrollo II\Movify\backend\movify-backend\movify-backend\src\main\java\com\movify\backend\Modelo\Usuario.java. Using fallback presentation compiler.
2026.04.16 16:41:34 INFO  no build target found for C:\Users\USUARIO\Desktop\Estudios\univalle\2026-1\Desarrollo II\Movify\backend\movify-backend\movify-backend\src\main\java\com\movify\backend\Modelo\Usuario.java. Using fallback presentation compiler.
abr 16, 2026 4:41:34 P. M. org.eclipse.lsp4j.jsonrpc.RemoteEndpoint handleCancellation
WARNING: Unmatched cancel notification for request id 15
2026.04.16 16:41:34 INFO  no build target found for C:\Users\USUARIO\Desktop\Estudios\univalle\2026-1\Desarrollo II\Movify\backend\movify-backend\movify-backend\src\main\java\com\movify\backend\Modelo\Usuario.java. Using fallback presentation compiler.
2026.04.16 16:41:34 INFO  no build target found for C:\Users\USUARIO\Desktop\Estudios\univalle\2026-1\Desarrollo II\Movify\backend\movify-backend\movify-backend\src\main\java\com\movify\backend\Modelo\Usuario.java. Using fallback presentation compiler.
2026.04.16 16:41:36 INFO  no build target found for C:\Users\USUARIO\Desktop\Estudios\univalle\2026-1\Desarrollo II\Movify\backend\movify-backend\movify-backend\src\main\java\com\movify\backend\Modelo\Usuario.java. Using fallback presentation compiler.
2026.04.16 16:41:36 INFO  no build target found for C:\Users\USUARIO\Desktop\Estudios\univalle\2026-1\Desarrollo II\Movify\backend\movify-backend\movify-backend\src\main\java\com\movify\backend\Modelo\Usuario.java. Using fallback presentation compiler.
2026.04.16 16:41:36 INFO  no build target found for C:\Users\USUARIO\Desktop\Estudios\univalle\2026-1\Desarrollo II\Movify\backend\movify-backend\movify-backend\src\main\java\com\movify\backend\Modelo\Usuario.java. Using fallback presentation compiler.
abr 16, 2026 4:41:36 P. M. org.eclipse.lsp4j.jsonrpc.RemoteEndpoint handleCancellation
WARNING: Unmatched cancel notification for request id 22
2026.04.16 16:41:36 INFO  no build target found for C:\Users\USUARIO\Desktop\Estudios\univalle\2026-1\Desarrollo II\Movify\backend\movify-backend\movify-backend\src\main\java\com\movify\backend\Modelo\Usuario.java. Using fallback presentation compiler.
2026.04.16 16:41:37 INFO  no build target found for C:\Users\USUARIO\Desktop\Estudios\univalle\2026-1\Desarrollo II\Movify\backend\movify-backend\movify-backend\src\main\java\com\movify\backend\Modelo\Usuario.java. Using fallback presentation compiler.
2026.04.16 16:41:37 INFO  no build target found for C:\Users\USUARIO\Desktop\Estudios\univalle\2026-1\Desarrollo II\Movify\backend\movify-backend\movify-backend\src\main\java\com\movify\backend\Modelo\Usuario.java. Using fallback presentation compiler.
abr 16, 2026 4:41:37 P. M. org.eclipse.lsp4j.jsonrpc.RemoteEndpoint handleCancellation
WARNING: Unmatched cancel notification for request id 26
2026.04.16 16:41:37 INFO  no build target found for C:\Users\USUARIO\Desktop\Estudios\univalle\2026-1\Desarrollo II\Movify\backend\movify-backend\movify-backend\src\main\java\com\movify\backend\Modelo\Usuario.java. Using fallback presentation compiler.
2026.04.16 16:41:37 INFO  no build target found for C:\Users\USUARIO\Desktop\Estudios\univalle\2026-1\Desarrollo II\Movify\backend\movify-backend\movify-backend\src\main\java\com\movify\backend\Modelo\Usuario.java. Using fallback presentation compiler.
2026.04.16 16:41:37 INFO  no build target found for C:\Users\USUARIO\Desktop\Estudios\univalle\2026-1\Desarrollo II\Movify\backend\movify-backend\movify-backend\src\main\java\com\movify\backend\Modelo\Usuario.java. Using fallback presentation compiler.
2026.04.16 16:41:37 INFO  no build target found for C:\Users\USUARIO\Desktop\Estudios\univalle\2026-1\Desarrollo II\Movify\backend\movify-backend\movify-backend\src\main\java\com\movify\backend\Modelo\Usuario.java. Using fallback presentation compiler.
2026.04.16 16:41:37 INFO  no build target found for C:\Users\USUARIO\Desktop\Estudios\univalle\2026-1\Desarrollo II\Movify\backend\movify-backend\movify-backend\src\main\java\com\movify\backend\Modelo\Usuario.java. Using fallback presentation compiler.
abr 16, 2026 4:41:38 P. M. org.eclipse.lsp4j.jsonrpc.RemoteEndpoint handleCancellation
WARNING: Unmatched cancel notification for request id 31
2026.04.16 16:41:38 INFO  no build target found for C:\Users\USUARIO\Desktop\Estudios\univalle\2026-1\Desarrollo II\Movify\backend\movify-backend\movify-backend\src\main\java\com\movify\backend\Modelo\Usuario.java. Using fallback presentation compiler.
2026.04.16 16:41:38 INFO  no build target found for C:\Users\USUARIO\Desktop\Estudios\univalle\2026-1\Desarrollo II\Movify\backend\movify-backend\movify-backend\src\main\java\com\movify\backend\Modelo\Usuario.java. Using fallback presentation compiler.
2026.04.16 16:41:38 INFO  no build target found for C:\Users\USUARIO\Desktop\Estudios\univalle\2026-1\Desarrollo II\Movify\backend\movify-backend\movify-backend\src\main\java\com\movify\backend\Modelo\Usuario.java. Using fallback presentation compiler.
2026.04.16 16:41:38 INFO  no build target found for C:\Users\USUARIO\Desktop\Estudios\univalle\2026-1\Desarrollo II\Movify\backend\movify-backend\movify-backend\src\main\java\com\movify\backend\Modelo\Usuario.java. Using fallback presentation compiler.
2026.04.16 16:41:38 INFO  no build target found for C:\Users\USUARIO\Desktop\Estudios\univalle\2026-1\Desarrollo II\Movify\backend\movify-backend\movify-backend\src\main\java\com\movify\backend\Modelo\Usuario.java. Using fallback presentation compiler.
2026.04.16 16:42:19 INFO  no build target found for C:\Users\USUARIO\Desktop\Estudios\univalle\2026-1\Desarrollo II\Movify\backend\movify-backend\movify-backend\src\main\java\com\movify\backend\Base_de_datos.java. Using fallback presentation compiler.
2026.04.16 16:42:20 INFO  no build target found for C:\Users\USUARIO\Desktop\Estudios\univalle\2026-1\Desarrollo II\Movify\backend\movify-backend\movify-backend\src\main\java\com\movify\backend\Base_de_datos.java. Using fallback presentation compiler.
2026.04.16 16:42:20 INFO  no build target found for C:\Users\USUARIO\Desktop\Estudios\univalle\2026-1\Desarrollo II\Movify\backend\movify-backend\movify-backend\src\main\java\com\movify\backend\Base_de_datos.java. Using fallback presentation compiler.
2026.04.16 16:42:20 INFO  no build target found for C:\Users\USUARIO\Desktop\Estudios\univalle\2026-1\Desarrollo II\Movify\backend\movify-backend\movify-backend\src\main\java\com\movify\backend\Base_de_datos.java. Using fallback presentation compiler.
2026.04.16 16:42:21 WARN  no build target for: C:\Users\USUARIO\Desktop\Estudios\univalle\2026-1\Desarrollo II\Movify\backend\movify-backend\movify-backend\src\main\java\com\movify\backend\Base_de_datos.java
2026.04.16 16:42:21 INFO  no build target found for C:\Users\USUARIO\Desktop\Estudios\univalle\2026-1\Desarrollo II\Movify\backend\movify-backend\movify-backend\src\main\java\com\movify\backend\Base_de_datos.java. Using fallback presentation compiler.
2026.04.16 16:42:20 INFO  no build target found for C:\Users\USUARIO\Desktop\Estudios\univalle\2026-1\Desarrollo II\Movify\backend\movify-backend\movify-backend\src\main\java\com\movify\backend\Base_de_datos.java. Using fallback presentation compiler.
2026.04.16 16:42:21 WARN  Running javac-semanticdb failed for file:///C:/Users/USUARIO/Desktop/Estudios/univalle/2026-1/Desarrollo%20II/Movify/backend/movify-backend/movify-backend/src/main/java/com/movify/backend/Base_de_datos.java. Output:

2026.04.16 16:42:21 INFO  no build target found for C:\Users\USUARIO\Desktop\Estudios\univalle\2026-1\Desarrollo II\Movify\backend\movify-backend\movify-backend\src\main\java\com\movify\backend\Base_de_datos.java. Using fallback presentation compiler.
abr 16, 2026 4:42:21 P. M. org.eclipse.lsp4j.jsonrpc.RemoteEndpoint handleCancellation
WARNING: Unmatched cancel notification for request id 48
2026.04.16 16:42:29 INFO  no build target found for c:\Users\USUARIO\Desktop\Estudios\univalle\2026-1\Desarrollo II\Movify\backend\movify-backend\movify-backend\src\main\java\com\movify\backend\Base_de_datos.java. Using fallback presentation compiler.
2026.04.16 16:42:29 INFO  no build target found for C:\Users\USUARIO\Desktop\Estudios\univalle\2026-1\Desarrollo II\Movify\backend\movify-backend\movify-backend\src\main\java\com\movify\backend\Modelo\Usuario.java. Using fallback presentation compiler.
2026.04.16 16:42:29 WARN  no build target for: C:\Users\USUARIO\Desktop\Estudios\univalle\2026-1\Desarrollo II\Movify\backend\movify-backend\movify-backend\src\main\java\com\movify\backend\Modelo\Usuario.java
2026.04.16 16:42:29 INFO  no build target found for C:\Users\USUARIO\Desktop\Estudios\univalle\2026-1\Desarrollo II\Movify\backend\movify-backend\movify-backend\src\main\java\com\movify\backend\Modelo\Usuario.java. Using fallback presentation compiler.
2026.04.16 16:44:11 INFO  no build target found for C:\Users\USUARIO\Desktop\Estudios\univalle\2026-1\Desarrollo II\Movify\backend\movify-backend\movify-backend\src\main\java\com\movify\backend\Controlador\AutenticacionControlador.java. Using fallback presentation compiler.
2026.04.16 16:44:12 INFO  no build target found for C:\Users\USUARIO\Desktop\Estudios\univalle\2026-1\Desarrollo II\Movify\backend\movify-backend\movify-backend\src\main\java\com\movify\backend\Controlador\AutenticacionControlador.java. Using fallback presentation compiler.
2026.04.16 16:44:12 INFO  no build target found for C:\Users\USUARIO\Desktop\Estudios\univalle\2026-1\Desarrollo II\Movify\backend\movify-backend\movify-backend\src\main\java\com\movify\backend\Controlador\AutenticacionControlador.java. Using fallback presentation compiler.
2026.04.16 16:44:12 INFO  no build target found for C:\Users\USUARIO\Desktop\Estudios\univalle\2026-1\Desarrollo II\Movify\backend\movify-backend\movify-backend\src\main\java\com\movify\backend\Controlador\AutenticacionControlador.java. Using fallback presentation compiler.
2026.04.16 16:44:13 WARN  no build target for: C:\Users\USUARIO\Desktop\Estudios\univalle\2026-1\Desarrollo II\Movify\backend\movify-backend\movify-backend\src\main\java\com\movify\backend\Controlador\AutenticacionControlador.java
2026.04.16 16:44:13 INFO  no build target found for C:\Users\USUARIO\Desktop\Estudios\univalle\2026-1\Desarrollo II\Movify\backend\movify-backend\movify-backend\src\main\java\com\movify\backend\Controlador\AutenticacionControlador.java. Using fallback presentation compiler.
2026.04.16 16:44:13 WARN  Running javac-semanticdb failed for file:///C:/Users/USUARIO/Desktop/Estudios/univalle/2026-1/Desarrollo%20II/Movify/backend/movify-backend/movify-backend/src/main/java/com/movify/backend/Controlador/AutenticacionControlador.java. Output:

2026.04.16 16:44:12 INFO  no build target found for C:\Users\USUARIO\Desktop\Estudios\univalle\2026-1\Desarrollo II\Movify\backend\movify-backend\movify-backend\src\main\java\com\movify\backend\Controlador\AutenticacionControlador.java. Using fallback presentation compiler.
2026.04.16 16:44:13 INFO  no build target found for C:\Users\USUARIO\Desktop\Estudios\univalle\2026-1\Desarrollo II\Movify\backend\movify-backend\movify-backend\src\main\java\com\movify\backend\Controlador\AutenticacionControlador.java. Using fallback presentation compiler.
2026.04.16 16:44:21 INFO  no build target found for C:\Users\USUARIO\Desktop\Estudios\univalle\2026-1\Desarrollo II\Movify\backend\movify-backend\movify-backend\src\main\java\com\movify\backend\Controlador\AutenticacionControlador.java. Using fallback presentation compiler.
2026.04.16 16:44:21 INFO  no build target found for C:\Users\USUARIO\Desktop\Estudios\univalle\2026-1\Desarrollo II\Movify\backend\movify-backend\movify-backend\src\main\java\com\movify\backend\Controlador\AutenticacionControlador.java. Using fallback presentation compiler.
2026.04.16 16:44:21 INFO  no build target found for C:\Users\USUARIO\Desktop\Estudios\univalle\2026-1\Desarrollo II\Movify\backend\movify-backend\movify-backend\src\main\java\com\movify\backend\Controlador\AutenticacionControlador.java. Using fallback presentation compiler.
2026.04.16 16:44:21 INFO  no build target found for C:\Users\USUARIO\Desktop\Estudios\univalle\2026-1\Desarrollo II\Movify\backend\movify-backend\movify-backend\src\main\java\com\movify\backend\Controlador\AutenticacionControlador.java. Using fallback presentation compiler.
2026.04.16 16:44:21 INFO  no build target found for C:\Users\USUARIO\Desktop\Estudios\univalle\2026-1\Desarrollo II\Movify\backend\movify-backend\movify-backend\src\main\java\com\movify\backend\Controlador\AutenticacionControlador.java. Using fallback presentation compiler.
2026.04.16 16:44:21 INFO  no build target found for C:\Users\USUARIO\Desktop\Estudios\univalle\2026-1\Desarrollo II\Movify\backend\movify-backend\movify-backend\src\main\java\com\movify\backend\Controlador\AutenticacionControlador.java. Using fallback presentation compiler.
2026.04.16 16:44:21 INFO  no build target found for C:\Users\USUARIO\Desktop\Estudios\univalle\2026-1\Desarrollo II\Movify\backend\movify-backend\movify-backend\src\main\java\com\movify\backend\Controlador\AutenticacionControlador.java. Using fallback presentation compiler.
2026.04.16 16:44:22 INFO  no build target found for C:\Users\USUARIO\Desktop\Estudios\univalle\2026-1\Desarrollo II\Movify\backend\movify-backend\movify-backend\src\main\java\com\movify\backend\Controlador\AutenticacionControlador.java. Using fallback presentation compiler.
2026.04.16 16:44:22 INFO  no build target found for C:\Users\USUARIO\Desktop\Estudios\univalle\2026-1\Desarrollo II\Movify\backend\movify-backend\movify-backend\src\main\java\com\movify\backend\Controlador\AutenticacionControlador.java. Using fallback presentation compiler.
abr 16, 2026 4:44:22 P. M. org.eclipse.lsp4j.jsonrpc.RemoteEndpoint handleCancellation
WARNING: Unmatched cancel notification for request id 81
2026.04.16 16:44:26 INFO  no build target found for C:\Users\USUARIO\Desktop\Estudios\univalle\2026-1\Desarrollo II\Movify\backend\movify-backend\movify-backend\src\main\java\com\movify\backend\Controlador\AutenticacionControlador.java. Using fallback presentation compiler.
2026.04.16 16:44:26 INFO  no build target found for C:\Users\USUARIO\Desktop\Estudios\univalle\2026-1\Desarrollo II\Movify\backend\movify-backend\movify-backend\src\main\java\com\movify\backend\Controlador\AutenticacionControlador.java. Using fallback presentation compiler.
2026.04.16 16:44:26 INFO  no build target found for C:\Users\USUARIO\Desktop\Estudios\univalle\2026-1\Desarrollo II\Movify\backend\movify-backend\movify-backend\src\main\java\com\movify\backend\Controlador\AutenticacionControlador.java. Using fallback presentation compiler.
2026.04.16 16:44:26 INFO  no build target found for C:\Users\USUARIO\Desktop\Estudios\univalle\2026-1\Desarrollo II\Movify\backend\movify-backend\movify-backend\src\main\java\com\movify\backend\Controlador\AutenticacionControlador.java. Using fallback presentation compiler.
abr 16, 2026 4:44:27 P. M. org.eclipse.lsp4j.jsonrpc.RemoteEndpoint handleCancellation
WARNING: Unmatched cancel notification for request id 86
2026.04.16 16:44:26 INFO  no build target found for C:\Users\USUARIO\Desktop\Estudios\univalle\2026-1\Desarrollo II\Movify\backend\movify-backend\movify-backend\src\main\java\com\movify\backend\Controlador\AutenticacionControlador.java. Using fallback presentation compiler.
2026.04.16 16:44:26 INFO  no build target found for C:\Users\USUARIO\Desktop\Estudios\univalle\2026-1\Desarrollo II\Movify\backend\movify-backend\movify-backend\src\main\java\com\movify\backend\Controlador\AutenticacionControlador.java. Using fallback presentation compiler.
2026.04.16 16:44:27 INFO  no build target found for C:\Users\USUARIO\Desktop\Estudios\univalle\2026-1\Desarrollo II\Movify\backend\movify-backend\movify-backend\src\main\java\com\movify\backend\Controlador\AutenticacionControlador.java. Using fallback presentation compiler.
2026.04.16 16:44:27 INFO  no build target found for C:\Users\USUARIO\Desktop\Estudios\univalle\2026-1\Desarrollo II\Movify\backend\movify-backend\movify-backend\src\main\java\com\movify\backend\Controlador\AutenticacionControlador.java. Using fallback presentation compiler.
2026.04.16 17:02:05 INFO  no build target found for C:\Users\USUARIO\Desktop\Estudios\univalle\2026-1\Desarrollo II\Movify\backend\movify-backend\movify-backend\src\main\java\com\movify\backend\Controlador\AutenticacionControlador.java. Using fallback presentation compiler.
2026.04.16 17:02:08 INFO  no build target found for C:\Users\USUARIO\Desktop\Estudios\univalle\2026-1\Desarrollo II\Movify\backend\movify-backend\movify-backend\src\main\java\com\movify\backend\Controlador\AutenticacionControlador.java. Using fallback presentation compiler.
2026.04.16 17:02:23 INFO  no build target found for C:\Users\USUARIO\Desktop\Estudios\univalle\2026-1\Desarrollo II\Movify\backend\movify-backend\movify-backend\src\main\java\com\movify\backend\Controlador\AutenticacionControlador.java. Using fallback presentation compiler.
2026.04.16 17:02:23 INFO  no build target found for C:\Users\USUARIO\Desktop\Estudios\univalle\2026-1\Desarrollo II\Movify\backend\movify-backend\movify-backend\src\main\java\com\movify\backend\Controlador\AutenticacionControlador.java. Using fallback presentation compiler.
2026.04.16 18:21:25 INFO  no build target found for C:\Users\USUARIO\Desktop\Estudios\univalle\2026-1\Desarrollo II\Movify\backend\movify-backend\movify-backend\src\main\java\com\movify\backend\Controlador\AutenticacionControlador.java. Using fallback presentation compiler.
2026.04.16 18:21:25 INFO  no build target found for C:\Users\USUARIO\Desktop\Estudios\univalle\2026-1\Desarrollo II\Movify\backend\movify-backend\movify-backend\src\main\java\com\movify\backend\Controlador\AutenticacionControlador.java. Using fallback presentation compiler.
2026.04.16 18:21:25 INFO  no build target found for C:\Users\USUARIO\Desktop\Estudios\univalle\2026-1\Desarrollo II\Movify\backend\movify-backend\movify-backend\src\main\java\com\movify\backend\Controlador\AutenticacionControlador.java. Using fallback presentation compiler.
2026.04.16 18:22:27 INFO  no build target found for C:\Users\USUARIO\Desktop\Estudios\univalle\2026-1\Desarrollo II\Movify\backend\movify-backend\movify-backend\src\main\java\com\movify\backend\Controlador\AutenticacionControlador.java. Using fallback presentation compiler.
2026.04.16 18:22:27 INFO  no build target found for C:\Users\USUARIO\Desktop\Estudios\univalle\2026-1\Desarrollo II\Movify\backend\movify-backend\movify-backend\src\main\java\com\movify\backend\Controlador\AutenticacionControlador.java. Using fallback presentation compiler.
abr 16, 2026 6:22:27 P. M. org.eclipse.lsp4j.jsonrpc.RemoteEndpoint handleCancellation
WARNING: Unmatched cancel notification for request id 109
abr 16, 2026 6:22:27 P. M. org.eclipse.lsp4j.jsonrpc.RemoteEndpoint handleCancellation
WARNING: Unmatched cancel notification for request id 110
2026.04.16 18:22:27 INFO  no build target found for C:\Users\USUARIO\Desktop\Estudios\univalle\2026-1\Desarrollo II\Movify\backend\movify-backend\movify-backend\src\main\java\com\movify\backend\Controlador\AutenticacionControlador.java. Using fallback presentation compiler.
2026.04.16 18:22:44 INFO  no build target found for C:\Users\USUARIO\Desktop\Estudios\univalle\2026-1\Desarrollo II\Movify\backend\movify-backend\movify-backend\src\main\java\com\movify\backend\Controlador\AutenticacionControlador.java. Using fallback presentation compiler.
2026.04.16 18:24:04 INFO  no build target found for C:\Users\USUARIO\Desktop\Estudios\univalle\2026-1\Desarrollo II\Movify\backend\movify-backend\movify-backend\src\main\java\com\movify\backend\Controlador\AutenticacionControlador.java. Using fallback presentation compiler.
2026.04.16 18:24:06 INFO  no build target found for C:\Users\USUARIO\Desktop\Estudios\univalle\2026-1\Desarrollo II\Movify\backend\movify-backend\movify-backend\src\main\java\com\movify\backend\Controlador\AutenticacionControlador.java. Using fallback presentation compiler.
2026.04.16 18:24:06 INFO  no build target found for C:\Users\USUARIO\Desktop\Estudios\univalle\2026-1\Desarrollo II\Movify\backend\movify-backend\movify-backend\src\main\java\com\movify\backend\Controlador\AutenticacionControlador.java. Using fallback presentation compiler.
2026.04.16 18:24:08 INFO  no build target found for C:\Users\USUARIO\Desktop\Estudios\univalle\2026-1\Desarrollo II\Movify\backend\movify-backend\movify-backend\src\main\java\com\movify\backend\Controlador\AutenticacionControlador.java. Using fallback presentation compiler.
2026.04.16 18:24:08 INFO  no build target found for C:\Users\USUARIO\Desktop\Estudios\univalle\2026-1\Desarrollo II\Movify\backend\movify-backend\movify-backend\src\main\java\com\movify\backend\Controlador\AutenticacionControlador.java. Using fallback presentation compiler.
2026.04.16 18:24:08 INFO  no build target found for C:\Users\USUARIO\Desktop\Estudios\univalle\2026-1\Desarrollo II\Movify\backend\movify-backend\movify-backend\src\main\java\com\movify\backend\Controlador\AutenticacionControlador.java. Using fallback presentation compiler.
abr 16, 2026 6:24:08 P. M. org.eclipse.lsp4j.jsonrpc.RemoteEndpoint handleCancellation
WARNING: Unmatched cancel notification for request id 118
abr 16, 2026 6:24:08 P. M. org.eclipse.lsp4j.jsonrpc.RemoteEndpoint handleCancellation
WARNING: Unmatched cancel notification for request id 117
2026.04.16 18:24:08 INFO  no build target found for C:\Users\USUARIO\Desktop\Estudios\univalle\2026-1\Desarrollo II\Movify\backend\movify-backend\movify-backend\src\main\java\com\movify\backend\Controlador\AutenticacionControlador.java. Using fallback presentation compiler.
2026.04.16 18:24:09 WARN  no build target for: C:\Users\USUARIO\Desktop\Estudios\univalle\2026-1\Desarrollo II\Movify\backend\movify-backend\movify-backend\src\main\java\com\movify\backend\Controlador\AutenticacionControlador.java
2026.04.16 18:24:09 INFO  no build target found for C:\Users\USUARIO\Desktop\Estudios\univalle\2026-1\Desarrollo II\Movify\backend\movify-backend\movify-backend\src\main\java\com\movify\backend\Controlador\AutenticacionControlador.java. Using fallback presentation compiler.
2026.04.16 18:24:09 INFO  no build target found for C:\Users\USUARIO\Desktop\Estudios\univalle\2026-1\Desarrollo II\Movify\backend\movify-backend\movify-backend\src\main\java\com\movify\backend\Controlador\AutenticacionControlador.java. Using fallback presentation compiler.
2026.04.16 18:24:10 INFO  no build target found for C:\Users\USUARIO\Desktop\Estudios\univalle\2026-1\Desarrollo II\Movify\backend\movify-backend\movify-backend\src\main\java\com\movify\backend\Controlador\AutenticacionControlador.java. Using fallback presentation compiler.
2026.04.16 18:24:10 INFO  no build target found for C:\Users\USUARIO\Desktop\Estudios\univalle\2026-1\Desarrollo II\Movify\backend\movify-backend\movify-backend\src\main\java\com\movify\backend\Controlador\AutenticacionControlador.java. Using fallback presentation compiler.
2026.04.16 18:24:10 WARN  Running javac-semanticdb failed for file:///C:/Users/USUARIO/Desktop/Estudios/univalle/2026-1/Desarrollo%20II/Movify/backend/movify-backend/movify-backend/src/main/java/com/movify/backend/Controlador/AutenticacionControlador.java. Output:

2026.04.16 18:24:10 INFO  no build target found for C:\Users\USUARIO\Desktop\Estudios\univalle\2026-1\Desarrollo II\Movify\backend\movify-backend\movify-backend\src\main\java\com\movify\backend\Controlador\AutenticacionControlador.java. Using fallback presentation compiler.
2026.04.16 18:24:11 INFO  no build target found for C:\Users\USUARIO\Desktop\Estudios\univalle\2026-1\Desarrollo II\Movify\backend\movify-backend\movify-backend\src\main\java\com\movify\backend\Controlador\AutenticacionControlador.java. Using fallback presentation compiler.
2026.04.16 18:24:11 INFO  no build target found for C:\Users\USUARIO\Desktop\Estudios\univalle\2026-1\Desarrollo II\Movify\backend\movify-backend\movify-backend\src\main\java\com\movify\backend\Controlador\AutenticacionControlador.java. Using fallback presentation compiler.
2026.04.16 18:24:11 INFO  no build target found for C:\Users\USUARIO\Desktop\Estudios\univalle\2026-1\Desarrollo II\Movify\backend\movify-backend\movify-backend\src\main\java\com\movify\backend\Controlador\AutenticacionControlador.java. Using fallback presentation compiler.
2026.04.16 18:24:11 INFO  no build target found for C:\Users\USUARIO\Desktop\Estudios\univalle\2026-1\Desarrollo II\Movify\backend\movify-backend\movify-backend\src\main\java\com\movify\backend\Controlador\AutenticacionControlador.java. Using fallback presentation compiler.
2026.04.16 18:24:15 INFO  no build target found for C:\Users\USUARIO\Desktop\Estudios\univalle\2026-1\Desarrollo II\Movify\backend\movify-backend\movify-backend\src\main\java\com\movify\backend\Controlador\AutenticacionControlador.java. Using fallback presentation compiler.
2026.04.16 18:24:15 INFO  no build target found for C:\Users\USUARIO\Desktop\Estudios\univalle\2026-1\Desarrollo II\Movify\backend\movify-backend\movify-backend\src\main\java\com\movify\backend\Controlador\AutenticacionControlador.java. Using fallback presentation compiler.
2026.04.16 18:24:15 INFO  no build target found for C:\Users\USUARIO\Desktop\Estudios\univalle\2026-1\Desarrollo II\Movify\backend\movify-backend\movify-backend\src\main\java\com\movify\backend\Controlador\AutenticacionControlador.java. Using fallback presentation compiler.
2026.04.16 18:24:15 INFO  no build target found for C:\Users\USUARIO\Desktop\Estudios\univalle\2026-1\Desarrollo II\Movify\backend\movify-backend\movify-backend\src\main\java\com\movify\backend\Controlador\AutenticacionControlador.java. Using fallback presentation compiler.
abr 16, 2026 6:24:16 P. M. org.eclipse.lsp4j.jsonrpc.RemoteEndpoint handleCancellation
WARNING: Unmatched cancel notification for request id 143
2026.04.16 18:24:16 INFO  no build target found for C:\Users\USUARIO\Desktop\Estudios\univalle\2026-1\Desarrollo II\Movify\backend\movify-backend\movify-backend\src\main\java\com\movify\backend\Controlador\AutenticacionControlador.java. Using fallback presentation compiler.
2026.04.16 18:24:16 INFO  no build target found for C:\Users\USUARIO\Desktop\Estudios\univalle\2026-1\Desarrollo II\Movify\backend\movify-backend\movify-backend\src\main\java\com\movify\backend\Controlador\AutenticacionControlador.java. Using fallback presentation compiler.
2026.04.16 18:24:16 INFO  no build target found for C:\Users\USUARIO\Desktop\Estudios\univalle\2026-1\Desarrollo II\Movify\backend\movify-backend\movify-backend\src\main\java\com\movify\backend\Controlador\AutenticacionControlador.java. Using fallback presentation compiler.
2026.04.16 18:24:16 INFO  no build target found for C:\Users\USUARIO\Desktop\Estudios\univalle\2026-1\Desarrollo II\Movify\backend\movify-backend\movify-backend\src\main\java\com\movify\backend\Controlador\AutenticacionControlador.java. Using fallback presentation compiler.
2026.04.16 18:24:17 INFO  no build target found for C:\Users\USUARIO\Desktop\Estudios\univalle\2026-1\Desarrollo II\Movify\backend\movify-backend\movify-backend\src\main\java\com\movify\backend\Controlador\AutenticacionControlador.java. Using fallback presentation compiler.
2026.04.16 18:24:17 INFO  no build target found for C:\Users\USUARIO\Desktop\Estudios\univalle\2026-1\Desarrollo II\Movify\backend\movify-backend\movify-backend\src\main\java\com\movify\backend\Controlador\AutenticacionControlador.java. Using fallback presentation compiler.
2026.04.16 18:24:18 WARN  no build target for: C:\Users\USUARIO\Desktop\Estudios\univalle\2026-1\Desarrollo II\Movify\backend\movify-backend\movify-backend\src\main\java\com\movify\backend\Controlador\AutenticacionControlador.java
2026.04.16 18:24:18 WARN  Running javac-semanticdb failed for file:///C:/Users/USUARIO/Desktop/Estudios/univalle/2026-1/Desarrollo%20II/Movify/backend/movify-backend/movify-backend/src/main/java/com/movify/backend/Controlador/AutenticacionControlador.java. Output:

2026.04.16 18:24:19 INFO  no build target found for C:\Users\USUARIO\Desktop\Estudios\univalle\2026-1\Desarrollo II\Movify\backend\movify-backend\movify-backend\src\main\java\com\movify\backend\Controlador\AutenticacionControlador.java. Using fallback presentation compiler.
2026.04.16 18:24:19 INFO  no build target found for C:\Users\USUARIO\Desktop\Estudios\univalle\2026-1\Desarrollo II\Movify\backend\movify-backend\movify-backend\src\main\java\com\movify\backend\Controlador\AutenticacionControlador.java. Using fallback presentation compiler.
2026.04.16 18:24:19 INFO  no build target found for C:\Users\USUARIO\Desktop\Estudios\univalle\2026-1\Desarrollo II\Movify\backend\movify-backend\movify-backend\src\main\java\com\movify\backend\Controlador\AutenticacionControlador.java. Using fallback presentation compiler.
2026.04.16 18:24:19 INFO  no build target found for C:\Users\USUARIO\Desktop\Estudios\univalle\2026-1\Desarrollo II\Movify\backend\movify-backend\movify-backend\src\main\java\com\movify\backend\Controlador\AutenticacionControlador.java. Using fallback presentation compiler.
2026.04.16 18:24:20 INFO  no build target found for C:\Users\USUARIO\Desktop\Estudios\univalle\2026-1\Desarrollo II\Movify\backend\movify-backend\movify-backend\src\main\java\com\movify\backend\Controlador\AutenticacionControlador.java. Using fallback presentation compiler.
2026.04.16 18:24:20 INFO  no build target found for C:\Users\USUARIO\Desktop\Estudios\univalle\2026-1\Desarrollo II\Movify\backend\movify-backend\movify-backend\src\main\java\com\movify\backend\Controlador\AutenticacionControlador.java. Using fallback presentation compiler.
2026.04.16 18:24:21 WARN  no build target for: C:\Users\USUARIO\Desktop\Estudios\univalle\2026-1\Desarrollo II\Movify\backend\movify-backend\movify-backend\src\main\java\com\movify\backend\Controlador\AutenticacionControlador.java
2026.04.16 18:24:21 INFO  no build target found for C:\Users\USUARIO\Desktop\Estudios\univalle\2026-1\Desarrollo II\Movify\backend\movify-backend\movify-backend\src\main\java\com\movify\backend\Controlador\AutenticacionControlador.java. Using fallback presentation compiler.
2026.04.16 18:24:22 INFO  no build target found for C:\Users\USUARIO\Desktop\Estudios\univalle\2026-1\Desarrollo II\Movify\backend\movify-backend\movify-backend\src\main\java\com\movify\backend\Controlador\AutenticacionControlador.java. Using fallback presentation compiler.
2026.04.16 18:24:22 WARN  Running javac-semanticdb failed for file:///C:/Users/USUARIO/Desktop/Estudios/univalle/2026-1/Desarrollo%20II/Movify/backend/movify-backend/movify-backend/src/main/java/com/movify/backend/Controlador/AutenticacionControlador.java. Output:

2026.04.16 18:24:22 INFO  no build target found for C:\Users\USUARIO\Desktop\Estudios\univalle\2026-1\Desarrollo II\Movify\backend\movify-backend\movify-backend\src\main\java\com\movify\backend\Controlador\AutenticacionControlador.java. Using fallback presentation compiler.
2026.04.16 18:24:22 INFO  no build target found for C:\Users\USUARIO\Desktop\Estudios\univalle\2026-1\Desarrollo II\Movify\backend\movify-backend\movify-backend\src\main\java\com\movify\backend\Controlador\AutenticacionControlador.java. Using fallback presentation compiler.
2026.04.16 18:24:22 INFO  no build target found for C:\Users\USUARIO\Desktop\Estudios\univalle\2026-1\Desarrollo II\Movify\backend\movify-backend\movify-backend\src\main\java\com\movify\backend\Controlador\AutenticacionControlador.java. Using fallback presentation compiler.
2026.04.16 18:24:22 INFO  no build target found for C:\Users\USUARIO\Desktop\Estudios\univalle\2026-1\Desarrollo II\Movify\backend\movify-backend\movify-backend\src\main\java\com\movify\backend\Controlador\AutenticacionControlador.java. Using fallback presentation compiler.
2026.04.16 18:24:23 INFO  no build target found for C:\Users\USUARIO\Desktop\Estudios\univalle\2026-1\Desarrollo II\Movify\backend\movify-backend\movify-backend\src\main\java\com\movify\backend\Controlador\AutenticacionControlador.java. Using fallback presentation compiler.
2026.04.16 18:24:23 INFO  no build target found for C:\Users\USUARIO\Desktop\Estudios\univalle\2026-1\Desarrollo II\Movify\backend\movify-backend\movify-backend\src\main\java\com\movify\backend\Controlador\AutenticacionControlador.java. Using fallback presentation compiler.
2026.04.16 18:24:23 INFO  no build target found for C:\Users\USUARIO\Desktop\Estudios\univalle\2026-1\Desarrollo II\Movify\backend\movify-backend\movify-backend\src\main\java\com\movify\backend\Controlador\AutenticacionControlador.java. Using fallback presentation compiler.
abr 16, 2026 6:24:23 P. M. org.eclipse.lsp4j.jsonrpc.RemoteEndpoint handleCancellation
WARNING: Unmatched cancel notification for request id 173
2026.04.16 18:24:23 INFO  no build target found for C:\Users\USUARIO\Desktop\Estudios\univalle\2026-1\Desarrollo II\Movify\backend\movify-backend\movify-backend\src\main\java\com\movify\backend\Controlador\AutenticacionControlador.java. Using fallback presentation compiler.
2026.04.16 18:24:23 INFO  no build target found for C:\Users\USUARIO\Desktop\Estudios\univalle\2026-1\Desarrollo II\Movify\backend\movify-backend\movify-backend\src\main\java\com\movify\backend\Controlador\AutenticacionControlador.java. Using fallback presentation compiler.
2026.04.16 18:24:23 INFO  no build target found for C:\Users\USUARIO\Desktop\Estudios\univalle\2026-1\Desarrollo II\Movify\backend\movify-backend\movify-backend\src\main\java\com\movify\backend\Controlador\AutenticacionControlador.java. Using fallback presentation compiler.
2026.04.16 18:24:30 INFO  no build target found for C:\Users\USUARIO\Desktop\Estudios\univalle\2026-1\Desarrollo II\Movify\backend\movify-backend\movify-backend\src\main\java\com\movify\backend\Controlador\AutenticacionControlador.java. Using fallback presentation compiler.
2026.04.16 18:24:42 INFO  no build target found for C:\Users\USUARIO\Desktop\Estudios\univalle\2026-1\Desarrollo II\Movify\backend\movify-backend\movify-backend\src\main\java\com\movify\backend\Modelo\Usuario.java. Using fallback presentation compiler.
2026.04.16 18:24:42 WARN  no build target for: C:\Users\USUARIO\Desktop\Estudios\univalle\2026-1\Desarrollo II\Movify\backend\movify-backend\movify-backend\src\main\java\com\movify\backend\Modelo\Usuario.java
2026.04.16 18:24:42 INFO  no build target found for C:\Users\USUARIO\Desktop\Estudios\univalle\2026-1\Desarrollo II\Movify\backend\movify-backend\movify-backend\src\main\java\com\movify\backend\Modelo\Usuario.java. Using fallback presentation compiler.
2026.04.16 18:24:46 INFO  no build target found for C:\Users\USUARIO\Desktop\Estudios\univalle\2026-1\Desarrollo II\Movify\backend\movify-backend\movify-backend\src\main\java\com\movify\backend\Controlador\AutenticacionControlador.java. Using fallback presentation compiler.
2026.04.16 18:24:46 WARN  no build target for: C:\Users\USUARIO\Desktop\Estudios\univalle\2026-1\Desarrollo II\Movify\backend\movify-backend\movify-backend\src\main\java\com\movify\backend\Controlador\AutenticacionControlador.java
2026.04.16 18:24:46 INFO  no build target found for C:\Users\USUARIO\Desktop\Estudios\univalle\2026-1\Desarrollo II\Movify\backend\movify-backend\movify-backend\src\main\java\com\movify\backend\Controlador\AutenticacionControlador.java. Using fallback presentation compiler.
2026.04.16 18:24:47 INFO  no build target found for C:\Users\USUARIO\Desktop\Estudios\univalle\2026-1\Desarrollo II\Movify\backend\movify-backend\movify-backend\src\main\java\com\movify\backend\Controlador\AutenticacionControlador.java. Using fallback presentation compiler.
2026.04.16 18:24:47 INFO  no build target found for C:\Users\USUARIO\Desktop\Estudios\univalle\2026-1\Desarrollo II\Movify\backend\movify-backend\movify-backend\src\main\java\com\movify\backend\Controlador\AutenticacionControlador.java. Using fallback presentation compiler.
2026.04.16 18:24:47 INFO  no build target found for C:\Users\USUARIO\Desktop\Estudios\univalle\2026-1\Desarrollo II\Movify\backend\movify-backend\movify-backend\src\main\java\com\movify\backend\Controlador\AutenticacionControlador.java. Using fallback presentation compiler.
2026.04.16 18:24:47 INFO  no build target found for C:\Users\USUARIO\Desktop\Estudios\univalle\2026-1\Desarrollo II\Movify\backend\movify-backend\movify-backend\src\main\java\com\movify\backend\Controlador\AutenticacionControlador.java. Using fallback presentation compiler.
2026.04.16 18:24:47 INFO  no build target found for C:\Users\USUARIO\Desktop\Estudios\univalle\2026-1\Desarrollo II\Movify\backend\movify-backend\movify-backend\src\main\java\com\movify\backend\Controlador\AutenticacionControlador.java. Using fallback presentation compiler.
abr 16, 2026 6:24:47 P. M. org.eclipse.lsp4j.jsonrpc.RemoteEndpoint handleCancellation
WARNING: Unmatched cancel notification for request id 195
2026.04.16 18:24:50 INFO  no build target found for C:\Users\USUARIO\Desktop\Estudios\univalle\2026-1\Desarrollo II\Movify\backend\movify-backend\movify-backend\src\main\java\com\movify\backend\Controlador\AutenticacionControlador.java. Using fallback presentation compiler.
2026.04.16 18:24:50 INFO  no build target found for C:\Users\USUARIO\Desktop\Estudios\univalle\2026-1\Desarrollo II\Movify\backend\movify-backend\movify-backend\src\main\java\com\movify\backend\Controlador\AutenticacionControlador.java. Using fallback presentation compiler.
2026.04.16 18:24:50 INFO  no build target found for C:\Users\USUARIO\Desktop\Estudios\univalle\2026-1\Desarrollo II\Movify\backend\movify-backend\movify-backend\src\main\java\com\movify\backend\Controlador\AutenticacionControlador.java. Using fallback presentation compiler.
abr 16, 2026 6:24:51 P. M. org.eclipse.lsp4j.jsonrpc.RemoteEndpoint handleCancellation
WARNING: Unmatched cancel notification for request id 200
2026.04.16 18:24:50 INFO  no build target found for C:\Users\USUARIO\Desktop\Estudios\univalle\2026-1\Desarrollo II\Movify\backend\movify-backend\movify-backend\src\main\java\com\movify\backend\Controlador\AutenticacionControlador.java. Using fallback presentation compiler.
abr 16, 2026 6:24:51 P. M. org.eclipse.lsp4j.jsonrpc.RemoteEndpoint handleCancellation
WARNING: Unmatched cancel notification for request id 201
2026.04.16 18:24:50 INFO  no build target found for C:\Users\USUARIO\Desktop\Estudios\univalle\2026-1\Desarrollo II\Movify\backend\movify-backend\movify-backend\src\main\java\com\movify\backend\Controlador\AutenticacionControlador.java. Using fallback presentation compiler.
abr 16, 2026 6:24:51 P. M. org.eclipse.lsp4j.jsonrpc.RemoteEndpoint handleCancellation
WARNING: Unmatched cancel notification for request id 202
2026.04.16 18:24:50 INFO  no build target found for C:\Users\USUARIO\Desktop\Estudios\univalle\2026-1\Desarrollo II\Movify\backend\movify-backend\movify-backend\src\main\java\com\movify\backend\Controlador\AutenticacionControlador.java. Using fallback presentation compiler.
2026.04.16 18:24:56 INFO  no build target found for C:\Users\USUARIO\Desktop\Estudios\univalle\2026-1\Desarrollo II\Movify\backend\movify-backend\movify-backend\src\main\java\com\movify\backend\Controlador\AutenticacionControlador.java. Using fallback presentation compiler.
2026.04.16 18:24:56 INFO  no build target found for C:\Users\USUARIO\Desktop\Estudios\univalle\2026-1\Desarrollo II\Movify\backend\movify-backend\movify-backend\src\main\java\com\movify\backend\Controlador\AutenticacionControlador.java. Using fallback presentation compiler.
2026.04.16 18:24:56 INFO  no build target found for C:\Users\USUARIO\Desktop\Estudios\univalle\2026-1\Desarrollo II\Movify\backend\movify-backend\movify-backend\src\main\java\com\movify\backend\Controlador\AutenticacionControlador.java. Using fallback presentation compiler.
2026.04.16 18:24:56 INFO  no build target found for C:\Users\USUARIO\Desktop\Estudios\univalle\2026-1\Desarrollo II\Movify\backend\movify-backend\movify-backend\src\main\java\com\movify\backend\Controlador\AutenticacionControlador.java. Using fallback presentation compiler.
abr 16, 2026 6:24:56 P. M. org.eclipse.lsp4j.jsonrpc.RemoteEndpoint handleCancellation
WARNING: Unmatched cancel notification for request id 209
2026.04.16 18:24:58 INFO  no build target found for C:\Users\USUARIO\Desktop\Estudios\univalle\2026-1\Desarrollo II\Movify\backend\movify-backend\movify-backend\src\main\java\com\movify\backend\Controlador\AutenticacionControlador.java. Using fallback presentation compiler.
2026.04.16 18:24:58 INFO  no build target found for C:\Users\USUARIO\Desktop\Estudios\univalle\2026-1\Desarrollo II\Movify\backend\movify-backend\movify-backend\src\main\java\com\movify\backend\Controlador\AutenticacionControlador.java. Using fallback presentation compiler.
2026.04.16 18:24:58 INFO  no build target found for C:\Users\USUARIO\Desktop\Estudios\univalle\2026-1\Desarrollo II\Movify\backend\movify-backend\movify-backend\src\main\java\com\movify\backend\Controlador\AutenticacionControlador.java. Using fallback presentation compiler.
2026.04.16 18:24:58 INFO  no build target found for C:\Users\USUARIO\Desktop\Estudios\univalle\2026-1\Desarrollo II\Movify\backend\movify-backend\movify-backend\src\main\java\com\movify\backend\Controlador\AutenticacionControlador.java. Using fallback presentation compiler.
2026.04.16 18:25:00 INFO  no build target found for C:\Users\USUARIO\Desktop\Estudios\univalle\2026-1\Desarrollo II\Movify\backend\movify-backend\movify-backend\src\main\java\com\movify\backend\Controlador\AutenticacionControlador.java. Using fallback presentation compiler.
2026.04.16 18:25:00 INFO  no build target found for C:\Users\USUARIO\Desktop\Estudios\univalle\2026-1\Desarrollo II\Movify\backend\movify-backend\movify-backend\src\main\java\com\movify\backend\Controlador\AutenticacionControlador.java. Using fallback presentation compiler.
2026.04.16 18:25:00 INFO  no build target found for C:\Users\USUARIO\Desktop\Estudios\univalle\2026-1\Desarrollo II\Movify\backend\movify-backend\movify-backend\src\main\java\com\movify\backend\Controlador\AutenticacionControlador.java. Using fallback presentation compiler.
2026.04.16 18:25:02 INFO  no build target found for C:\Users\USUARIO\Desktop\Estudios\univalle\2026-1\Desarrollo II\Movify\backend\movify-backend\movify-backend\src\main\java\com\movify\backend\Controlador\AutenticacionControlador.java. Using fallback presentation compiler.
2026.04.16 18:25:02 INFO  no build target found for C:\Users\USUARIO\Desktop\Estudios\univalle\2026-1\Desarrollo II\Movify\backend\movify-backend\movify-backend\src\main\java\com\movify\backend\Controlador\AutenticacionControlador.java. Using fallback presentation compiler.
2026.04.16 18:25:02 INFO  no build target found for C:\Users\USUARIO\Desktop\Estudios\univalle\2026-1\Desarrollo II\Movify\backend\movify-backend\movify-backend\src\main\java\com\movify\backend\Controlador\AutenticacionControlador.java. Using fallback presentation compiler.
2026.04.16 18:25:02 INFO  no build target found for C:\Users\USUARIO\Desktop\Estudios\univalle\2026-1\Desarrollo II\Movify\backend\movify-backend\movify-backend\src\main\java\com\movify\backend\Controlador\AutenticacionControlador.java. Using fallback presentation compiler.
2026.04.16 18:25:02 WARN  no build target for: C:\Users\USUARIO\Desktop\Estudios\univalle\2026-1\Desarrollo II\Movify\backend\movify-backend\movify-backend\src\main\java\com\movify\backend\Controlador\AutenticacionControlador.java
2026.04.16 18:25:02 INFO  no build target found for C:\Users\USUARIO\Desktop\Estudios\univalle\2026-1\Desarrollo II\Movify\backend\movify-backend\movify-backend\src\main\java\com\movify\backend\Controlador\AutenticacionControlador.java. Using fallback presentation compiler.
2026.04.16 18:25:03 WARN  Running javac-semanticdb failed for file:///C:/Users/USUARIO/Desktop/Estudios/univalle/2026-1/Desarrollo%20II/Movify/backend/movify-backend/movify-backend/src/main/java/com/movify/backend/Controlador/AutenticacionControlador.java. Output:

2026.04.16 18:25:02 INFO  no build target found for C:\Users\USUARIO\Desktop\Estudios\univalle\2026-1\Desarrollo II\Movify\backend\movify-backend\movify-backend\src\main\java\com\movify\backend\Controlador\AutenticacionControlador.java. Using fallback presentation compiler.
2026.04.16 18:25:03 INFO  no build target found for C:\Users\USUARIO\Desktop\Estudios\univalle\2026-1\Desarrollo II\Movify\backend\movify-backend\movify-backend\src\main\java\com\movify\backend\Controlador\AutenticacionControlador.java. Using fallback presentation compiler.
abr 16, 2026 6:25:03 P. M. org.eclipse.lsp4j.jsonrpc.RemoteEndpoint handleCancellation
WARNING: Unmatched cancel notification for request id 226
2026.04.16 18:25:03 INFO  no build target found for C:\Users\USUARIO\Desktop\Estudios\univalle\2026-1\Desarrollo II\Movify\backend\movify-backend\movify-backend\src\main\java\com\movify\backend\Controlador\AutenticacionControlador.java. Using fallback presentation compiler.
2026.04.16 18:25:03 INFO  no build target found for C:\Users\USUARIO\Desktop\Estudios\univalle\2026-1\Desarrollo II\Movify\backend\movify-backend\movify-backend\src\main\java\com\movify\backend\Controlador\AutenticacionControlador.java. Using fallback presentation compiler.
2026.04.16 18:25:03 INFO  no build target found for C:\Users\USUARIO\Desktop\Estudios\univalle\2026-1\Desarrollo II\Movify\backend\movify-backend\movify-backend\src\main\java\com\movify\backend\Controlador\AutenticacionControlador.java. Using fallback presentation compiler.
2026.04.16 18:25:03 INFO  no build target found for C:\Users\USUARIO\Desktop\Estudios\univalle\2026-1\Desarrollo II\Movify\backend\movify-backend\movify-backend\src\main\java\com\movify\backend\Controlador\AutenticacionControlador.java. Using fallback presentation compiler.
2026.04.16 18:25:03 INFO  no build target found for C:\Users\USUARIO\Desktop\Estudios\univalle\2026-1\Desarrollo II\Movify\backend\movify-backend\movify-backend\src\main\java\com\movify\backend\Controlador\AutenticacionControlador.java. Using fallback presentation compiler.
2026.04.16 18:25:04 INFO  no build target found for C:\Users\USUARIO\Desktop\Estudios\univalle\2026-1\Desarrollo II\Movify\backend\movify-backend\movify-backend\src\main\java\com\movify\backend\Controlador\AutenticacionControlador.java. Using fallback presentation compiler.
2026.04.16 18:25:04 INFO  no build target found for C:\Users\USUARIO\Desktop\Estudios\univalle\2026-1\Desarrollo II\Movify\backend\movify-backend\movify-backend\src\main\java\com\movify\backend\Controlador\AutenticacionControlador.java. Using fallback presentation compiler.
2026.04.16 18:25:04 INFO  no build target found for C:\Users\USUARIO\Desktop\Estudios\univalle\2026-1\Desarrollo II\Movify\backend\movify-backend\movify-backend\src\main\java\com\movify\backend\Controlador\AutenticacionControlador.java. Using fallback presentation compiler.
abr 16, 2026 6:25:05 P. M. org.eclipse.lsp4j.jsonrpc.RemoteEndpoint handleCancellation
WARNING: Unmatched cancel notification for request id 235
2026.04.16 18:25:04 INFO  no build target found for C:\Users\USUARIO\Desktop\Estudios\univalle\2026-1\Desarrollo II\Movify\backend\movify-backend\movify-backend\src\main\java\com\movify\backend\Controlador\AutenticacionControlador.java. Using fallback presentation compiler.
2026.04.16 18:25:04 INFO  no build target found for C:\Users\USUARIO\Desktop\Estudios\univalle\2026-1\Desarrollo II\Movify\backend\movify-backend\movify-backend\src\main\java\com\movify\backend\Controlador\AutenticacionControlador.java. Using fallback presentation compiler.
2026.04.16 18:25:04 INFO  no build target found for C:\Users\USUARIO\Desktop\Estudios\univalle\2026-1\Desarrollo II\Movify\backend\movify-backend\movify-backend\src\main\java\com\movify\backend\Controlador\AutenticacionControlador.java. Using fallback presentation compiler.
2026.04.16 18:25:04 INFO  no build target found for C:\Users\USUARIO\Desktop\Estudios\univalle\2026-1\Desarrollo II\Movify\backend\movify-backend\movify-backend\src\main\java\com\movify\backend\Controlador\AutenticacionControlador.java. Using fallback presentation compiler.
2026.04.16 18:25:05 INFO  no build target found for C:\Users\USUARIO\Desktop\Estudios\univalle\2026-1\Desarrollo II\Movify\backend\movify-backend\movify-backend\src\main\java\com\movify\backend\Controlador\AutenticacionControlador.java. Using fallback presentation compiler.
2026.04.16 18:25:05 INFO  no build target found for C:\Users\USUARIO\Desktop\Estudios\univalle\2026-1\Desarrollo II\Movify\backend\movify-backend\movify-backend\src\main\java\com\movify\backend\Controlador\AutenticacionControlador.java. Using fallback presentation compiler.
2026.04.16 18:25:05 INFO  no build target found for C:\Users\USUARIO\Desktop\Estudios\univalle\2026-1\Desarrollo II\Movify\backend\movify-backend\movify-backend\src\main\java\com\movify\backend\Controlador\AutenticacionControlador.java. Using fallback presentation compiler.
2026.04.16 18:25:05 INFO  no build target found for C:\Users\USUARIO\Desktop\Estudios\univalle\2026-1\Desarrollo II\Movify\backend\movify-backend\movify-backend\src\main\java\com\movify\backend\Controlador\AutenticacionControlador.java. Using fallback presentation compiler.
2026.04.16 18:25:05 INFO  no build target found for C:\Users\USUARIO\Desktop\Estudios\univalle\2026-1\Desarrollo II\Movify\backend\movify-backend\movify-backend\src\main\java\com\movify\backend\Controlador\AutenticacionControlador.java. Using fallback presentation compiler.
2026.04.16 18:25:05 INFO  no build target found for C:\Users\USUARIO\Desktop\Estudios\univalle\2026-1\Desarrollo II\Movify\backend\movify-backend\movify-backend\src\main\java\com\movify\backend\Controlador\AutenticacionControlador.java. Using fallback presentation compiler.
2026.04.16 18:25:12 INFO  no build target found for C:\Users\USUARIO\Desktop\Estudios\univalle\2026-1\Desarrollo II\Movify\backend\movify-backend\movify-backend\src\main\java\com\movify\backend\Controlador\AutenticacionControlador.java. Using fallback presentation compiler.
2026.04.16 18:25:12 INFO  no build target found for C:\Users\USUARIO\Desktop\Estudios\univalle\2026-1\Desarrollo II\Movify\backend\movify-backend\movify-backend\src\main\java\com\movify\backend\Controlador\AutenticacionControlador.java. Using fallback presentation compiler.
2026.04.16 18:25:13 INFO  no build target found for C:\Users\USUARIO\Desktop\Estudios\univalle\2026-1\Desarrollo II\Movify\backend\movify-backend\movify-backend\src\main\java\com\movify\backend\Controlador\AutenticacionControlador.java. Using fallback presentation compiler.
2026.04.16 18:25:13 INFO  no build target found for C:\Users\USUARIO\Desktop\Estudios\univalle\2026-1\Desarrollo II\Movify\backend\movify-backend\movify-backend\src\main\java\com\movify\backend\Controlador\AutenticacionControlador.java. Using fallback presentation compiler.
2026.04.16 18:25:13 INFO  no build target found for C:\Users\USUARIO\Desktop\Estudios\univalle\2026-1\Desarrollo II\Movify\backend\movify-backend\movify-backend\src\main\java\com\movify\backend\Controlador\AutenticacionControlador.java. Using fallback presentation compiler.
2026.04.16 18:25:15 INFO  no build target found for C:\Users\USUARIO\Desktop\Estudios\univalle\2026-1\Desarrollo II\Movify\backend\movify-backend\movify-backend\src\main\java\com\movify\backend\Controlador\AutenticacionControlador.java. Using fallback presentation compiler.
2026.04.16 18:25:15 INFO  no build target found for C:\Users\USUARIO\Desktop\Estudios\univalle\2026-1\Desarrollo II\Movify\backend\movify-backend\movify-backend\src\main\java\com\movify\backend\Controlador\AutenticacionControlador.java. Using fallback presentation compiler.
2026.04.16 18:25:15 INFO  no build target found for C:\Users\USUARIO\Desktop\Estudios\univalle\2026-1\Desarrollo II\Movify\backend\movify-backend\movify-backend\src\main\java\com\movify\backend\Controlador\AutenticacionControlador.java. Using fallback presentation compiler.
2026.04.16 18:25:15 INFO  no build target found for C:\Users\USUARIO\Desktop\Estudios\univalle\2026-1\Desarrollo II\Movify\backend\movify-backend\movify-backend\src\main\java\com\movify\backend\Controlador\AutenticacionControlador.java. Using fallback presentation compiler.
2026.04.16 18:25:15 INFO  no build target found for C:\Users\USUARIO\Desktop\Estudios\univalle\2026-1\Desarrollo II\Movify\backend\movify-backend\movify-backend\src\main\java\com\movify\backend\Controlador\AutenticacionControlador.java. Using fallback presentation compiler.
2026.04.16 18:25:15 INFO  no build target found for C:\Users\USUARIO\Desktop\Estudios\univalle\2026-1\Desarrollo II\Movify\backend\movify-backend\movify-backend\src\main\java\com\movify\backend\Controlador\AutenticacionControlador.java. Using fallback presentation compiler.
2026.04.16 18:25:16 INFO  no build target found for C:\Users\USUARIO\Desktop\Estudios\univalle\2026-1\Desarrollo II\Movify\backend\movify-backend\movify-backend\src\main\java\com\movify\backend\Controlador\AutenticacionControlador.java. Using fallback presentation compiler.
2026.04.16 18:25:16 INFO  no build target found for C:\Users\USUARIO\Desktop\Estudios\univalle\2026-1\Desarrollo II\Movify\backend\movify-backend\movify-backend\src\main\java\com\movify\backend\Controlador\AutenticacionControlador.java. Using fallback presentation compiler.
2026.04.16 18:25:16 INFO  no build target found for C:\Users\USUARIO\Desktop\Estudios\univalle\2026-1\Desarrollo II\Movify\backend\movify-backend\movify-backend\src\main\java\com\movify\backend\Controlador\AutenticacionControlador.java. Using fallback presentation compiler.
2026.04.16 18:25:16 INFO  no build target found for C:\Users\USUARIO\Desktop\Estudios\univalle\2026-1\Desarrollo II\Movify\backend\movify-backend\movify-backend\src\main\java\com\movify\backend\Controlador\AutenticacionControlador.java. Using fallback presentation compiler.
2026.04.16 18:25:16 INFO  no build target found for C:\Users\USUARIO\Desktop\Estudios\univalle\2026-1\Desarrollo II\Movify\backend\movify-backend\movify-backend\src\main\java\com\movify\backend\Controlador\AutenticacionControlador.java. Using fallback presentation compiler.
2026.04.16 18:25:16 INFO  no build target found for C:\Users\USUARIO\Desktop\Estudios\univalle\2026-1\Desarrollo II\Movify\backend\movify-backend\movify-backend\src\main\java\com\movify\backend\Controlador\AutenticacionControlador.java. Using fallback presentation compiler.
2026.04.16 18:25:17 INFO  no build target found for C:\Users\USUARIO\Desktop\Estudios\univalle\2026-1\Desarrollo II\Movify\backend\movify-backend\movify-backend\src\main\java\com\movify\backend\Controlador\AutenticacionControlador.java. Using fallback presentation compiler.
2026.04.16 18:25:18 INFO  no build target found for C:\Users\USUARIO\Desktop\Estudios\univalle\2026-1\Desarrollo II\Movify\backend\movify-backend\movify-backend\src\main\java\com\movify\backend\Controlador\AutenticacionControlador.java. Using fallback presentation compiler.
2026.04.16 18:25:18 WARN  no build target for: C:\Users\USUARIO\Desktop\Estudios\univalle\2026-1\Desarrollo II\Movify\backend\movify-backend\movify-backend\src\main\java\com\movify\backend\Controlador\AutenticacionControlador.java
2026.04.16 18:25:18 INFO  no build target found for C:\Users\USUARIO\Desktop\Estudios\univalle\2026-1\Desarrollo II\Movify\backend\movify-backend\movify-backend\src\main\java\com\movify\backend\Controlador\AutenticacionControlador.java. Using fallback presentation compiler.
2026.04.16 18:25:18 WARN  Running javac-semanticdb failed for file:///C:/Users/USUARIO/Desktop/Estudios/univalle/2026-1/Desarrollo%20II/Movify/backend/movify-backend/movify-backend/src/main/java/com/movify/backend/Controlador/AutenticacionControlador.java. Output:

2026.04.16 18:25:18 INFO  no build target found for C:\Users\USUARIO\Desktop\Estudios\univalle\2026-1\Desarrollo II\Movify\backend\movify-backend\movify-backend\src\main\java\com\movify\backend\Controlador\AutenticacionControlador.java. Using fallback presentation compiler.
2026.04.16 18:25:18 INFO  no build target found for C:\Users\USUARIO\Desktop\Estudios\univalle\2026-1\Desarrollo II\Movify\backend\movify-backend\movify-backend\src\main\java\com\movify\backend\Controlador\AutenticacionControlador.java. Using fallback presentation compiler.
2026.04.16 18:25:19 INFO  no build target found for C:\Users\USUARIO\Desktop\Estudios\univalle\2026-1\Desarrollo II\Movify\backend\movify-backend\movify-backend\src\main\java\com\movify\backend\Controlador\AutenticacionControlador.java. Using fallback presentation compiler.
2026.04.16 18:25:19 INFO  no build target found for C:\Users\USUARIO\Desktop\Estudios\univalle\2026-1\Desarrollo II\Movify\backend\movify-backend\movify-backend\src\main\java\com\movify\backend\Controlador\AutenticacionControlador.java. Using fallback presentation compiler.
2026.04.16 18:25:19 INFO  no build target found for C:\Users\USUARIO\Desktop\Estudios\univalle\2026-1\Desarrollo II\Movify\backend\movify-backend\movify-backend\src\main\java\com\movify\backend\Controlador\AutenticacionControlador.java. Using fallback presentation compiler.
2026.04.16 18:25:19 INFO  no build target found for C:\Users\USUARIO\Desktop\Estudios\univalle\2026-1\Desarrollo II\Movify\backend\movify-backend\movify-backend\src\main\java\com\movify\backend\Controlador\AutenticacionControlador.java. Using fallback presentation compiler.
2026.04.16 18:25:19 INFO  no build target found for C:\Users\USUARIO\Desktop\Estudios\univalle\2026-1\Desarrollo II\Movify\backend\movify-backend\movify-backend\src\main\java\com\movify\backend\Controlador\AutenticacionControlador.java. Using fallback presentation compiler.
2026.04.16 18:25:21 INFO  no build target found for C:\Users\USUARIO\Desktop\Estudios\univalle\2026-1\Desarrollo II\Movify\backend\movify-backend\movify-backend\src\main\java\com\movify\backend\Controlador\AutenticacionControlador.java. Using fallback presentation compiler.
2026.04.16 18:25:21 INFO  no build target found for C:\Users\USUARIO\Desktop\Estudios\univalle\2026-1\Desarrollo II\Movify\backend\movify-backend\movify-backend\src\main\java\com\movify\backend\Controlador\AutenticacionControlador.java. Using fallback presentation compiler.
2026.04.16 18:25:21 INFO  no build target found for C:\Users\USUARIO\Desktop\Estudios\univalle\2026-1\Desarrollo II\Movify\backend\movify-backend\movify-backend\src\main\java\com\movify\backend\Controlador\AutenticacionControlador.java. Using fallback presentation compiler.
2026.04.16 18:25:22 INFO  no build target found for C:\Users\USUARIO\Desktop\Estudios\univalle\2026-1\Desarrollo II\Movify\backend\movify-backend\movify-backend\src\main\java\com\movify\backend\Controlador\AutenticacionControlador.java. Using fallback presentation compiler.
2026.04.16 18:25:24 INFO  no build target found for C:\Users\USUARIO\Desktop\Estudios\univalle\2026-1\Desarrollo II\Movify\backend\movify-backend\movify-backend\src\main\java\com\movify\backend\Controlador\AutenticacionControlador.java. Using fallback presentation compiler.
2026.04.16 18:25:24 INFO  no build target found for C:\Users\USUARIO\Desktop\Estudios\univalle\2026-1\Desarrollo II\Movify\backend\movify-backend\movify-backend\src\main\java\com\movify\backend\Controlador\AutenticacionControlador.java. Using fallback presentation compiler.
2026.04.16 18:25:24 INFO  no build target found for C:\Users\USUARIO\Desktop\Estudios\univalle\2026-1\Desarrollo II\Movify\backend\movify-backend\movify-backend\src\main\java\com\movify\backend\Controlador\AutenticacionControlador.java. Using fallback presentation compiler.
2026.04.16 18:25:24 INFO  no build target found for C:\Users\USUARIO\Desktop\Estudios\univalle\2026-1\Desarrollo II\Movify\backend\movify-backend\movify-backend\src\main\java\com\movify\backend\Controlador\AutenticacionControlador.java. Using fallback presentation compiler.
2026.04.16 18:25:24 INFO  no build target found for C:\Users\USUARIO\Desktop\Estudios\univalle\2026-1\Desarrollo II\Movify\backend\movify-backend\movify-backend\src\main\java\com\movify\backend\Controlador\AutenticacionControlador.java. Using fallback presentation compiler.
2026.04.16 18:25:24 INFO  no build target found for C:\Users\USUARIO\Desktop\Estudios\univalle\2026-1\Desarrollo II\Movify\backend\movify-backend\movify-backend\src\main\java\com\movify\backend\Controlador\AutenticacionControlador.java. Using fallback presentation compiler.
2026.04.16 18:25:25 INFO  no build target found for C:\Users\USUARIO\Desktop\Estudios\univalle\2026-1\Desarrollo II\Movify\backend\movify-backend\movify-backend\src\main\java\com\movify\backend\Controlador\AutenticacionControlador.java. Using fallback presentation compiler.
abr 16, 2026 6:25:25 P. M. org.eclipse.lsp4j.jsonrpc.RemoteEndpoint handleCancellation
WARNING: Unmatched cancel notification for request id 295
2026.04.16 18:25:25 INFO  no build target found for C:\Users\USUARIO\Desktop\Estudios\univalle\2026-1\Desarrollo II\Movify\backend\movify-backend\movify-backend\src\main\java\com\movify\backend\Controlador\AutenticacionControlador.java. Using fallback presentation compiler.
2026.04.16 18:25:25 INFO  no build target found for C:\Users\USUARIO\Desktop\Estudios\univalle\2026-1\Desarrollo II\Movify\backend\movify-backend\movify-backend\src\main\java\com\movify\backend\Controlador\AutenticacionControlador.java. Using fallback presentation compiler.
2026.04.16 18:25:26 INFO  no build target found for C:\Users\USUARIO\Desktop\Estudios\univalle\2026-1\Desarrollo II\Movify\backend\movify-backend\movify-backend\src\main\java\com\movify\backend\Controlador\AutenticacionControlador.java. Using fallback presentation compiler.
2026.04.16 18:25:26 INFO  no build target found for C:\Users\USUARIO\Desktop\Estudios\univalle\2026-1\Desarrollo II\Movify\backend\movify-backend\movify-backend\src\main\java\com\movify\backend\Controlador\AutenticacionControlador.java. Using fallback presentation compiler.
2026.04.16 18:25:26 INFO  no build target found for C:\Users\USUARIO\Desktop\Estudios\univalle\2026-1\Desarrollo II\Movify\backend\movify-backend\movify-backend\src\main\java\com\movify\backend\Controlador\AutenticacionControlador.java. Using fallback presentation compiler.
abr 16, 2026 6:25:27 P. M. org.eclipse.lsp4j.jsonrpc.RemoteEndpoint handleCancellation
WARNING: Unmatched cancel notification for request id 300
2026.04.16 18:25:26 INFO  no build target found for C:\Users\USUARIO\Desktop\Estudios\univalle\2026-1\Desarrollo II\Movify\backend\movify-backend\movify-backend\src\main\java\com\movify\backend\Controlador\AutenticacionControlador.java. Using fallback presentation compiler.
2026.04.16 18:25:26 INFO  no build target found for C:\Users\USUARIO\Desktop\Estudios\univalle\2026-1\Desarrollo II\Movify\backend\movify-backend\movify-backend\src\main\java\com\movify\backend\Controlador\AutenticacionControlador.java. Using fallback presentation compiler.
abr 16, 2026 6:25:27 P. M. org.eclipse.lsp4j.jsonrpc.RemoteEndpoint handleCancellation
WARNING: Unmatched cancel notification for request id 301
abr 16, 2026 6:25:27 P. M. org.eclipse.lsp4j.jsonrpc.RemoteEndpoint handleCancellation
WARNING: Unmatched cancel notification for request id 302
2026.04.16 18:25:26 INFO  no build target found for C:\Users\USUARIO\Desktop\Estudios\univalle\2026-1\Desarrollo II\Movify\backend\movify-backend\movify-backend\src\main\java\com\movify\backend\Controlador\AutenticacionControlador.java. Using fallback presentation compiler.
2026.04.16 18:25:30 INFO  no build target found for C:\Users\USUARIO\Desktop\Estudios\univalle\2026-1\Desarrollo II\Movify\backend\movify-backend\movify-backend\src\main\java\com\movify\backend\Controlador\AutenticacionControlador.java. Using fallback presentation compiler.
2026.04.16 18:25:30 INFO  no build target found for C:\Users\USUARIO\Desktop\Estudios\univalle\2026-1\Desarrollo II\Movify\backend\movify-backend\movify-backend\src\main\java\com\movify\backend\Controlador\AutenticacionControlador.java. Using fallback presentation compiler.
abr 16, 2026 6:25:30 P. M. org.eclipse.lsp4j.jsonrpc.RemoteEndpoint handleCancellation
WARNING: Unmatched cancel notification for request id 305
2026.04.16 18:25:30 INFO  no build target found for C:\Users\USUARIO\Desktop\Estudios\univalle\2026-1\Desarrollo II\Movify\backend\movify-backend\movify-backend\src\main\java\com\movify\backend\Controlador\AutenticacionControlador.java. Using fallback presentation compiler.
2026.04.16 18:25:42 INFO  no build target found for C:\Users\USUARIO\Desktop\Estudios\univalle\2026-1\Desarrollo II\Movify\backend\movify-backend\movify-backend\src\main\java\com\movify\backend\Controlador\AutenticacionControlador.java. Using fallback presentation compiler.
2026.04.16 18:25:42 INFO  no build target found for C:\Users\USUARIO\Desktop\Estudios\univalle\2026-1\Desarrollo II\Movify\backend\movify-backend\movify-backend\src\main\java\com\movify\backend\Controlador\AutenticacionControlador.java. Using fallback presentation compiler.
2026.04.16 18:25:42 INFO  no build target found for C:\Users\USUARIO\Desktop\Estudios\univalle\2026-1\Desarrollo II\Movify\backend\movify-backend\movify-backend\src\main\java\com\movify\backend\Controlador\AutenticacionControlador.java. Using fallback presentation compiler.
2026.04.16 18:25:42 INFO  no build target found for C:\Users\USUARIO\Desktop\Estudios\univalle\2026-1\Desarrollo II\Movify\backend\movify-backend\movify-backend\src\main\java\com\movify\backend\Controlador\AutenticacionControlador.java. Using fallback presentation compiler.
2026.04.16 18:25:42 INFO  no build target found for C:\Users\USUARIO\Desktop\Estudios\univalle\2026-1\Desarrollo II\Movify\backend\movify-backend\movify-backend\src\main\java\com\movify\backend\Controlador\AutenticacionControlador.java. Using fallback presentation compiler.
2026.04.16 18:25:42 INFO  no build target found for C:\Users\USUARIO\Desktop\Estudios\univalle\2026-1\Desarrollo II\Movify\backend\movify-backend\movify-backend\src\main\java\com\movify\backend\Controlador\AutenticacionControlador.java. Using fallback presentation compiler.
2026.04.16 18:25:43 INFO  no build target found for C:\Users\USUARIO\Desktop\Estudios\univalle\2026-1\Desarrollo II\Movify\backend\movify-backend\movify-backend\src\main\java\com\movify\backend\Controlador\AutenticacionControlador.java. Using fallback presentation compiler.
2026.04.16 18:25:43 INFO  no build target found for C:\Users\USUARIO\Desktop\Estudios\univalle\2026-1\Desarrollo II\Movify\backend\movify-backend\movify-backend\src\main\java\com\movify\backend\Controlador\AutenticacionControlador.java. Using fallback presentation compiler.
2026.04.16 18:25:44 INFO  no build target found for C:\Users\USUARIO\Desktop\Estudios\univalle\2026-1\Desarrollo II\Movify\backend\movify-backend\movify-backend\src\main\java\com\movify\backend\Controlador\AutenticacionControlador.java. Using fallback presentation compiler.
2026.04.16 18:25:44 INFO  no build target found for C:\Users\USUARIO\Desktop\Estudios\univalle\2026-1\Desarrollo II\Movify\backend\movify-backend\movify-backend\src\main\java\com\movify\backend\Controlador\AutenticacionControlador.java. Using fallback presentation compiler.
2026.04.16 18:25:45 INFO  no build target found for C:\Users\USUARIO\Desktop\Estudios\univalle\2026-1\Desarrollo II\Movify\backend\movify-backend\movify-backend\src\main\java\com\movify\backend\Controlador\AutenticacionControlador.java. Using fallback presentation compiler.
2026.04.16 18:25:45 INFO  no build target found for C:\Users\USUARIO\Desktop\Estudios\univalle\2026-1\Desarrollo II\Movify\backend\movify-backend\movify-backend\src\main\java\com\movify\backend\Controlador\AutenticacionControlador.java. Using fallback presentation compiler.
2026.04.16 18:25:45 INFO  no build target found for C:\Users\USUARIO\Desktop\Estudios\univalle\2026-1\Desarrollo II\Movify\backend\movify-backend\movify-backend\src\main\java\com\movify\backend\Controlador\AutenticacionControlador.java. Using fallback presentation compiler.
2026.04.16 18:25:49 INFO  no build target found for C:\Users\USUARIO\Desktop\Estudios\univalle\2026-1\Desarrollo II\Movify\backend\movify-backend\movify-backend\src\main\java\com\movify\backend\Controlador\AutenticacionControlador.java. Using fallback presentation compiler.
2026.04.16 18:25:49 INFO  no build target found for C:\Users\USUARIO\Desktop\Estudios\univalle\2026-1\Desarrollo II\Movify\backend\movify-backend\movify-backend\src\main\java\com\movify\backend\Controlador\AutenticacionControlador.java. Using fallback presentation compiler.
2026.04.16 18:25:50 INFO  no build target found for C:\Users\USUARIO\Desktop\Estudios\univalle\2026-1\Desarrollo II\Movify\backend\movify-backend\movify-backend\src\main\java\com\movify\backend\Controlador\AutenticacionControlador.java. Using fallback presentation compiler.
2026.04.16 18:25:50 INFO  no build target found for C:\Users\USUARIO\Desktop\Estudios\univalle\2026-1\Desarrollo II\Movify\backend\movify-backend\movify-backend\src\main\java\com\movify\backend\Controlador\AutenticacionControlador.java. Using fallback presentation compiler.
2026.04.16 18:25:50 INFO  no build target found for C:\Users\USUARIO\Desktop\Estudios\univalle\2026-1\Desarrollo II\Movify\backend\movify-backend\movify-backend\src\main\java\com\movify\backend\Controlador\AutenticacionControlador.java. Using fallback presentation compiler.
2026.04.16 18:25:50 INFO  no build target found for C:\Users\USUARIO\Desktop\Estudios\univalle\2026-1\Desarrollo II\Movify\backend\movify-backend\movify-backend\src\main\java\com\movify\backend\Controlador\AutenticacionControlador.java. Using fallback presentation compiler.
2026.04.16 18:25:52 INFO  no build target found for C:\Users\USUARIO\Desktop\Estudios\univalle\2026-1\Desarrollo II\Movify\backend\movify-backend\movify-backend\src\main\java\com\movify\backend\Controlador\AutenticacionControlador.java. Using fallback presentation compiler.
2026.04.16 18:25:52 INFO  no build target found for C:\Users\USUARIO\Desktop\Estudios\univalle\2026-1\Desarrollo II\Movify\backend\movify-backend\movify-backend\src\main\java\com\movify\backend\Controlador\AutenticacionControlador.java. Using fallback presentation compiler.
2026.04.16 18:25:52 INFO  no build target found for C:\Users\USUARIO\Desktop\Estudios\univalle\2026-1\Desarrollo II\Movify\backend\movify-backend\movify-backend\src\main\java\com\movify\backend\Controlador\AutenticacionControlador.java. Using fallback presentation compiler.
2026.04.16 18:25:53 INFO  no build target found for C:\Users\USUARIO\Desktop\Estudios\univalle\2026-1\Desarrollo II\Movify\backend\movify-backend\movify-backend\src\main\java\com\movify\backend\Controlador\AutenticacionControlador.java. Using fallback presentation compiler.
2026.04.16 18:25:53 INFO  no build target found for C:\Users\USUARIO\Desktop\Estudios\univalle\2026-1\Desarrollo II\Movify\backend\movify-backend\movify-backend\src\main\java\com\movify\backend\Controlador\AutenticacionControlador.java. Using fallback presentation compiler.
abr 16, 2026 6:25:53 P. M. org.eclipse.lsp4j.jsonrpc.RemoteEndpoint handleCancellation
WARNING: Unmatched cancel notification for request id 333
2026.04.16 18:25:53 INFO  no build target found for C:\Users\USUARIO\Desktop\Estudios\univalle\2026-1\Desarrollo II\Movify\backend\movify-backend\movify-backend\src\main\java\com\movify\backend\Controlador\AutenticacionControlador.java. Using fallback presentation compiler.
2026.04.16 18:25:54 INFO  no build target found for C:\Users\USUARIO\Desktop\Estudios\univalle\2026-1\Desarrollo II\Movify\backend\movify-backend\movify-backend\src\main\java\com\movify\backend\Controlador\AutenticacionControlador.java. Using fallback presentation compiler.
2026.04.16 18:25:54 INFO  no build target found for C:\Users\USUARIO\Desktop\Estudios\univalle\2026-1\Desarrollo II\Movify\backend\movify-backend\movify-backend\src\main\java\com\movify\backend\Controlador\AutenticacionControlador.java. Using fallback presentation compiler.
2026.04.16 18:25:56 INFO  no build target found for C:\Users\USUARIO\Desktop\Estudios\univalle\2026-1\Desarrollo II\Movify\backend\movify-backend\movify-backend\src\main\java\com\movify\backend\Controlador\AutenticacionControlador.java. Using fallback presentation compiler.
2026.04.16 18:25:56 INFO  no build target found for C:\Users\USUARIO\Desktop\Estudios\univalle\2026-1\Desarrollo II\Movify\backend\movify-backend\movify-backend\src\main\java\com\movify\backend\Controlador\AutenticacionControlador.java. Using fallback presentation compiler.
2026.04.16 18:25:56 INFO  no build target found for C:\Users\USUARIO\Desktop\Estudios\univalle\2026-1\Desarrollo II\Movify\backend\movify-backend\movify-backend\src\main\java\com\movify\backend\Controlador\AutenticacionControlador.java. Using fallback presentation compiler.
2026.04.16 18:25:57 WARN  no build target for: C:\Users\USUARIO\Desktop\Estudios\univalle\2026-1\Desarrollo II\Movify\backend\movify-backend\movify-backend\src\main\java\com\movify\backend\Controlador\AutenticacionControlador.java
2026.04.16 18:25:57 INFO  no build target found for C:\Users\USUARIO\Desktop\Estudios\univalle\2026-1\Desarrollo II\Movify\backend\movify-backend\movify-backend\src\main\java\com\movify\backend\Controlador\AutenticacionControlador.java. Using fallback presentation compiler.
2026.04.16 18:25:57 WARN  Running javac-semanticdb failed for file:///C:/Users/USUARIO/Desktop/Estudios/univalle/2026-1/Desarrollo%20II/Movify/backend/movify-backend/movify-backend/src/main/java/com/movify/backend/Controlador/AutenticacionControlador.java. Output:

2026.04.16 18:25:57 INFO  no build target found for C:\Users\USUARIO\Desktop\Estudios\univalle\2026-1\Desarrollo II\Movify\backend\movify-backend\movify-backend\src\main\java\com\movify\backend\Controlador\AutenticacionControlador.java. Using fallback presentation compiler.
2026.04.16 18:25:58 INFO  no build target found for C:\Users\USUARIO\Desktop\Estudios\univalle\2026-1\Desarrollo II\Movify\backend\movify-backend\movify-backend\src\main\java\com\movify\backend\Controlador\AutenticacionControlador.java. Using fallback presentation compiler.
2026.04.16 18:25:58 INFO  no build target found for C:\Users\USUARIO\Desktop\Estudios\univalle\2026-1\Desarrollo II\Movify\backend\movify-backend\movify-backend\src\main\java\com\movify\backend\Controlador\AutenticacionControlador.java. Using fallback presentation compiler.
2026.04.16 18:26:00 INFO  no build target found for C:\Users\USUARIO\Desktop\Estudios\univalle\2026-1\Desarrollo II\Movify\backend\movify-backend\movify-backend\src\main\java\com\movify\backend\Controlador\AutenticacionControlador.java. Using fallback presentation compiler.
2026.04.16 18:26:00 INFO  no build target found for C:\Users\USUARIO\Desktop\Estudios\univalle\2026-1\Desarrollo II\Movify\backend\movify-backend\movify-backend\src\main\java\com\movify\backend\Controlador\AutenticacionControlador.java. Using fallback presentation compiler.
2026.04.16 18:26:00 INFO  Created report: Optional[file:///C:/Users/USUARIO/Desktop/Estudios/univalle/2026-1/Desarrollo%20II/Movify/backend/movify-backend/movify-backend/src/main/java/com/movify/backend/Controlador/AutenticacionControlador.java]
2026.04.16 18:26:00 INFO  empty definition using pc, found symbol in pc: com/movify/backend/ase_de_datos/UsuarioRepositorio# (full report at: "C:\Users\USUARIO\Desktop\Estudios\univalle\2026-1\Desarrollo II\Movify\backend\movify-backend\.metals\.reports\metals-full\2026-04-16\r_empty-definition_18-26-00-540.md")
2026.04.16 18:26:00 INFO  no build target found for C:\Users\USUARIO\Desktop\Estudios\univalle\2026-1\Desarrollo II\Movify\backend\movify-backend\movify-backend\src\main\java\com\movify\backend\Controlador\AutenticacionControlador.java. Using fallback presentation compiler.
2026.04.16 18:26:04 INFO  no build target found for C:\Users\USUARIO\Desktop\Estudios\univalle\2026-1\Desarrollo II\Movify\backend\movify-backend\movify-backend\src\main\java\com\movify\backend\Controlador\AutenticacionControlador.java. Using fallback presentation compiler.
2026.04.16 18:26:04 INFO  no build target found for C:\Users\USUARIO\Desktop\Estudios\univalle\2026-1\Desarrollo II\Movify\backend\movify-backend\movify-backend\src\main\java\com\movify\backend\Controlador\AutenticacionControlador.java. Using fallback presentation compiler.
2026.04.16 18:26:04 INFO  no build target found for C:\Users\USUARIO\Desktop\Estudios\univalle\2026-1\Desarrollo II\Movify\backend\movify-backend\movify-backend\src\main\java\com\movify\backend\Controlador\AutenticacionControlador.java. Using fallback presentation compiler.
2026.04.16 18:26:04 INFO  no build target found for C:\Users\USUARIO\Desktop\Estudios\univalle\2026-1\Desarrollo II\Movify\backend\movify-backend\movify-backend\src\main\java\com\movify\backend\Controlador\AutenticacionControlador.java. Using fallback presentation compiler.
abr 16, 2026 6:26:04 P. M. org.eclipse.lsp4j.jsonrpc.RemoteEndpoint handleCancellation
WARNING: Unmatched cancel notification for request id 354
2026.04.16 18:26:04 INFO  no build target found for C:\Users\USUARIO\Desktop\Estudios\univalle\2026-1\Desarrollo II\Movify\backend\movify-backend\movify-backend\src\main\java\com\movify\backend\Controlador\AutenticacionControlador.java. Using fallback presentation compiler.
2026.04.16 18:26:04 INFO  no build target found for C:\Users\USUARIO\Desktop\Estudios\univalle\2026-1\Desarrollo II\Movify\backend\movify-backend\movify-backend\src\main\java\com\movify\backend\Controlador\AutenticacionControlador.java. Using fallback presentation compiler.
2026.04.16 18:26:05 INFO  no build target found for C:\Users\USUARIO\Desktop\Estudios\univalle\2026-1\Desarrollo II\Movify\backend\movify-backend\movify-backend\src\main\java\com\movify\backend\Controlador\AutenticacionControlador.java. Using fallback presentation compiler.
2026.04.16 18:26:05 INFO  no build target found for C:\Users\USUARIO\Desktop\Estudios\univalle\2026-1\Desarrollo II\Movify\backend\movify-backend\movify-backend\src\main\java\com\movify\backend\Controlador\AutenticacionControlador.java. Using fallback presentation compiler.
2026.04.16 18:26:05 INFO  no build target found for C:\Users\USUARIO\Desktop\Estudios\univalle\2026-1\Desarrollo II\Movify\backend\movify-backend\movify-backend\src\main\java\com\movify\backend\Controlador\AutenticacionControlador.java. Using fallback presentation compiler.
2026.04.16 18:26:06 WARN  no build target for: C:\Users\USUARIO\Desktop\Estudios\univalle\2026-1\Desarrollo II\Movify\backend\movify-backend\movify-backend\src\main\java\com\movify\backend\Controlador\AutenticacionControlador.java
2026.04.16 18:26:06 INFO  no build target found for C:\Users\USUARIO\Desktop\Estudios\univalle\2026-1\Desarrollo II\Movify\backend\movify-backend\movify-backend\src\main\java\com\movify\backend\Controlador\AutenticacionControlador.java. Using fallback presentation compiler.
2026.04.16 18:26:06 WARN  Running javac-semanticdb failed for file:///C:/Users/USUARIO/Desktop/Estudios/univalle/2026-1/Desarrollo%20II/Movify/backend/movify-backend/movify-backend/src/main/java/com/movify/backend/Controlador/AutenticacionControlador.java. Output:

2026.04.16 18:26:06 INFO  no build target found for C:\Users\USUARIO\Desktop\Estudios\univalle\2026-1\Desarrollo II\Movify\backend\movify-backend\movify-backend\src\main\java\com\movify\backend\Controlador\AutenticacionControlador.java. Using fallback presentation compiler.
2026.04.16 18:26:06 INFO  no build target found for C:\Users\USUARIO\Desktop\Estudios\univalle\2026-1\Desarrollo II\Movify\backend\movify-backend\movify-backend\src\main\java\com\movify\backend\Controlador\AutenticacionControlador.java. Using fallback presentation compiler.
2026.04.16 18:26:07 INFO  no build target found for C:\Users\USUARIO\Desktop\Estudios\univalle\2026-1\Desarrollo II\Movify\backend\movify-backend\movify-backend\src\main\java\com\movify\backend\Controlador\AutenticacionControlador.java. Using fallback presentation compiler.
2026.04.16 18:26:07 INFO  no build target found for C:\Users\USUARIO\Desktop\Estudios\univalle\2026-1\Desarrollo II\Movify\backend\movify-backend\movify-backend\src\main\java\com\movify\backend\Controlador\AutenticacionControlador.java. Using fallback presentation compiler.
2026.04.16 18:26:07 INFO  no build target found for C:\Users\USUARIO\Desktop\Estudios\univalle\2026-1\Desarrollo II\Movify\backend\movify-backend\movify-backend\src\main\java\com\movify\backend\Controlador\AutenticacionControlador.java. Using fallback presentation compiler.
2026.04.16 18:26:09 INFO  no build target found for C:\Users\USUARIO\Desktop\Estudios\univalle\2026-1\Desarrollo II\Movify\backend\movify-backend\movify-backend\src\main\java\com\movify\backend\Controlador\AutenticacionControlador.java. Using fallback presentation compiler.
2026.04.16 18:26:09 INFO  no build target found for C:\Users\USUARIO\Desktop\Estudios\univalle\2026-1\Desarrollo II\Movify\backend\movify-backend\movify-backend\src\main\java\com\movify\backend\Controlador\AutenticacionControlador.java. Using fallback presentation compiler.
2026.04.16 18:26:09 INFO  no build target found for C:\Users\USUARIO\Desktop\Estudios\univalle\2026-1\Desarrollo II\Movify\backend\movify-backend\movify-backend\src\main\java\com\movify\backend\Controlador\AutenticacionControlador.java. Using fallback presentation compiler.
2026.04.16 18:26:10 INFO  no build target found for C:\Users\USUARIO\Desktop\Estudios\univalle\2026-1\Desarrollo II\Movify\backend\movify-backend\movify-backend\src\main\java\com\movify\backend\Controlador\AutenticacionControlador.java. Using fallback presentation compiler.
2026.04.16 18:26:11 INFO  no build target found for C:\Users\USUARIO\Desktop\Estudios\univalle\2026-1\Desarrollo II\Movify\backend\movify-backend\movify-backend\src\main\java\com\movify\backend\Controlador\AutenticacionControlador.java. Using fallback presentation compiler.
2026.04.16 18:26:11 INFO  no build target found for C:\Users\USUARIO\Desktop\Estudios\univalle\2026-1\Desarrollo II\Movify\backend\movify-backend\movify-backend\src\main\java\com\movify\backend\Controlador\AutenticacionControlador.java. Using fallback presentation compiler.
2026.04.16 18:26:12 INFO  no build target found for C:\Users\USUARIO\Desktop\Estudios\univalle\2026-1\Desarrollo II\Movify\backend\movify-backend\movify-backend\src\main\java\com\movify\backend\Controlador\AutenticacionControlador.java. Using fallback presentation compiler.
2026.04.16 18:26:12 INFO  no build target found for C:\Users\USUARIO\Desktop\Estudios\univalle\2026-1\Desarrollo II\Movify\backend\movify-backend\movify-backend\src\main\java\com\movify\backend\Controlador\AutenticacionControlador.java. Using fallback presentation compiler.
2026.04.16 18:26:12 INFO  no build target found for C:\Users\USUARIO\Desktop\Estudios\univalle\2026-1\Desarrollo II\Movify\backend\movify-backend\movify-backend\src\main\java\com\movify\backend\Controlador\AutenticacionControlador.java. Using fallback presentation compiler.
2026.04.16 18:26:12 INFO  no build target found for C:\Users\USUARIO\Desktop\Estudios\univalle\2026-1\Desarrollo II\Movify\backend\movify-backend\movify-backend\src\main\java\com\movify\backend\Controlador\AutenticacionControlador.java. Using fallback presentation compiler.
2026.04.16 18:26:12 INFO  no build target found for C:\Users\USUARIO\Desktop\Estudios\univalle\2026-1\Desarrollo II\Movify\backend\movify-backend\movify-backend\src\main\java\com\movify\backend\Controlador\AutenticacionControlador.java. Using fallback presentation compiler.
2026.04.16 18:27:03 INFO  no build target found for C:\Users\USUARIO\Desktop\Estudios\univalle\2026-1\Desarrollo II\Movify\backend\movify-backend\movify-backend\src\main\java\com\movify\backend\Controlador\AutenticacionControlador.java. Using fallback presentation compiler.
2026.04.16 18:27:15 INFO  no build target found for C:\Users\USUARIO\Desktop\Estudios\univalle\2026-1\Desarrollo II\Movify\backend\movify-backend\movify-backend\src\main\java\com\movify\backend\Base_de_datos\UsuarioRepositorio.java. Using fallback presentation compiler.
2026.04.16 18:27:16 INFO  no build target found for C:\Users\USUARIO\Desktop\Estudios\univalle\2026-1\Desarrollo II\Movify\backend\movify-backend\movify-backend\src\main\java\com\movify\backend\Base_de_datos\UsuarioRepositorio.java. Using fallback presentation compiler.
2026.04.16 18:27:16 INFO  no build target found for C:\Users\USUARIO\Desktop\Estudios\univalle\2026-1\Desarrollo II\Movify\backend\movify-backend\movify-backend\src\main\java\com\movify\backend\Base_de_datos\UsuarioRepositorio.java. Using fallback presentation compiler.
abr 16, 2026 6:27:16 P. M. org.eclipse.lsp4j.jsonrpc.RemoteEndpoint handleCancellation
WARNING: Unmatched cancel notification for request id 391
2026.04.16 18:27:16 INFO  no build target found for C:\Users\USUARIO\Desktop\Estudios\univalle\2026-1\Desarrollo II\Movify\backend\movify-backend\movify-backend\src\main\java\com\movify\backend\Base_de_datos\UsuarioRepositorio.java. Using fallback presentation compiler.
2026.04.16 18:27:17 INFO  no build target found for C:\Users\USUARIO\Desktop\Estudios\univalle\2026-1\Desarrollo II\Movify\backend\movify-backend\movify-backend\src\main\java\com\movify\backend\Base_de_datos\UsuarioRepositorio.java. Using fallback presentation compiler.
2026.04.16 18:27:17 WARN  no build target for: C:\Users\USUARIO\Desktop\Estudios\univalle\2026-1\Desarrollo II\Movify\backend\movify-backend\movify-backend\src\main\java\com\movify\backend\Base_de_datos\UsuarioRepositorio.java
2026.04.16 18:27:17 INFO  no build target found for C:\Users\USUARIO\Desktop\Estudios\univalle\2026-1\Desarrollo II\Movify\backend\movify-backend\movify-backend\src\main\java\com\movify\backend\Base_de_datos\UsuarioRepositorio.java. Using fallback presentation compiler.
2026.04.16 18:27:16 INFO  no build target found for C:\Users\USUARIO\Desktop\Estudios\univalle\2026-1\Desarrollo II\Movify\backend\movify-backend\movify-backend\src\main\java\com\movify\backend\Base_de_datos\UsuarioRepositorio.java. Using fallback presentation compiler.
2026.04.16 18:27:17 WARN  Running javac-semanticdb failed for file:///C:/Users/USUARIO/Desktop/Estudios/univalle/2026-1/Desarrollo%20II/Movify/backend/movify-backend/movify-backend/src/main/java/com/movify/backend/Base_de_datos/UsuarioRepositorio.java. Output:

2026.04.16 18:27:17 INFO  no build target found for C:\Users\USUARIO\Desktop\Estudios\univalle\2026-1\Desarrollo II\Movify\backend\movify-backend\movify-backend\src\main\java\com\movify\backend\Base_de_datos\UsuarioRepositorio.java. Using fallback presentation compiler.
2026.04.16 18:27:21 INFO  no build target found for C:\Users\USUARIO\Desktop\Estudios\univalle\2026-1\Desarrollo II\Movify\backend\movify-backend\movify-backend\src\main\java\com\movify\backend\Controlador\AutenticacionControlador.java. Using fallback presentation compiler.
2026.04.16 18:27:21 WARN  no build target for: C:\Users\USUARIO\Desktop\Estudios\univalle\2026-1\Desarrollo II\Movify\backend\movify-backend\movify-backend\src\main\java\com\movify\backend\Controlador\AutenticacionControlador.java
2026.04.16 18:27:21 INFO  no build target found for C:\Users\USUARIO\Desktop\Estudios\univalle\2026-1\Desarrollo II\Movify\backend\movify-backend\movify-backend\src\main\java\com\movify\backend\Controlador\AutenticacionControlador.java. Using fallback presentation compiler.
2026.04.16 18:27:22 INFO  no build target found for C:\Users\USUARIO\Desktop\Estudios\univalle\2026-1\Desarrollo II\Movify\backend\movify-backend\movify-backend\src\main\java\com\movify\backend\Controlador\AutenticacionControlador.java. Using fallback presentation compiler.
2026.04.16 18:27:21 INFO  no build target found for C:\Users\USUARIO\Desktop\Estudios\univalle\2026-1\Desarrollo II\Movify\backend\movify-backend\movify-backend\src\main\java\com\movify\backend\Controlador\AutenticacionControlador.java. Using fallback presentation compiler.
2026.04.16 18:27:22 INFO  no build target found for C:\Users\USUARIO\Desktop\Estudios\univalle\2026-1\Desarrollo II\Movify\backend\movify-backend\movify-backend\src\main\java\com\movify\backend\Controlador\AutenticacionControlador.java. Using fallback presentation compiler.
2026.04.16 18:27:22 INFO  no build target found for C:\Users\USUARIO\Desktop\Estudios\univalle\2026-1\Desarrollo II\Movify\backend\movify-backend\movify-backend\src\main\java\com\movify\backend\Controlador\AutenticacionControlador.java. Using fallback presentation compiler.
2026.04.16 18:27:30 INFO  no build target found for C:\Users\USUARIO\Desktop\Estudios\univalle\2026-1\Desarrollo II\Movify\backend\movify-backend\movify-backend\src\main\java\com\movify\backend\Controlador\AutenticacionControlador.java. Using fallback presentation compiler.
2026.04.16 18:27:31 INFO  no build target found for C:\Users\USUARIO\Desktop\Estudios\univalle\2026-1\Desarrollo II\Movify\backend\movify-backend\movify-backend\src\main\java\com\movify\backend\Controlador\AutenticacionControlador.java. Using fallback presentation compiler.
2026.04.16 18:27:31 INFO  no build target found for C:\Users\USUARIO\Desktop\Estudios\univalle\2026-1\Desarrollo II\Movify\backend\movify-backend\movify-backend\src\main\java\com\movify\backend\Controlador\AutenticacionControlador.java. Using fallback presentation compiler.
2026.04.16 18:27:31 INFO  no build target found for C:\Users\USUARIO\Desktop\Estudios\univalle\2026-1\Desarrollo II\Movify\backend\movify-backend\movify-backend\src\main\java\com\movify\backend\Controlador\AutenticacionControlador.java. Using fallback presentation compiler.
2026.04.16 18:27:31 INFO  no build target found for C:\Users\USUARIO\Desktop\Estudios\univalle\2026-1\Desarrollo II\Movify\backend\movify-backend\movify-backend\src\main\java\com\movify\backend\Controlador\AutenticacionControlador.java. Using fallback presentation compiler.
2026.04.16 18:27:34 INFO  no build target found for C:\Users\USUARIO\Desktop\Estudios\univalle\2026-1\Desarrollo II\Movify\backend\movify-backend\movify-backend\src\main\java\com\movify\backend\Base_de_datos\UsuarioRepositorio.java. Using fallback presentation compiler.
2026.04.16 18:27:34 WARN  no build target for: C:\Users\USUARIO\Desktop\Estudios\univalle\2026-1\Desarrollo II\Movify\backend\movify-backend\movify-backend\src\main\java\com\movify\backend\Base_de_datos\UsuarioRepositorio.java
2026.04.16 18:27:34 INFO  no build target found for C:\Users\USUARIO\Desktop\Estudios\univalle\2026-1\Desarrollo II\Movify\backend\movify-backend\movify-backend\src\main\java\com\movify\backend\Base_de_datos\UsuarioRepositorio.java. Using fallback presentation compiler.
2026.04.16 18:27:34 INFO  no build target found for C:\Users\USUARIO\Desktop\Estudios\univalle\2026-1\Desarrollo II\Movify\backend\movify-backend\movify-backend\src\main\java\com\movify\backend\Base_de_datos\UsuarioRepositorio.java. Using fallback presentation compiler.
2026.04.16 18:27:34 INFO  no build target found for C:\Users\USUARIO\Desktop\Estudios\univalle\2026-1\Desarrollo II\Movify\backend\movify-backend\movify-backend\src\main\java\com\movify\backend\Base_de_datos\UsuarioRepositorio.java. Using fallback presentation compiler.
2026.04.16 18:27:34 INFO  no build target found for C:\Users\USUARIO\Desktop\Estudios\univalle\2026-1\Desarrollo II\Movify\backend\movify-backend\movify-backend\src\main\java\com\movify\backend\Base_de_datos\UsuarioRepositorio.java. Using fallback presentation compiler.
2026.04.16 18:27:47 INFO  no build target found for C:\Users\USUARIO\Desktop\Estudios\univalle\2026-1\Desarrollo II\Movify\backend\movify-backend\movify-backend\src\main\java\com\movify\backend\Base_de_datos\UsuarioRepositorio.java. Using fallback presentation compiler.
2026.04.16 18:27:47 INFO  no build target found for C:\Users\USUARIO\Desktop\Estudios\univalle\2026-1\Desarrollo II\Movify\backend\movify-backend\movify-backend\src\main\java\com\movify\backend\Base_de_datos\UsuarioRepositorio.java. Using fallback presentation compiler.
2026.04.16 18:27:47 INFO  no build target found for C:\Users\USUARIO\Desktop\Estudios\univalle\2026-1\Desarrollo II\Movify\backend\movify-backend\movify-backend\src\main\java\com\movify\backend\Base_de_datos\UsuarioRepositorio.java. Using fallback presentation compiler.
2026.04.16 18:27:48 INFO  no build target found for C:\Users\USUARIO\Desktop\Estudios\univalle\2026-1\Desarrollo II\Movify\backend\movify-backend\movify-backend\src\main\java\com\movify\backend\Base_de_datos\UsuarioRepositorio.java. Using fallback presentation compiler.
2026.04.16 18:27:48 INFO  no build target found for C:\Users\USUARIO\Desktop\Estudios\univalle\2026-1\Desarrollo II\Movify\backend\movify-backend\movify-backend\src\main\java\com\movify\backend\Base_de_datos\UsuarioRepositorio.java. Using fallback presentation compiler.
2026.04.16 18:27:48 INFO  no build target found for C:\Users\USUARIO\Desktop\Estudios\univalle\2026-1\Desarrollo II\Movify\backend\movify-backend\movify-backend\src\main\java\com\movify\backend\Base_de_datos\UsuarioRepositorio.java. Using fallback presentation compiler.
2026.04.16 18:27:49 INFO  no build target found for C:\Users\USUARIO\Desktop\Estudios\univalle\2026-1\Desarrollo II\Movify\backend\movify-backend\movify-backend\src\main\java\com\movify\backend\Base_de_datos\UsuarioRepositorio.java. Using fallback presentation compiler.
2026.04.16 18:27:49 INFO  no build target found for C:\Users\USUARIO\Desktop\Estudios\univalle\2026-1\Desarrollo II\Movify\backend\movify-backend\movify-backend\src\main\java\com\movify\backend\Base_de_datos\UsuarioRepositorio.java. Using fallback presentation compiler.
2026.04.16 18:27:49 INFO  no build target found for C:\Users\USUARIO\Desktop\Estudios\univalle\2026-1\Desarrollo II\Movify\backend\movify-backend\movify-backend\src\main\java\com\movify\backend\Base_de_datos\UsuarioRepositorio.java. Using fallback presentation compiler.
2026.04.16 18:27:50 WARN  no build target for: C:\Users\USUARIO\Desktop\Estudios\univalle\2026-1\Desarrollo II\Movify\backend\movify-backend\movify-backend\src\main\java\com\movify\backend\Base_de_datos\UsuarioRepositorio.java
2026.04.16 18:27:49 INFO  no build target found for C:\Users\USUARIO\Desktop\Estudios\univalle\2026-1\Desarrollo II\Movify\backend\movify-backend\movify-backend\src\main\java\com\movify\backend\Base_de_datos\UsuarioRepositorio.java. Using fallback presentation compiler.
2026.04.16 18:27:50 WARN  Running javac-semanticdb failed for file:///C:/Users/USUARIO/Desktop/Estudios/univalle/2026-1/Desarrollo%20II/Movify/backend/movify-backend/movify-backend/src/main/java/com/movify/backend/Base_de_datos/UsuarioRepositorio.java. Output:

2026.04.16 18:27:50 INFO  no build target found for C:\Users\USUARIO\Desktop\Estudios\univalle\2026-1\Desarrollo II\Movify\backend\movify-backend\movify-backend\src\main\java\com\movify\backend\Base_de_datos\UsuarioRepositorio.java. Using fallback presentation compiler.
2026.04.16 18:27:52 INFO  no build target found for C:\Users\USUARIO\Desktop\Estudios\univalle\2026-1\Desarrollo II\Movify\backend\movify-backend\movify-backend\src\main\java\com\movify\backend\Base_de_datos\UsuarioRepositorio.java. Using fallback presentation compiler.
2026.04.16 18:27:52 INFO  no build target found for C:\Users\USUARIO\Desktop\Estudios\univalle\2026-1\Desarrollo II\Movify\backend\movify-backend\movify-backend\src\main\java\com\movify\backend\Base_de_datos\UsuarioRepositorio.java. Using fallback presentation compiler.
2026.04.16 18:27:52 INFO  no build target found for C:\Users\USUARIO\Desktop\Estudios\univalle\2026-1\Desarrollo II\Movify\backend\movify-backend\movify-backend\src\main\java\com\movify\backend\Base_de_datos\UsuarioRepositorio.java. Using fallback presentation compiler.
2026.04.16 18:27:52 INFO  no build target found for C:\Users\USUARIO\Desktop\Estudios\univalle\2026-1\Desarrollo II\Movify\backend\movify-backend\movify-backend\src\main\java\com\movify\backend\Base_de_datos\UsuarioRepositorio.java. Using fallback presentation compiler.
2026.04.16 18:27:52 INFO  no build target found for C:\Users\USUARIO\Desktop\Estudios\univalle\2026-1\Desarrollo II\Movify\backend\movify-backend\movify-backend\src\main\java\com\movify\backend\Base_de_datos\UsuarioRepositorio.java. Using fallback presentation compiler.
2026.04.16 18:27:53 INFO  no build target found for C:\Users\USUARIO\Desktop\Estudios\univalle\2026-1\Desarrollo II\Movify\backend\movify-backend\movify-backend\src\main\java\com\movify\backend\Base_de_datos\UsuarioRepositorio.java. Using fallback presentation compiler.
abr 16, 2026 6:27:53 P. M. org.eclipse.lsp4j.jsonrpc.RemoteEndpoint handleCancellation
WARNING: Unmatched cancel notification for request id 452
2026.04.16 18:27:53 INFO  no build target found for C:\Users\USUARIO\Desktop\Estudios\univalle\2026-1\Desarrollo II\Movify\backend\movify-backend\movify-backend\src\main\java\com\movify\backend\Base_de_datos\UsuarioRepositorio.java. Using fallback presentation compiler.
2026.04.16 18:27:53 INFO  no build target found for C:\Users\USUARIO\Desktop\Estudios\univalle\2026-1\Desarrollo II\Movify\backend\movify-backend\movify-backend\src\main\java\com\movify\backend\Base_de_datos\UsuarioRepositorio.java. Using fallback presentation compiler.
2026.04.16 18:27:55 INFO  no build target found for C:\Users\USUARIO\Desktop\Estudios\univalle\2026-1\Desarrollo II\Movify\backend\movify-backend\movify-backend\src\main\java\com\movify\backend\Base_de_datos\UsuarioRepositorio.java. Using fallback presentation compiler.
2026.04.16 18:27:55 INFO  no build target found for C:\Users\USUARIO\Desktop\Estudios\univalle\2026-1\Desarrollo II\Movify\backend\movify-backend\movify-backend\src\main\java\com\movify\backend\Base_de_datos\UsuarioRepositorio.java. Using fallback presentation compiler.
2026.04.16 18:27:55 INFO  no build target found for C:\Users\USUARIO\Desktop\Estudios\univalle\2026-1\Desarrollo II\Movify\backend\movify-backend\movify-backend\src\main\java\com\movify\backend\Base_de_datos\UsuarioRepositorio.java. Using fallback presentation compiler.
2026.04.16 18:27:55 INFO  no build target found for C:\Users\USUARIO\Desktop\Estudios\univalle\2026-1\Desarrollo II\Movify\backend\movify-backend\movify-backend\src\main\java\com\movify\backend\Base_de_datos\UsuarioRepositorio.java. Using fallback presentation compiler.
2026.04.16 18:27:57 INFO  no build target found for C:\Users\USUARIO\Desktop\Estudios\univalle\2026-1\Desarrollo II\Movify\backend\movify-backend\movify-backend\src\main\java\com\movify\backend\Base_de_datos\UsuarioRepositorio.java. Using fallback presentation compiler.
2026.04.16 18:27:57 INFO  no build target found for C:\Users\USUARIO\Desktop\Estudios\univalle\2026-1\Desarrollo II\Movify\backend\movify-backend\movify-backend\src\main\java\com\movify\backend\Base_de_datos\UsuarioRepositorio.java. Using fallback presentation compiler.
2026.04.16 18:27:57 INFO  no build target found for C:\Users\USUARIO\Desktop\Estudios\univalle\2026-1\Desarrollo II\Movify\backend\movify-backend\movify-backend\src\main\java\com\movify\backend\Base_de_datos\UsuarioRepositorio.java. Using fallback presentation compiler.
2026.04.16 18:27:57 INFO  no build target found for C:\Users\USUARIO\Desktop\Estudios\univalle\2026-1\Desarrollo II\Movify\backend\movify-backend\movify-backend\src\main\java\com\movify\backend\Base_de_datos\UsuarioRepositorio.java. Using fallback presentation compiler.
2026.04.16 18:27:57 INFO  no build target found for C:\Users\USUARIO\Desktop\Estudios\univalle\2026-1\Desarrollo II\Movify\backend\movify-backend\movify-backend\src\main\java\com\movify\backend\Base_de_datos\UsuarioRepositorio.java. Using fallback presentation compiler.
2026.04.16 18:27:57 INFO  no build target found for C:\Users\USUARIO\Desktop\Estudios\univalle\2026-1\Desarrollo II\Movify\backend\movify-backend\movify-backend\src\main\java\com\movify\backend\Base_de_datos\UsuarioRepositorio.java. Using fallback presentation compiler.
2026.04.16 18:27:57 INFO  no build target found for C:\Users\USUARIO\Desktop\Estudios\univalle\2026-1\Desarrollo II\Movify\backend\movify-backend\movify-backend\src\main\java\com\movify\backend\Base_de_datos\UsuarioRepositorio.java. Using fallback presentation compiler.
2026.04.16 18:27:58 INFO  no build target found for C:\Users\USUARIO\Desktop\Estudios\univalle\2026-1\Desarrollo II\Movify\backend\movify-backend\movify-backend\src\main\java\com\movify\backend\Base_de_datos\UsuarioRepositorio.java. Using fallback presentation compiler.
2026.04.16 18:27:58 INFO  no build target found for C:\Users\USUARIO\Desktop\Estudios\univalle\2026-1\Desarrollo II\Movify\backend\movify-backend\movify-backend\src\main\java\com\movify\backend\Base_de_datos\UsuarioRepositorio.java. Using fallback presentation compiler.
2026.04.16 18:27:59 INFO  no build target found for C:\Users\USUARIO\Desktop\Estudios\univalle\2026-1\Desarrollo II\Movify\backend\movify-backend\movify-backend\src\main\java\com\movify\backend\Base_de_datos\UsuarioRepositorio.java. Using fallback presentation compiler.
2026.04.16 18:27:58 INFO  no build target found for C:\Users\USUARIO\Desktop\Estudios\univalle\2026-1\Desarrollo II\Movify\backend\movify-backend\movify-backend\src\main\java\com\movify\backend\Base_de_datos\UsuarioRepositorio.java. Using fallback presentation compiler.
2026.04.16 18:27:58 INFO  no build target found for C:\Users\USUARIO\Desktop\Estudios\univalle\2026-1\Desarrollo II\Movify\backend\movify-backend\movify-backend\src\main\java\com\movify\backend\Base_de_datos\UsuarioRepositorio.java. Using fallback presentation compiler.
2026.04.16 18:28:00 INFO  no build target found for C:\Users\USUARIO\Desktop\Estudios\univalle\2026-1\Desarrollo II\Movify\backend\movify-backend\movify-backend\src\main\java\com\movify\backend\Base_de_datos\UsuarioRepositorio.java. Using fallback presentation compiler.
2026.04.16 18:28:00 INFO  no build target found for C:\Users\USUARIO\Desktop\Estudios\univalle\2026-1\Desarrollo II\Movify\backend\movify-backend\movify-backend\src\main\java\com\movify\backend\Base_de_datos\UsuarioRepositorio.java. Using fallback presentation compiler.
2026.04.16 18:28:00 INFO  no build target found for C:\Users\USUARIO\Desktop\Estudios\univalle\2026-1\Desarrollo II\Movify\backend\movify-backend\movify-backend\src\main\java\com\movify\backend\Base_de_datos\UsuarioRepositorio.java. Using fallback presentation compiler.
2026.04.16 18:28:00 INFO  no build target found for C:\Users\USUARIO\Desktop\Estudios\univalle\2026-1\Desarrollo II\Movify\backend\movify-backend\movify-backend\src\main\java\com\movify\backend\Base_de_datos\UsuarioRepositorio.java. Using fallback presentation compiler.
2026.04.16 18:28:00 WARN  no build target for: C:\Users\USUARIO\Desktop\Estudios\univalle\2026-1\Desarrollo II\Movify\backend\movify-backend\movify-backend\src\main\java\com\movify\backend\Base_de_datos\UsuarioRepositorio.java
2026.04.16 18:28:00 INFO  no build target found for C:\Users\USUARIO\Desktop\Estudios\univalle\2026-1\Desarrollo II\Movify\backend\movify-backend\movify-backend\src\main\java\com\movify\backend\Base_de_datos\UsuarioRepositorio.java. Using fallback presentation compiler.
2026.04.16 18:28:00 INFO  no build target found for C:\Users\USUARIO\Desktop\Estudios\univalle\2026-1\Desarrollo II\Movify\backend\movify-backend\movify-backend\src\main\java\com\movify\backend\Base_de_datos\UsuarioRepositorio.java. Using fallback presentation compiler.
2026.04.16 18:28:01 WARN  Running javac-semanticdb failed for file:///C:/Users/USUARIO/Desktop/Estudios/univalle/2026-1/Desarrollo%20II/Movify/backend/movify-backend/movify-backend/src/main/java/com/movify/backend/Base_de_datos/UsuarioRepositorio.java. Output:

abr 16, 2026 6:28:01 P. M. org.eclipse.lsp4j.jsonrpc.RemoteEndpoint handleCancellation
WARNING: Unmatched cancel notification for request id 483
2026.04.16 18:28:01 INFO  no build target found for C:\Users\USUARIO\Desktop\Estudios\univalle\2026-1\Desarrollo II\Movify\backend\movify-backend\movify-backend\src\main\java\com\movify\backend\Base_de_datos\UsuarioRepositorio.java. Using fallback presentation compiler.
2026.04.16 18:28:01 INFO  no build target found for C:\Users\USUARIO\Desktop\Estudios\univalle\2026-1\Desarrollo II\Movify\backend\movify-backend\movify-backend\src\main\java\com\movify\backend\Base_de_datos\UsuarioRepositorio.java. Using fallback presentation compiler.
abr 16, 2026 6:28:01 P. M. org.eclipse.lsp4j.jsonrpc.RemoteEndpoint handleCancellation
WARNING: Unmatched cancel notification for request id 484
2026.04.16 18:28:01 INFO  no build target found for C:\Users\USUARIO\Desktop\Estudios\univalle\2026-1\Desarrollo II\Movify\backend\movify-backend\movify-backend\src\main\java\com\movify\backend\Base_de_datos\UsuarioRepositorio.java. Using fallback presentation compiler.
2026.04.16 18:28:01 INFO  no build target found for C:\Users\USUARIO\Desktop\Estudios\univalle\2026-1\Desarrollo II\Movify\backend\movify-backend\movify-backend\src\main\java\com\movify\backend\Base_de_datos\UsuarioRepositorio.java. Using fallback presentation compiler.
abr 16, 2026 6:28:01 P. M. org.eclipse.lsp4j.jsonrpc.RemoteEndpoint handleCancellation
WARNING: Unmatched cancel notification for request id 486
2026.04.16 18:28:01 INFO  no build target found for C:\Users\USUARIO\Desktop\Estudios\univalle\2026-1\Desarrollo II\Movify\backend\movify-backend\movify-backend\src\main\java\com\movify\backend\Base_de_datos\UsuarioRepositorio.java. Using fallback presentation compiler.
2026.04.16 18:28:01 INFO  no build target found for C:\Users\USUARIO\Desktop\Estudios\univalle\2026-1\Desarrollo II\Movify\backend\movify-backend\movify-backend\src\main\java\com\movify\backend\Base_de_datos\UsuarioRepositorio.java. Using fallback presentation compiler.
2026.04.16 18:28:02 INFO  no build target found for C:\Users\USUARIO\Desktop\Estudios\univalle\2026-1\Desarrollo II\Movify\backend\movify-backend\movify-backend\src\main\java\com\movify\backend\Base_de_datos\UsuarioRepositorio.java. Using fallback presentation compiler.
2026.04.16 18:28:02 INFO  no build target found for C:\Users\USUARIO\Desktop\Estudios\univalle\2026-1\Desarrollo II\Movify\backend\movify-backend\movify-backend\src\main\java\com\movify\backend\Base_de_datos\UsuarioRepositorio.java. Using fallback presentation compiler.
2026.04.16 18:28:02 INFO  no build target found for C:\Users\USUARIO\Desktop\Estudios\univalle\2026-1\Desarrollo II\Movify\backend\movify-backend\movify-backend\src\main\java\com\movify\backend\Base_de_datos\UsuarioRepositorio.java. Using fallback presentation compiler.
2026.04.16 18:28:02 INFO  no build target found for C:\Users\USUARIO\Desktop\Estudios\univalle\2026-1\Desarrollo II\Movify\backend\movify-backend\movify-backend\src\main\java\com\movify\backend\Base_de_datos\UsuarioRepositorio.java. Using fallback presentation compiler.
2026.04.16 18:28:02 INFO  no build target found for C:\Users\USUARIO\Desktop\Estudios\univalle\2026-1\Desarrollo II\Movify\backend\movify-backend\movify-backend\src\main\java\com\movify\backend\Base_de_datos\UsuarioRepositorio.java. Using fallback presentation compiler.
2026.04.16 18:28:02 INFO  no build target found for C:\Users\USUARIO\Desktop\Estudios\univalle\2026-1\Desarrollo II\Movify\backend\movify-backend\movify-backend\src\main\java\com\movify\backend\Base_de_datos\UsuarioRepositorio.java. Using fallback presentation compiler.
2026.04.16 18:28:03 INFO  no build target found for C:\Users\USUARIO\Desktop\Estudios\univalle\2026-1\Desarrollo II\Movify\backend\movify-backend\movify-backend\src\main\java\com\movify\backend\Base_de_datos\UsuarioRepositorio.java. Using fallback presentation compiler.
2026.04.16 18:28:04 INFO  no build target found for C:\Users\USUARIO\Desktop\Estudios\univalle\2026-1\Desarrollo II\Movify\backend\movify-backend\movify-backend\src\main\java\com\movify\backend\Base_de_datos\UsuarioRepositorio.java. Using fallback presentation compiler.
2026.04.16 18:28:04 WARN  no build target for: C:\Users\USUARIO\Desktop\Estudios\univalle\2026-1\Desarrollo II\Movify\backend\movify-backend\movify-backend\src\main\java\com\movify\backend\Base_de_datos\UsuarioRepositorio.java
2026.04.16 18:28:04 WARN  Running javac-semanticdb failed for file:///C:/Users/USUARIO/Desktop/Estudios/univalle/2026-1/Desarrollo%20II/Movify/backend/movify-backend/movify-backend/src/main/java/com/movify/backend/Base_de_datos/UsuarioRepositorio.java. Output:

2026.04.16 18:28:04 INFO  no build target found for C:\Users\USUARIO\Desktop\Estudios\univalle\2026-1\Desarrollo II\Movify\backend\movify-backend\movify-backend\src\main\java\com\movify\backend\Base_de_datos\UsuarioRepositorio.java. Using fallback presentation compiler.
2026.04.16 18:28:04 INFO  no build target found for C:\Users\USUARIO\Desktop\Estudios\univalle\2026-1\Desarrollo II\Movify\backend\movify-backend\movify-backend\src\main\java\com\movify\backend\Base_de_datos\UsuarioRepositorio.java. Using fallback presentation compiler.
2026.04.16 18:28:05 INFO  no build target found for C:\Users\USUARIO\Desktop\Estudios\univalle\2026-1\Desarrollo II\Movify\backend\movify-backend\movify-backend\src\main\java\com\movify\backend\Base_de_datos\UsuarioRepositorio.java. Using fallback presentation compiler.
2026.04.16 18:28:05 INFO  no build target found for C:\Users\USUARIO\Desktop\Estudios\univalle\2026-1\Desarrollo II\Movify\backend\movify-backend\movify-backend\src\main\java\com\movify\backend\Base_de_datos\UsuarioRepositorio.java. Using fallback presentation compiler.
2026.04.16 18:28:05 INFO  no build target found for C:\Users\USUARIO\Desktop\Estudios\univalle\2026-1\Desarrollo II\Movify\backend\movify-backend\movify-backend\src\main\java\com\movify\backend\Base_de_datos\UsuarioRepositorio.java. Using fallback presentation compiler.
2026.04.16 18:28:05 INFO  no build target found for C:\Users\USUARIO\Desktop\Estudios\univalle\2026-1\Desarrollo II\Movify\backend\movify-backend\movify-backend\src\main\java\com\movify\backend\Base_de_datos\UsuarioRepositorio.java. Using fallback presentation compiler.
2026.04.16 18:28:05 INFO  no build target found for C:\Users\USUARIO\Desktop\Estudios\univalle\2026-1\Desarrollo II\Movify\backend\movify-backend\movify-backend\src\main\java\com\movify\backend\Base_de_datos\UsuarioRepositorio.java. Using fallback presentation compiler.
2026.04.16 18:28:05 INFO  no build target found for C:\Users\USUARIO\Desktop\Estudios\univalle\2026-1\Desarrollo II\Movify\backend\movify-backend\movify-backend\src\main\java\com\movify\backend\Base_de_datos\UsuarioRepositorio.java. Using fallback presentation compiler.
2026.04.16 18:28:06 WARN  no build target for: C:\Users\USUARIO\Desktop\Estudios\univalle\2026-1\Desarrollo II\Movify\backend\movify-backend\movify-backend\src\main\java\com\movify\backend\Base_de_datos\UsuarioRepositorio.java
2026.04.16 18:28:06 WARN  Running javac-semanticdb failed for file:///C:/Users/USUARIO/Desktop/Estudios/univalle/2026-1/Desarrollo%20II/Movify/backend/movify-backend/movify-backend/src/main/java/com/movify/backend/Base_de_datos/UsuarioRepositorio.java. Output:

2026.04.16 18:28:06 INFO  no build target found for C:\Users\USUARIO\Desktop\Estudios\univalle\2026-1\Desarrollo II\Movify\backend\movify-backend\movify-backend\src\main\java\com\movify\backend\Base_de_datos\UsuarioRepositorio.java. Using fallback presentation compiler.
2026.04.16 18:28:06 INFO  no build target found for C:\Users\USUARIO\Desktop\Estudios\univalle\2026-1\Desarrollo II\Movify\backend\movify-backend\movify-backend\src\main\java\com\movify\backend\Base_de_datos\UsuarioRepositorio.java. Using fallback presentation compiler.
abr 16, 2026 6:28:06 P. M. org.eclipse.lsp4j.jsonrpc.RemoteEndpoint handleCancellation
WARNING: Unmatched cancel notification for request id 517
2026.04.16 18:28:06 INFO  no build target found for C:\Users\USUARIO\Desktop\Estudios\univalle\2026-1\Desarrollo II\Movify\backend\movify-backend\movify-backend\src\main\java\com\movify\backend\Base_de_datos\UsuarioRepositorio.java. Using fallback presentation compiler.
2026.04.16 18:28:07 INFO  no build target found for C:\Users\USUARIO\Desktop\Estudios\univalle\2026-1\Desarrollo II\Movify\backend\movify-backend\movify-backend\src\main\java\com\movify\backend\Base_de_datos\UsuarioRepositorio.java. Using fallback presentation compiler.
2026.04.16 18:28:07 INFO  no build target found for C:\Users\USUARIO\Desktop\Estudios\univalle\2026-1\Desarrollo II\Movify\backend\movify-backend\movify-backend\src\main\java\com\movify\backend\Base_de_datos\UsuarioRepositorio.java. Using fallback presentation compiler.
2026.04.16 18:28:07 INFO  no build target found for C:\Users\USUARIO\Desktop\Estudios\univalle\2026-1\Desarrollo II\Movify\backend\movify-backend\movify-backend\src\main\java\com\movify\backend\Base_de_datos\UsuarioRepositorio.java. Using fallback presentation compiler.
2026.04.16 18:28:07 INFO  no build target found for C:\Users\USUARIO\Desktop\Estudios\univalle\2026-1\Desarrollo II\Movify\backend\movify-backend\movify-backend\src\main\java\com\movify\backend\Base_de_datos\UsuarioRepositorio.java. Using fallback presentation compiler.
2026.04.16 18:28:07 INFO  no build target found for C:\Users\USUARIO\Desktop\Estudios\univalle\2026-1\Desarrollo II\Movify\backend\movify-backend\movify-backend\src\main\java\com\movify\backend\Base_de_datos\UsuarioRepositorio.java. Using fallback presentation compiler.
2026.04.16 18:28:08 INFO  no build target found for C:\Users\USUARIO\Desktop\Estudios\univalle\2026-1\Desarrollo II\Movify\backend\movify-backend\movify-backend\src\main\java\com\movify\backend\Base_de_datos\UsuarioRepositorio.java. Using fallback presentation compiler.
2026.04.16 18:28:08 INFO  no build target found for C:\Users\USUARIO\Desktop\Estudios\univalle\2026-1\Desarrollo II\Movify\backend\movify-backend\movify-backend\src\main\java\com\movify\backend\Base_de_datos\UsuarioRepositorio.java. Using fallback presentation compiler.
2026.04.16 18:28:08 INFO  no build target found for C:\Users\USUARIO\Desktop\Estudios\univalle\2026-1\Desarrollo II\Movify\backend\movify-backend\movify-backend\src\main\java\com\movify\backend\Base_de_datos\UsuarioRepositorio.java. Using fallback presentation compiler.
2026.04.16 18:28:09 INFO  no build target found for C:\Users\USUARIO\Desktop\Estudios\univalle\2026-1\Desarrollo II\Movify\backend\movify-backend\movify-backend\src\main\java\com\movify\backend\Base_de_datos\UsuarioRepositorio.java. Using fallback presentation compiler.
2026.04.16 18:28:08 INFO  no build target found for C:\Users\USUARIO\Desktop\Estudios\univalle\2026-1\Desarrollo II\Movify\backend\movify-backend\movify-backend\src\main\java\com\movify\backend\Base_de_datos\UsuarioRepositorio.java. Using fallback presentation compiler.
2026.04.16 18:28:10 INFO  no build target found for C:\Users\USUARIO\Desktop\Estudios\univalle\2026-1\Desarrollo II\Movify\backend\movify-backend\movify-backend\src\main\java\com\movify\backend\Base_de_datos\UsuarioRepositorio.java. Using fallback presentation compiler.
2026.04.16 18:28:10 INFO  no build target found for C:\Users\USUARIO\Desktop\Estudios\univalle\2026-1\Desarrollo II\Movify\backend\movify-backend\movify-backend\src\main\java\com\movify\backend\Base_de_datos\UsuarioRepositorio.java. Using fallback presentation compiler.
2026.04.16 18:28:10 INFO  no build target found for C:\Users\USUARIO\Desktop\Estudios\univalle\2026-1\Desarrollo II\Movify\backend\movify-backend\movify-backend\src\main\java\com\movify\backend\Base_de_datos\UsuarioRepositorio.java. Using fallback presentation compiler.
2026.04.16 18:28:10 INFO  no build target found for C:\Users\USUARIO\Desktop\Estudios\univalle\2026-1\Desarrollo II\Movify\backend\movify-backend\movify-backend\src\main\java\com\movify\backend\Base_de_datos\UsuarioRepositorio.java. Using fallback presentation compiler.
2026.04.16 18:28:10 INFO  no build target found for C:\Users\USUARIO\Desktop\Estudios\univalle\2026-1\Desarrollo II\Movify\backend\movify-backend\movify-backend\src\main\java\com\movify\backend\Base_de_datos\UsuarioRepositorio.java. Using fallback presentation compiler.
2026.04.16 18:28:10 WARN  no build target for: C:\Users\USUARIO\Desktop\Estudios\univalle\2026-1\Desarrollo II\Movify\backend\movify-backend\movify-backend\src\main\java\com\movify\backend\Base_de_datos\UsuarioRepositorio.java
2026.04.16 18:28:11 INFO  no build target found for C:\Users\USUARIO\Desktop\Estudios\univalle\2026-1\Desarrollo II\Movify\backend\movify-backend\movify-backend\src\main\java\com\movify\backend\Base_de_datos\UsuarioRepositorio.java. Using fallback presentation compiler.
2026.04.16 18:28:11 WARN  Running javac-semanticdb failed for file:///C:/Users/USUARIO/Desktop/Estudios/univalle/2026-1/Desarrollo%20II/Movify/backend/movify-backend/movify-backend/src/main/java/com/movify/backend/Base_de_datos/UsuarioRepositorio.java. Output:

2026.04.16 18:28:11 INFO  no build target found for C:\Users\USUARIO\Desktop\Estudios\univalle\2026-1\Desarrollo II\Movify\backend\movify-backend\movify-backend\src\main\java\com\movify\backend\Base_de_datos\UsuarioRepositorio.java. Using fallback presentation compiler.
2026.04.16 18:28:13 INFO  no build target found for C:\Users\USUARIO\Desktop\Estudios\univalle\2026-1\Desarrollo II\Movify\backend\movify-backend\movify-backend\src\main\java\com\movify\backend\Base_de_datos\UsuarioRepositorio.java. Using fallback presentation compiler.
2026.04.16 18:28:18 INFO  no build target found for C:\Users\USUARIO\Desktop\Estudios\univalle\2026-1\Desarrollo II\Movify\backend\movify-backend\movify-backend\src\main\java\com\movify\backend\Base_de_datos\UsuarioRepositorio.java. Using fallback presentation compiler.
2026.04.16 18:28:20 INFO  no build target found for C:\Users\USUARIO\Desktop\Estudios\univalle\2026-1\Desarrollo II\Movify\backend\movify-backend\movify-backend\src\main\java\com\movify\backend\Base_de_datos\UsuarioRepositorio.java. Using fallback presentation compiler.
2026.04.16 18:28:20 INFO  no build target found for C:\Users\USUARIO\Desktop\Estudios\univalle\2026-1\Desarrollo II\Movify\backend\movify-backend\movify-backend\src\main\java\com\movify\backend\Base_de_datos\UsuarioRepositorio.java. Using fallback presentation compiler.
2026.04.16 18:28:20 INFO  no build target found for C:\Users\USUARIO\Desktop\Estudios\univalle\2026-1\Desarrollo II\Movify\backend\movify-backend\movify-backend\src\main\java\com\movify\backend\Base_de_datos\UsuarioRepositorio.java. Using fallback presentation compiler.
2026.04.16 18:28:20 WARN  no build target for: C:\Users\USUARIO\Desktop\Estudios\univalle\2026-1\Desarrollo II\Movify\backend\movify-backend\movify-backend\src\main\java\com\movify\backend\Base_de_datos\UsuarioRepositorio.java
2026.04.16 18:28:20 INFO  no build target found for C:\Users\USUARIO\Desktop\Estudios\univalle\2026-1\Desarrollo II\Movify\backend\movify-backend\movify-backend\src\main\java\com\movify\backend\Base_de_datos\UsuarioRepositorio.java. Using fallback presentation compiler.
2026.04.16 18:28:21 WARN  Running javac-semanticdb failed for file:///C:/Users/USUARIO/Desktop/Estudios/univalle/2026-1/Desarrollo%20II/Movify/backend/movify-backend/movify-backend/src/main/java/com/movify/backend/Base_de_datos/UsuarioRepositorio.java. Output:

2026.04.16 18:28:21 INFO  no build target found for C:\Users\USUARIO\Desktop\Estudios\univalle\2026-1\Desarrollo II\Movify\backend\movify-backend\movify-backend\src\main\java\com\movify\backend\Base_de_datos\UsuarioRepositorio.java. Using fallback presentation compiler.
2026.04.16 18:28:28 INFO  no build target found for C:\Users\USUARIO\Desktop\Estudios\univalle\2026-1\Desarrollo II\Movify\backend\movify-backend\movify-backend\src\main\java\com\movify\backend\Controlador\AutenticacionControlador.java. Using fallback presentation compiler.
2026.04.16 18:28:28 WARN  no build target for: C:\Users\USUARIO\Desktop\Estudios\univalle\2026-1\Desarrollo II\Movify\backend\movify-backend\movify-backend\src\main\java\com\movify\backend\Controlador\AutenticacionControlador.java
2026.04.16 18:28:28 INFO  no build target found for C:\Users\USUARIO\Desktop\Estudios\univalle\2026-1\Desarrollo II\Movify\backend\movify-backend\movify-backend\src\main\java\com\movify\backend\Controlador\AutenticacionControlador.java. Using fallback presentation compiler.
2026.04.16 18:28:28 INFO  no build target found for C:\Users\USUARIO\Desktop\Estudios\univalle\2026-1\Desarrollo II\Movify\backend\movify-backend\movify-backend\src\main\java\com\movify\backend\Controlador\AutenticacionControlador.java. Using fallback presentation compiler.
2026.04.16 18:28:28 INFO  no build target found for C:\Users\USUARIO\Desktop\Estudios\univalle\2026-1\Desarrollo II\Movify\backend\movify-backend\movify-backend\src\main\java\com\movify\backend\Controlador\AutenticacionControlador.java. Using fallback presentation compiler.
2026.04.16 18:28:28 INFO  no build target found for C:\Users\USUARIO\Desktop\Estudios\univalle\2026-1\Desarrollo II\Movify\backend\movify-backend\movify-backend\src\main\java\com\movify\backend\Controlador\AutenticacionControlador.java. Using fallback presentation compiler.
2026.04.16 18:28:29 INFO  no build target found for C:\Users\USUARIO\Desktop\Estudios\univalle\2026-1\Desarrollo II\Movify\backend\movify-backend\movify-backend\src\main\java\com\movify\backend\Controlador\AutenticacionControlador.java. Using fallback presentation compiler.
2026.04.16 18:28:29 INFO  no build target found for C:\Users\USUARIO\Desktop\Estudios\univalle\2026-1\Desarrollo II\Movify\backend\movify-backend\movify-backend\src\main\java\com\movify\backend\Controlador\AutenticacionControlador.java. Using fallback presentation compiler.
2026.04.16 18:28:29 INFO  no build target found for C:\Users\USUARIO\Desktop\Estudios\univalle\2026-1\Desarrollo II\Movify\backend\movify-backend\movify-backend\src\main\java\com\movify\backend\Controlador\AutenticacionControlador.java. Using fallback presentation compiler.
2026.04.16 18:28:29 INFO  no build target found for C:\Users\USUARIO\Desktop\Estudios\univalle\2026-1\Desarrollo II\Movify\backend\movify-backend\movify-backend\src\main\java\com\movify\backend\Controlador\AutenticacionControlador.java. Using fallback presentation compiler.
2026.04.16 18:28:30 INFO  no build target found for C:\Users\USUARIO\Desktop\Estudios\univalle\2026-1\Desarrollo II\Movify\backend\movify-backend\movify-backend\src\main\java\com\movify\backend\Controlador\AutenticacionControlador.java. Using fallback presentation compiler.
2026.04.16 18:28:30 INFO  no build target found for C:\Users\USUARIO\Desktop\Estudios\univalle\2026-1\Desarrollo II\Movify\backend\movify-backend\movify-backend\src\main\java\com\movify\backend\Controlador\AutenticacionControlador.java. Using fallback presentation compiler.
2026.04.16 18:28:30 INFO  no build target found for C:\Users\USUARIO\Desktop\Estudios\univalle\2026-1\Desarrollo II\Movify\backend\movify-backend\movify-backend\src\main\java\com\movify\backend\Controlador\AutenticacionControlador.java. Using fallback presentation compiler.
2026.04.16 18:28:34 INFO  no build target found for C:\Users\USUARIO\Desktop\Estudios\univalle\2026-1\Desarrollo II\Movify\backend\movify-backend\movify-backend\src\main\java\com\movify\backend\Controlador\AutenticacionControlador.java. Using fallback presentation compiler.
2026.04.16 18:28:41 INFO  no build target found for C:\Users\USUARIO\Desktop\Estudios\univalle\2026-1\Desarrollo II\Movify\backend\movify-backend\movify-backend\src\main\java\com\movify\backend\Controlador\AutenticacionControlador.java. Using fallback presentation compiler.
2026.04.16 18:28:42 INFO  no build target found for C:\Users\USUARIO\Desktop\Estudios\univalle\2026-1\Desarrollo II\Movify\backend\movify-backend\movify-backend\src\main\java\com\movify\backend\Controlador\AutenticacionControlador.java. Using fallback presentation compiler.
2026.04.16 18:28:42 INFO  no build target found for C:\Users\USUARIO\Desktop\Estudios\univalle\2026-1\Desarrollo II\Movify\backend\movify-backend\movify-backend\src\main\java\com\movify\backend\Controlador\AutenticacionControlador.java. Using fallback presentation compiler.
2026.04.16 18:28:42 INFO  no build target found for C:\Users\USUARIO\Desktop\Estudios\univalle\2026-1\Desarrollo II\Movify\backend\movify-backend\movify-backend\src\main\java\com\movify\backend\Controlador\AutenticacionControlador.java. Using fallback presentation compiler.
2026.04.16 18:28:42 INFO  no build target found for C:\Users\USUARIO\Desktop\Estudios\univalle\2026-1\Desarrollo II\Movify\backend\movify-backend\movify-backend\src\main\java\com\movify\backend\Controlador\AutenticacionControlador.java. Using fallback presentation compiler.
2026.04.16 18:28:42 INFO  no build target found for C:\Users\USUARIO\Desktop\Estudios\univalle\2026-1\Desarrollo II\Movify\backend\movify-backend\movify-backend\src\main\java\com\movify\backend\Controlador\AutenticacionControlador.java. Using fallback presentation compiler.
2026.04.16 18:28:44 INFO  no build target found for C:\Users\USUARIO\Desktop\Estudios\univalle\2026-1\Desarrollo II\Movify\backend\movify-backend\movify-backend\src\main\java\com\movify\backend\Controlador\AutenticacionControlador.java. Using fallback presentation compiler.
2026.04.16 18:28:44 INFO  no build target found for C:\Users\USUARIO\Desktop\Estudios\univalle\2026-1\Desarrollo II\Movify\backend\movify-backend\movify-backend\src\main\java\com\movify\backend\Controlador\AutenticacionControlador.java. Using fallback presentation compiler.
abr 16, 2026 6:28:44 P. M. org.eclipse.lsp4j.jsonrpc.RemoteEndpoint handleCancellation
WARNING: Unmatched cancel notification for request id 575
2026.04.16 18:28:44 INFO  no build target found for C:\Users\USUARIO\Desktop\Estudios\univalle\2026-1\Desarrollo II\Movify\backend\movify-backend\movify-backend\src\main\java\com\movify\backend\Controlador\AutenticacionControlador.java. Using fallback presentation compiler.
2026.04.16 18:28:45 INFO  no build target found for C:\Users\USUARIO\Desktop\Estudios\univalle\2026-1\Desarrollo II\Movify\backend\movify-backend\movify-backend\src\main\java\com\movify\backend\Controlador\AutenticacionControlador.java. Using fallback presentation compiler.
2026.04.16 18:28:45 INFO  no build target found for C:\Users\USUARIO\Desktop\Estudios\univalle\2026-1\Desarrollo II\Movify\backend\movify-backend\movify-backend\src\main\java\com\movify\backend\Controlador\AutenticacionControlador.java. Using fallback presentation compiler.
2026.04.16 18:28:46 INFO  no build target found for C:\Users\USUARIO\Desktop\Estudios\univalle\2026-1\Desarrollo II\Movify\backend\movify-backend\movify-backend\src\main\java\com\movify\backend\Controlador\AutenticacionControlador.java. Using fallback presentation compiler.
2026.04.16 18:28:46 INFO  no build target found for C:\Users\USUARIO\Desktop\Estudios\univalle\2026-1\Desarrollo II\Movify\backend\movify-backend\movify-backend\src\main\java\com\movify\backend\Controlador\AutenticacionControlador.java. Using fallback presentation compiler.
abr 16, 2026 6:28:46 P. M. org.eclipse.lsp4j.jsonrpc.RemoteEndpoint handleCancellation
WARNING: Unmatched cancel notification for request id 580
2026.04.16 18:28:46 INFO  no build target found for C:\Users\USUARIO\Desktop\Estudios\univalle\2026-1\Desarrollo II\Movify\backend\movify-backend\movify-backend\src\main\java\com\movify\backend\Controlador\AutenticacionControlador.java. Using fallback presentation compiler.
abr 16, 2026 6:28:46 P. M. org.eclipse.lsp4j.jsonrpc.RemoteEndpoint handleCancellation
WARNING: Unmatched cancel notification for request id 581
2026.04.16 18:28:46 INFO  no build target found for C:\Users\USUARIO\Desktop\Estudios\univalle\2026-1\Desarrollo II\Movify\backend\movify-backend\movify-backend\src\main\java\com\movify\backend\Controlador\AutenticacionControlador.java. Using fallback presentation compiler.
2026.04.16 18:28:48 INFO  no build target found for C:\Users\USUARIO\Desktop\Estudios\univalle\2026-1\Desarrollo II\Movify\backend\movify-backend\movify-backend\src\main\java\com\movify\backend\Controlador\AutenticacionControlador.java. Using fallback presentation compiler.
2026.04.16 18:28:48 INFO  no build target found for C:\Users\USUARIO\Desktop\Estudios\univalle\2026-1\Desarrollo II\Movify\backend\movify-backend\movify-backend\src\main\java\com\movify\backend\Controlador\AutenticacionControlador.java. Using fallback presentation compiler.
2026.04.16 18:28:48 INFO  no build target found for C:\Users\USUARIO\Desktop\Estudios\univalle\2026-1\Desarrollo II\Movify\backend\movify-backend\movify-backend\src\main\java\com\movify\backend\Controlador\AutenticacionControlador.java. Using fallback presentation compiler.
2026.04.16 18:29:05 INFO  no build target found for C:\Users\USUARIO\Desktop\Estudios\univalle\2026-1\Desarrollo II\Movify\backend\movify-backend\movify-backend\src\main\java\com\movify\backend\Controlador\AutenticacionControlador.java. Using fallback presentation compiler.
2026.04.16 18:29:05 INFO  no build target found for C:\Users\USUARIO\Desktop\Estudios\univalle\2026-1\Desarrollo II\Movify\backend\movify-backend\movify-backend\src\main\java\com\movify\backend\Controlador\AutenticacionControlador.java. Using fallback presentation compiler.
2026.04.16 18:29:05 INFO  no build target found for C:\Users\USUARIO\Desktop\Estudios\univalle\2026-1\Desarrollo II\Movify\backend\movify-backend\movify-backend\src\main\java\com\movify\backend\Controlador\AutenticacionControlador.java. Using fallback presentation compiler.
2026.04.16 18:29:08 INFO  no build target found for C:\Users\USUARIO\Desktop\Estudios\univalle\2026-1\Desarrollo II\Movify\backend\movify-backend\movify-backend\src\main\java\com\movify\backend\Controlador\AutenticacionControlador.java. Using fallback presentation compiler.
2026.04.16 18:29:08 INFO  no build target found for C:\Users\USUARIO\Desktop\Estudios\univalle\2026-1\Desarrollo II\Movify\backend\movify-backend\movify-backend\src\main\java\com\movify\backend\Controlador\AutenticacionControlador.java. Using fallback presentation compiler.
2026.04.16 18:29:08 INFO  no build target found for C:\Users\USUARIO\Desktop\Estudios\univalle\2026-1\Desarrollo II\Movify\backend\movify-backend\movify-backend\src\main\java\com\movify\backend\Controlador\AutenticacionControlador.java. Using fallback presentation compiler.
abr 16, 2026 6:29:09 P. M. org.eclipse.lsp4j.jsonrpc.RemoteEndpoint handleCancellation
WARNING: Unmatched cancel notification for request id 596
2026.04.16 18:29:08 INFO  no build target found for C:\Users\USUARIO\Desktop\Estudios\univalle\2026-1\Desarrollo II\Movify\backend\movify-backend\movify-backend\src\main\java\com\movify\backend\Controlador\AutenticacionControlador.java. Using fallback presentation compiler.
2026.04.16 18:29:10 INFO  no build target found for C:\Users\USUARIO\Desktop\Estudios\univalle\2026-1\Desarrollo II\Movify\backend\movify-backend\movify-backend\src\main\java\com\movify\backend\Controlador\AutenticacionControlador.java. Using fallback presentation compiler.
abr 16, 2026 6:29:10 P. M. org.eclipse.lsp4j.jsonrpc.RemoteEndpoint handleCancellation
WARNING: Unmatched cancel notification for request id 599
2026.04.16 18:29:10 INFO  no build target found for C:\Users\USUARIO\Desktop\Estudios\univalle\2026-1\Desarrollo II\Movify\backend\movify-backend\movify-backend\src\main\java\com\movify\backend\Controlador\AutenticacionControlador.java. Using fallback presentation compiler.
2026.04.16 18:29:15 INFO  no build target found for C:\Users\USUARIO\Desktop\Estudios\univalle\2026-1\Desarrollo II\Movify\backend\movify-backend\movify-backend\src\main\java\com\movify\backend\Controlador\AutenticacionControlador.java. Using fallback presentation compiler.
2026.04.16 18:29:15 INFO  no build target found for C:\Users\USUARIO\Desktop\Estudios\univalle\2026-1\Desarrollo II\Movify\backend\movify-backend\movify-backend\src\main\java\com\movify\backend\Controlador\AutenticacionControlador.java. Using fallback presentation compiler.
2026.04.16 18:29:15 INFO  no build target found for C:\Users\USUARIO\Desktop\Estudios\univalle\2026-1\Desarrollo II\Movify\backend\movify-backend\movify-backend\src\main\java\com\movify\backend\Controlador\AutenticacionControlador.java. Using fallback presentation compiler.
2026.04.16 18:29:17 INFO  no build target found for C:\Users\USUARIO\Desktop\Estudios\univalle\2026-1\Desarrollo II\Movify\backend\movify-backend\movify-backend\src\main\java\com\movify\backend\Controlador\AutenticacionControlador.java. Using fallback presentation compiler.
2026.04.16 18:29:17 INFO  no build target found for C:\Users\USUARIO\Desktop\Estudios\univalle\2026-1\Desarrollo II\Movify\backend\movify-backend\movify-backend\src\main\java\com\movify\backend\Controlador\AutenticacionControlador.java. Using fallback presentation compiler.
2026.04.16 18:29:17 INFO  no build target found for C:\Users\USUARIO\Desktop\Estudios\univalle\2026-1\Desarrollo II\Movify\backend\movify-backend\movify-backend\src\main\java\com\movify\backend\Controlador\AutenticacionControlador.java. Using fallback presentation compiler.
2026.04.16 18:29:17 INFO  no build target found for C:\Users\USUARIO\Desktop\Estudios\univalle\2026-1\Desarrollo II\Movify\backend\movify-backend\movify-backend\src\main\java\com\movify\backend\Controlador\AutenticacionControlador.java. Using fallback presentation compiler.
2026.04.16 18:29:18 INFO  no build target found for C:\Users\USUARIO\Desktop\Estudios\univalle\2026-1\Desarrollo II\Movify\backend\movify-backend\movify-backend\src\main\java\com\movify\backend\Controlador\AutenticacionControlador.java. Using fallback presentation compiler.
2026.04.16 18:29:18 INFO  no build target found for C:\Users\USUARIO\Desktop\Estudios\univalle\2026-1\Desarrollo II\Movify\backend\movify-backend\movify-backend\src\main\java\com\movify\backend\Controlador\AutenticacionControlador.java. Using fallback presentation compiler.
2026.04.16 18:29:18 INFO  no build target found for C:\Users\USUARIO\Desktop\Estudios\univalle\2026-1\Desarrollo II\Movify\backend\movify-backend\movify-backend\src\main\java\com\movify\backend\Controlador\AutenticacionControlador.java. Using fallback presentation compiler.
2026.04.16 18:29:18 INFO  no build target found for C:\Users\USUARIO\Desktop\Estudios\univalle\2026-1\Desarrollo II\Movify\backend\movify-backend\movify-backend\src\main\java\com\movify\backend\Controlador\AutenticacionControlador.java. Using fallback presentation compiler.
2026.04.16 18:29:21 INFO  no build target found for C:\Users\USUARIO\Desktop\Estudios\univalle\2026-1\Desarrollo II\Movify\backend\movify-backend\movify-backend\src\main\java\com\movify\backend\Controlador\AutenticacionControlador.java. Using fallback presentation compiler.
2026.04.16 18:29:21 INFO  no build target found for C:\Users\USUARIO\Desktop\Estudios\univalle\2026-1\Desarrollo II\Movify\backend\movify-backend\movify-backend\src\main\java\com\movify\backend\Controlador\AutenticacionControlador.java. Using fallback presentation compiler.
2026.04.16 18:29:21 INFO  no build target found for C:\Users\USUARIO\Desktop\Estudios\univalle\2026-1\Desarrollo II\Movify\backend\movify-backend\movify-backend\src\main\java\com\movify\backend\Controlador\AutenticacionControlador.java. Using fallback presentation compiler.
2026.04.16 18:29:21 INFO  no build target found for C:\Users\USUARIO\Desktop\Estudios\univalle\2026-1\Desarrollo II\Movify\backend\movify-backend\movify-backend\src\main\java\com\movify\backend\Controlador\AutenticacionControlador.java. Using fallback presentation compiler.
2026.04.16 18:29:21 INFO  no build target found for C:\Users\USUARIO\Desktop\Estudios\univalle\2026-1\Desarrollo II\Movify\backend\movify-backend\movify-backend\src\main\java\com\movify\backend\Controlador\AutenticacionControlador.java. Using fallback presentation compiler.
2026.04.16 18:29:21 INFO  no build target found for C:\Users\USUARIO\Desktop\Estudios\univalle\2026-1\Desarrollo II\Movify\backend\movify-backend\movify-backend\src\main\java\com\movify\backend\Controlador\AutenticacionControlador.java. Using fallback presentation compiler.
2026.04.16 18:29:22 INFO  no build target found for C:\Users\USUARIO\Desktop\Estudios\univalle\2026-1\Desarrollo II\Movify\backend\movify-backend\movify-backend\src\main\java\com\movify\backend\Controlador\AutenticacionControlador.java. Using fallback presentation compiler.
2026.04.16 18:29:22 INFO  no build target found for C:\Users\USUARIO\Desktop\Estudios\univalle\2026-1\Desarrollo II\Movify\backend\movify-backend\movify-backend\src\main\java\com\movify\backend\Controlador\AutenticacionControlador.java. Using fallback presentation compiler.
2026.04.16 18:29:22 INFO  no build target found for C:\Users\USUARIO\Desktop\Estudios\univalle\2026-1\Desarrollo II\Movify\backend\movify-backend\movify-backend\src\main\java\com\movify\backend\Controlador\AutenticacionControlador.java. Using fallback presentation compiler.
2026.04.16 18:29:22 INFO  no build target found for C:\Users\USUARIO\Desktop\Estudios\univalle\2026-1\Desarrollo II\Movify\backend\movify-backend\movify-backend\src\main\java\com\movify\backend\Controlador\AutenticacionControlador.java. Using fallback presentation compiler.
2026.04.16 18:29:24 INFO  no build target found for C:\Users\USUARIO\Desktop\Estudios\univalle\2026-1\Desarrollo II\Movify\backend\movify-backend\movify-backend\src\main\java\com\movify\backend\Controlador\AutenticacionControlador.java. Using fallback presentation compiler.
2026.04.16 18:29:24 INFO  no build target found for C:\Users\USUARIO\Desktop\Estudios\univalle\2026-1\Desarrollo II\Movify\backend\movify-backend\movify-backend\src\main\java\com\movify\backend\Controlador\AutenticacionControlador.java. Using fallback presentation compiler.
abr 16, 2026 6:29:24 P. M. org.eclipse.lsp4j.jsonrpc.RemoteEndpoint handleCancellation
WARNING: Unmatched cancel notification for request id 623
2026.04.16 18:29:24 INFO  no build target found for C:\Users\USUARIO\Desktop\Estudios\univalle\2026-1\Desarrollo II\Movify\backend\movify-backend\movify-backend\src\main\java\com\movify\backend\Controlador\AutenticacionControlador.java. Using fallback presentation compiler.
2026.04.16 18:29:24 INFO  no build target found for C:\Users\USUARIO\Desktop\Estudios\univalle\2026-1\Desarrollo II\Movify\backend\movify-backend\movify-backend\src\main\java\com\movify\backend\Controlador\AutenticacionControlador.java. Using fallback presentation compiler.
2026.04.16 18:29:24 INFO  no build target found for C:\Users\USUARIO\Desktop\Estudios\univalle\2026-1\Desarrollo II\Movify\backend\movify-backend\movify-backend\src\main\java\com\movify\backend\Controlador\AutenticacionControlador.java. Using fallback presentation compiler.
2026.04.16 18:29:24 INFO  no build target found for C:\Users\USUARIO\Desktop\Estudios\univalle\2026-1\Desarrollo II\Movify\backend\movify-backend\movify-backend\src\main\java\com\movify\backend\Controlador\AutenticacionControlador.java. Using fallback presentation compiler.
2026.04.16 18:29:24 INFO  no build target found for C:\Users\USUARIO\Desktop\Estudios\univalle\2026-1\Desarrollo II\Movify\backend\movify-backend\movify-backend\src\main\java\com\movify\backend\Controlador\AutenticacionControlador.java. Using fallback presentation compiler.
2026.04.16 18:29:25 WARN  no build target for: C:\Users\USUARIO\Desktop\Estudios\univalle\2026-1\Desarrollo II\Movify\backend\movify-backend\movify-backend\src\main\java\com\movify\backend\Controlador\AutenticacionControlador.java
2026.04.16 18:29:25 WARN  Running javac-semanticdb failed for file:///C:/Users/USUARIO/Desktop/Estudios/univalle/2026-1/Desarrollo%20II/Movify/backend/movify-backend/movify-backend/src/main/java/com/movify/backend/Controlador/AutenticacionControlador.java. Output:

2026.04.16 18:29:26 INFO  no build target found for C:\Users\USUARIO\Desktop\Estudios\univalle\2026-1\Desarrollo II\Movify\backend\movify-backend\movify-backend\src\main\java\com\movify\backend\Controlador\AutenticacionControlador.java. Using fallback presentation compiler.
2026.04.16 18:29:26 INFO  no build target found for C:\Users\USUARIO\Desktop\Estudios\univalle\2026-1\Desarrollo II\Movify\backend\movify-backend\movify-backend\src\main\java\com\movify\backend\Controlador\AutenticacionControlador.java. Using fallback presentation compiler.
2026.04.16 18:29:26 INFO  no build target found for C:\Users\USUARIO\Desktop\Estudios\univalle\2026-1\Desarrollo II\Movify\backend\movify-backend\movify-backend\src\main\java\com\movify\backend\Controlador\AutenticacionControlador.java. Using fallback presentation compiler.
2026.04.16 18:29:26 INFO  no build target found for C:\Users\USUARIO\Desktop\Estudios\univalle\2026-1\Desarrollo II\Movify\backend\movify-backend\movify-backend\src\main\java\com\movify\backend\Controlador\AutenticacionControlador.java. Using fallback presentation compiler.
2026.04.16 18:29:26 INFO  no build target found for C:\Users\USUARIO\Desktop\Estudios\univalle\2026-1\Desarrollo II\Movify\backend\movify-backend\movify-backend\src\main\java\com\movify\backend\Controlador\AutenticacionControlador.java. Using fallback presentation compiler.
2026.04.16 18:29:27 INFO  no build target found for C:\Users\USUARIO\Desktop\Estudios\univalle\2026-1\Desarrollo II\Movify\backend\movify-backend\movify-backend\src\main\java\com\movify\backend\Controlador\AutenticacionControlador.java. Using fallback presentation compiler.
2026.04.16 18:29:28 INFO  no build target found for C:\Users\USUARIO\Desktop\Estudios\univalle\2026-1\Desarrollo II\Movify\backend\movify-backend\movify-backend\src\main\java\com\movify\backend\Controlador\AutenticacionControlador.java. Using fallback presentation compiler.
2026.04.16 18:29:28 INFO  no build target found for C:\Users\USUARIO\Desktop\Estudios\univalle\2026-1\Desarrollo II\Movify\backend\movify-backend\movify-backend\src\main\java\com\movify\backend\Controlador\AutenticacionControlador.java. Using fallback presentation compiler.
2026.04.16 18:29:28 INFO  no build target found for C:\Users\USUARIO\Desktop\Estudios\univalle\2026-1\Desarrollo II\Movify\backend\movify-backend\movify-backend\src\main\java\com\movify\backend\Controlador\AutenticacionControlador.java. Using fallback presentation compiler.
abr 16, 2026 6:29:29 P. M. org.eclipse.lsp4j.jsonrpc.RemoteEndpoint handleCancellation
WARNING: Unmatched cancel notification for request id 642
2026.04.16 18:29:28 INFO  no build target found for C:\Users\USUARIO\Desktop\Estudios\univalle\2026-1\Desarrollo II\Movify\backend\movify-backend\movify-backend\src\main\java\com\movify\backend\Controlador\AutenticacionControlador.java. Using fallback presentation compiler.
2026.04.16 18:29:29 INFO  no build target found for C:\Users\USUARIO\Desktop\Estudios\univalle\2026-1\Desarrollo II\Movify\backend\movify-backend\movify-backend\src\main\java\com\movify\backend\Controlador\AutenticacionControlador.java. Using fallback presentation compiler.
2026.04.16 18:29:29 INFO  no build target found for C:\Users\USUARIO\Desktop\Estudios\univalle\2026-1\Desarrollo II\Movify\backend\movify-backend\movify-backend\src\main\java\com\movify\backend\Controlador\AutenticacionControlador.java. Using fallback presentation compiler.
2026.04.16 18:29:29 INFO  no build target found for C:\Users\USUARIO\Desktop\Estudios\univalle\2026-1\Desarrollo II\Movify\backend\movify-backend\movify-backend\src\main\java\com\movify\backend\Controlador\AutenticacionControlador.java. Using fallback presentation compiler.
2026.04.16 18:29:29 INFO  no build target found for C:\Users\USUARIO\Desktop\Estudios\univalle\2026-1\Desarrollo II\Movify\backend\movify-backend\movify-backend\src\main\java\com\movify\backend\Controlador\AutenticacionControlador.java. Using fallback presentation compiler.
2026.04.16 18:29:29 INFO  no build target found for C:\Users\USUARIO\Desktop\Estudios\univalle\2026-1\Desarrollo II\Movify\backend\movify-backend\movify-backend\src\main\java\com\movify\backend\Controlador\AutenticacionControlador.java. Using fallback presentation compiler.
2026.04.16 18:29:31 INFO  no build target found for C:\Users\USUARIO\Desktop\Estudios\univalle\2026-1\Desarrollo II\Movify\backend\movify-backend\movify-backend\src\main\java\com\movify\backend\Controlador\AutenticacionControlador.java. Using fallback presentation compiler.
2026.04.16 18:29:31 INFO  no build target found for C:\Users\USUARIO\Desktop\Estudios\univalle\2026-1\Desarrollo II\Movify\backend\movify-backend\movify-backend\src\main\java\com\movify\backend\Controlador\AutenticacionControlador.java. Using fallback presentation compiler.
2026.04.16 18:29:34 INFO  no build target found for C:\Users\USUARIO\Desktop\Estudios\univalle\2026-1\Desarrollo II\Movify\backend\movify-backend\movify-backend\src\main\java\com\movify\backend\Controlador\AutenticacionControlador.java. Using fallback presentation compiler.
2026.04.16 18:30:38 INFO  no build target found for C:\Users\USUARIO\Desktop\Estudios\univalle\2026-1\Desarrollo II\Movify\backend\movify-backend\movify-backend\src\main\java\com\movify\backend\Controlador\AutenticacionControlador.java. Using fallback presentation compiler.
2026.04.16 18:30:39 INFO  no build target found for C:\Users\USUARIO\Desktop\Estudios\univalle\2026-1\Desarrollo II\Movify\backend\movify-backend\movify-backend\src\main\java\com\movify\backend\Controlador\AutenticacionControlador.java. Using fallback presentation compiler.
2026.04.16 18:30:39 INFO  no build target found for C:\Users\USUARIO\Desktop\Estudios\univalle\2026-1\Desarrollo II\Movify\backend\movify-backend\movify-backend\src\main\java\com\movify\backend\Controlador\AutenticacionControlador.java. Using fallback presentation compiler.
2026.04.16 18:30:39 INFO  no build target found for C:\Users\USUARIO\Desktop\Estudios\univalle\2026-1\Desarrollo II\Movify\backend\movify-backend\movify-backend\src\main\java\com\movify\backend\Controlador\AutenticacionControlador.java. Using fallback presentation compiler.
2026.04.16 18:30:39 INFO  no build target found for C:\Users\USUARIO\Desktop\Estudios\univalle\2026-1\Desarrollo II\Movify\backend\movify-backend\movify-backend\src\main\java\com\movify\backend\Controlador\AutenticacionControlador.java. Using fallback presentation compiler.
2026.04.16 18:30:39 INFO  no build target found for C:\Users\USUARIO\Desktop\Estudios\univalle\2026-1\Desarrollo II\Movify\backend\movify-backend\movify-backend\src\main\java\com\movify\backend\Controlador\AutenticacionControlador.java. Using fallback presentation compiler.
2026.04.16 18:30:41 INFO  no build target found for C:\Users\USUARIO\Desktop\Estudios\univalle\2026-1\Desarrollo II\Movify\backend\movify-backend\movify-backend\src\main\java\com\movify\backend\Controlador\AutenticacionControlador.java. Using fallback presentation compiler.
abr 16, 2026 6:30:41 P. M. org.eclipse.lsp4j.jsonrpc.RemoteEndpoint handleCancellation
WARNING: Unmatched cancel notification for request id 660
2026.04.16 18:30:41 INFO  no build target found for C:\Users\USUARIO\Desktop\Estudios\univalle\2026-1\Desarrollo II\Movify\backend\movify-backend\movify-backend\src\main\java\com\movify\backend\Controlador\AutenticacionControlador.java. Using fallback presentation compiler.
2026.04.16 18:30:41 INFO  no build target found for C:\Users\USUARIO\Desktop\Estudios\univalle\2026-1\Desarrollo II\Movify\backend\movify-backend\movify-backend\src\main\java\com\movify\backend\Controlador\AutenticacionControlador.java. Using fallback presentation compiler.
2026.04.16 18:30:42 INFO  no build target found for C:\Users\USUARIO\Desktop\Estudios\univalle\2026-1\Desarrollo II\Movify\backend\movify-backend\movify-backend\src\main\java\com\movify\backend\Controlador\AutenticacionControlador.java. Using fallback presentation compiler.
2026.04.16 18:30:42 INFO  no build target found for C:\Users\USUARIO\Desktop\Estudios\univalle\2026-1\Desarrollo II\Movify\backend\movify-backend\movify-backend\src\main\java\com\movify\backend\Controlador\AutenticacionControlador.java. Using fallback presentation compiler.
2026.04.16 18:30:42 INFO  no build target found for C:\Users\USUARIO\Desktop\Estudios\univalle\2026-1\Desarrollo II\Movify\backend\movify-backend\movify-backend\src\main\java\com\movify\backend\Controlador\AutenticacionControlador.java. Using fallback presentation compiler.
2026.04.16 18:30:43 INFO  no build target found for C:\Users\USUARIO\Desktop\Estudios\univalle\2026-1\Desarrollo II\Movify\backend\movify-backend\movify-backend\src\main\java\com\movify\backend\Controlador\AutenticacionControlador.java. Using fallback presentation compiler.
2026.04.16 18:30:43 INFO  no build target found for C:\Users\USUARIO\Desktop\Estudios\univalle\2026-1\Desarrollo II\Movify\backend\movify-backend\movify-backend\src\main\java\com\movify\backend\Controlador\AutenticacionControlador.java. Using fallback presentation compiler.
2026.04.16 18:30:45 INFO  no build target found for C:\Users\USUARIO\Desktop\Estudios\univalle\2026-1\Desarrollo II\Movify\backend\movify-backend\movify-backend\src\main\java\com\movify\backend\Controlador\AutenticacionControlador.java. Using fallback presentation compiler.
2026.04.16 18:30:45 INFO  no build target found for C:\Users\USUARIO\Desktop\Estudios\univalle\2026-1\Desarrollo II\Movify\backend\movify-backend\movify-backend\src\main\java\com\movify\backend\Controlador\AutenticacionControlador.java. Using fallback presentation compiler.
2026.04.16 18:30:45 INFO  no build target found for C:\Users\USUARIO\Desktop\Estudios\univalle\2026-1\Desarrollo II\Movify\backend\movify-backend\movify-backend\src\main\java\com\movify\backend\Controlador\AutenticacionControlador.java. Using fallback presentation compiler.
abr 16, 2026 6:30:45 P. M. org.eclipse.lsp4j.jsonrpc.RemoteEndpoint handleCancellation
WARNING: Unmatched cancel notification for request id 670
2026.04.16 18:30:45 INFO  no build target found for C:\Users\USUARIO\Desktop\Estudios\univalle\2026-1\Desarrollo II\Movify\backend\movify-backend\movify-backend\src\main\java\com\movify\backend\Controlador\AutenticacionControlador.java. Using fallback presentation compiler.
2026.04.16 18:30:45 INFO  no build target found for C:\Users\USUARIO\Desktop\Estudios\univalle\2026-1\Desarrollo II\Movify\backend\movify-backend\movify-backend\src\main\java\com\movify\backend\Controlador\AutenticacionControlador.java. Using fallback presentation compiler.
abr 16, 2026 6:30:45 P. M. org.eclipse.lsp4j.jsonrpc.RemoteEndpoint handleCancellation
WARNING: Unmatched cancel notification for request id 672
2026.04.16 18:30:46 INFO  no build target found for C:\Users\USUARIO\Desktop\Estudios\univalle\2026-1\Desarrollo II\Movify\backend\movify-backend\movify-backend\src\main\java\com\movify\backend\Controlador\AutenticacionControlador.java. Using fallback presentation compiler.
2026.04.16 18:30:46 INFO  no build target found for C:\Users\USUARIO\Desktop\Estudios\univalle\2026-1\Desarrollo II\Movify\backend\movify-backend\movify-backend\src\main\java\com\movify\backend\Controlador\AutenticacionControlador.java. Using fallback presentation compiler.
2026.04.16 18:30:48 INFO  no build target found for C:\Users\USUARIO\Desktop\Estudios\univalle\2026-1\Desarrollo II\Movify\backend\movify-backend\movify-backend\src\main\java\com\movify\backend\Controlador\AutenticacionControlador.java. Using fallback presentation compiler.
2026.04.16 18:30:48 INFO  no build target found for C:\Users\USUARIO\Desktop\Estudios\univalle\2026-1\Desarrollo II\Movify\backend\movify-backend\movify-backend\src\main\java\com\movify\backend\Controlador\AutenticacionControlador.java. Using fallback presentation compiler.
2026.04.16 18:30:48 INFO  no build target found for C:\Users\USUARIO\Desktop\Estudios\univalle\2026-1\Desarrollo II\Movify\backend\movify-backend\movify-backend\src\main\java\com\movify\backend\Controlador\AutenticacionControlador.java. Using fallback presentation compiler.
abr 16, 2026 6:30:48 P. M. org.eclipse.lsp4j.jsonrpc.RemoteEndpoint handleCancellation
WARNING: Unmatched cancel notification for request id 678
2026.04.16 18:30:48 INFO  no build target found for C:\Users\USUARIO\Desktop\Estudios\univalle\2026-1\Desarrollo II\Movify\backend\movify-backend\movify-backend\src\main\java\com\movify\backend\Controlador\AutenticacionControlador.java. Using fallback presentation compiler.
2026.04.16 18:31:02 INFO  no build target found for C:\Users\USUARIO\Desktop\Estudios\univalle\2026-1\Desarrollo II\Movify\backend\movify-backend\movify-backend\src\main\java\com\movify\backend\Controlador\AutenticacionControlador.java. Using fallback presentation compiler.
2026.04.16 18:31:02 INFO  no build target found for C:\Users\USUARIO\Desktop\Estudios\univalle\2026-1\Desarrollo II\Movify\backend\movify-backend\movify-backend\src\main\java\com\movify\backend\Controlador\AutenticacionControlador.java. Using fallback presentation compiler.
2026.04.16 18:34:15 INFO  no build target found for C:\Users\USUARIO\Desktop\Estudios\univalle\2026-1\Desarrollo II\Movify\backend\movify-backend\movify-backend\src\main\java\com\movify\backend\Controlador\AutenticacionControlador.java. Using fallback presentation compiler.
2026.04.16 18:34:15 INFO  no build target found for C:\Users\USUARIO\Desktop\Estudios\univalle\2026-1\Desarrollo II\Movify\backend\movify-backend\movify-backend\src\main\java\com\movify\backend\Controlador\AutenticacionControlador.java. Using fallback presentation compiler.
2026.04.16 18:34:15 INFO  no build target found for C:\Users\USUARIO\Desktop\Estudios\univalle\2026-1\Desarrollo II\Movify\backend\movify-backend\movify-backend\src\main\java\com\movify\backend\Controlador\AutenticacionControlador.java. Using fallback presentation compiler.
2026.04.16 18:34:32 INFO  no build target found for C:\Users\USUARIO\Desktop\Estudios\univalle\2026-1\Desarrollo II\Movify\backend\movify-backend\movify-backend\src\main\java\com\movify\backend\Controlador\AutenticacionControlador.java. Using fallback presentation compiler.
2026.04.16 18:34:32 INFO  no build target found for C:\Users\USUARIO\Desktop\Estudios\univalle\2026-1\Desarrollo II\Movify\backend\movify-backend\movify-backend\src\main\java\com\movify\backend\Controlador\AutenticacionControlador.java. Using fallback presentation compiler.
2026.04.16 18:34:32 INFO  no build target found for C:\Users\USUARIO\Desktop\Estudios\univalle\2026-1\Desarrollo II\Movify\backend\movify-backend\movify-backend\src\main\java\com\movify\backend\Controlador\AutenticacionControlador.java. Using fallback presentation compiler.
2026.04.16 18:34:33 INFO  no build target found for C:\Users\USUARIO\Desktop\Estudios\univalle\2026-1\Desarrollo II\Movify\backend\movify-backend\movify-backend\src\main\java\com\movify\backend\Controlador\AutenticacionControlador.java. Using fallback presentation compiler.
2026.04.16 18:34:33 INFO  no build target found for C:\Users\USUARIO\Desktop\Estudios\univalle\2026-1\Desarrollo II\Movify\backend\movify-backend\movify-backend\src\main\java\com\movify\backend\Controlador\AutenticacionControlador.java. Using fallback presentation compiler.
2026.04.16 18:34:36 INFO  no build target found for C:\Users\USUARIO\Desktop\Estudios\univalle\2026-1\Desarrollo II\Movify\backend\movify-backend\movify-backend\src\main\java\com\movify\backend\Controlador\AutenticacionControlador.java. Using fallback presentation compiler.
2026.04.16 18:35:01 INFO  no build target found for C:\Users\USUARIO\Desktop\Estudios\univalle\2026-1\Desarrollo II\Movify\backend\movify-backend\movify-backend\src\main\java\com\movify\backend\Controlador\AutenticacionControlador.java. Using fallback presentation compiler.
2026.04.16 18:37:11 INFO  no build target found for C:\Users\USUARIO\Desktop\Estudios\univalle\2026-1\Desarrollo II\Movify\backend\movify-backend\movify-backend\src\main\java\com\movify\backend\Controlador\AutenticacionControlador.java. Using fallback presentation compiler.
2026.04.16 18:37:11 INFO  no build target found for C:\Users\USUARIO\Desktop\Estudios\univalle\2026-1\Desarrollo II\Movify\backend\movify-backend\movify-backend\src\main\java\com\movify\backend\Controlador\AutenticacionControlador.java. Using fallback presentation compiler.
2026.04.16 18:37:13 INFO  no build target found for C:\Users\USUARIO\Desktop\Estudios\univalle\2026-1\Desarrollo II\Movify\backend\movify-backend\movify-backend\src\main\java\com\movify\backend\Controlador\AutenticacionControlador.java. Using fallback presentation compiler.
2026.04.16 18:37:13 INFO  no build target found for C:\Users\USUARIO\Desktop\Estudios\univalle\2026-1\Desarrollo II\Movify\backend\movify-backend\movify-backend\src\main\java\com\movify\backend\Controlador\AutenticacionControlador.java. Using fallback presentation compiler.
2026.04.16 18:37:13 INFO  no build target found for C:\Users\USUARIO\Desktop\Estudios\univalle\2026-1\Desarrollo II\Movify\backend\movify-backend\movify-backend\src\main\java\com\movify\backend\Controlador\AutenticacionControlador.java. Using fallback presentation compiler.
2026.04.16 18:37:13 INFO  no build target found for C:\Users\USUARIO\Desktop\Estudios\univalle\2026-1\Desarrollo II\Movify\backend\movify-backend\movify-backend\src\main\java\com\movify\backend\Controlador\AutenticacionControlador.java. Using fallback presentation compiler.
2026.04.16 18:38:03 INFO  no build target found for C:\Users\USUARIO\Desktop\Estudios\univalle\2026-1\Desarrollo II\Movify\backend\movify-backend\movify-backend\src\main\java\com\movify\backend\Controlador\AutenticacionControlador.java. Using fallback presentation compiler.
2026.04.16 18:38:03 INFO  no build target found for C:\Users\USUARIO\Desktop\Estudios\univalle\2026-1\Desarrollo II\Movify\backend\movify-backend\movify-backend\src\main\java\com\movify\backend\Controlador\AutenticacionControlador.java. Using fallback presentation compiler.
abr 16, 2026 6:38:03 P. M. org.eclipse.lsp4j.jsonrpc.RemoteEndpoint handleCancellation
WARNING: Unmatched cancel notification for request id 703
2026.04.16 18:38:03 INFO  no build target found for C:\Users\USUARIO\Desktop\Estudios\univalle\2026-1\Desarrollo II\Movify\backend\movify-backend\movify-backend\src\main\java\com\movify\backend\Controlador\AutenticacionControlador.java. Using fallback presentation compiler.
2026.04.16 18:38:03 INFO  no build target found for C:\Users\USUARIO\Desktop\Estudios\univalle\2026-1\Desarrollo II\Movify\backend\movify-backend\movify-backend\src\main\java\com\movify\backend\Controlador\AutenticacionControlador.java. Using fallback presentation compiler.
2026.04.16 18:38:09 INFO  no build target found for C:\Users\USUARIO\Desktop\Estudios\univalle\2026-1\Desarrollo II\Movify\backend\movify-backend\movify-backend\src\main\java\com\movify\backend\Controlador\AutenticacionControlador.java. Using fallback presentation compiler.
2026.04.16 18:39:24 INFO  no build target found for C:\Users\USUARIO\Desktop\Estudios\univalle\2026-1\Desarrollo II\Movify\backend\movify-backend\movify-backend\src\main\java\com\movify\backend\Controlador\AutenticacionControlador.java. Using fallback presentation compiler.
2026.04.16 18:39:24 INFO  no build target found for C:\Users\USUARIO\Desktop\Estudios\univalle\2026-1\Desarrollo II\Movify\backend\movify-backend\movify-backend\src\main\java\com\movify\backend\Controlador\AutenticacionControlador.java. Using fallback presentation compiler.
2026.04.16 18:39:26 INFO  no build target found for C:\Users\USUARIO\Desktop\Estudios\univalle\2026-1\Desarrollo II\Movify\backend\movify-backend\movify-backend\src\main\java\com\movify\backend\Controlador\AutenticacionControlador.java. Using fallback presentation compiler.
2026.04.16 18:39:26 INFO  no build target found for C:\Users\USUARIO\Desktop\Estudios\univalle\2026-1\Desarrollo II\Movify\backend\movify-backend\movify-backend\src\main\java\com\movify\backend\Controlador\AutenticacionControlador.java. Using fallback presentation compiler.
2026.04.16 18:39:26 INFO  no build target found for C:\Users\USUARIO\Desktop\Estudios\univalle\2026-1\Desarrollo II\Movify\backend\movify-backend\movify-backend\src\main\java\com\movify\backend\Controlador\AutenticacionControlador.java. Using fallback presentation compiler.
2026.04.16 18:39:29 INFO  no build target found for C:\Users\USUARIO\Desktop\Estudios\univalle\2026-1\Desarrollo II\Movify\backend\movify-backend\movify-backend\src\main\java\com\movify\backend\Controlador\AutenticacionControlador.java. Using fallback presentation compiler.
2026.04.16 18:39:30 INFO  no build target found for C:\Users\USUARIO\Desktop\Estudios\univalle\2026-1\Desarrollo II\Movify\backend\movify-backend\movify-backend\src\main\java\com\movify\backend\Controlador\AutenticacionControlador.java. Using fallback presentation compiler.
2026.04.16 18:39:30 INFO  no build target found for C:\Users\USUARIO\Desktop\Estudios\univalle\2026-1\Desarrollo II\Movify\backend\movify-backend\movify-backend\src\main\java\com\movify\backend\Controlador\AutenticacionControlador.java. Using fallback presentation compiler.
2026.04.16 18:39:30 INFO  no build target found for C:\Users\USUARIO\Desktop\Estudios\univalle\2026-1\Desarrollo II\Movify\backend\movify-backend\movify-backend\src\main\java\com\movify\backend\Controlador\AutenticacionControlador.java. Using fallback presentation compiler.
2026.04.16 18:39:30 INFO  no build target found for C:\Users\USUARIO\Desktop\Estudios\univalle\2026-1\Desarrollo II\Movify\backend\movify-backend\movify-backend\src\main\java\com\movify\backend\Controlador\AutenticacionControlador.java. Using fallback presentation compiler.
abr 16, 2026 6:39:31 P. M. org.eclipse.lsp4j.jsonrpc.RemoteEndpoint handleCancellation
WARNING: Unmatched cancel notification for request id 718
2026.04.16 18:39:30 INFO  no build target found for C:\Users\USUARIO\Desktop\Estudios\univalle\2026-1\Desarrollo II\Movify\backend\movify-backend\movify-backend\src\main\java\com\movify\backend\Controlador\AutenticacionControlador.java. Using fallback presentation compiler.
2026.04.16 18:39:55 INFO  no build target found for C:\Users\USUARIO\Desktop\Estudios\univalle\2026-1\Desarrollo II\Movify\backend\movify-backend\movify-backend\src\main\java\com\movify\backend\Controlador\AutenticacionControlador.java. Using fallback presentation compiler.
2026.04.16 18:43:49 INFO  no build target found for C:\Users\USUARIO\Desktop\Estudios\univalle\2026-1\Desarrollo II\Movify\backend\movify-backend\movify-backend\src\main\java\com\movify\backend\Controlador\AutenticacionControlador.java. Using fallback presentation compiler.
2026.04.16 18:43:51 INFO  no build target found for C:\Users\USUARIO\Desktop\Estudios\univalle\2026-1\Desarrollo II\Movify\backend\movify-backend\movify-backend\src\main\java\com\movify\backend\Controlador\AutenticacionControlador.java. Using fallback presentation compiler.
2026.04.16 18:43:51 INFO  no build target found for C:\Users\USUARIO\Desktop\Estudios\univalle\2026-1\Desarrollo II\Movify\backend\movify-backend\movify-backend\src\main\java\com\movify\backend\Controlador\AutenticacionControlador.java. Using fallback presentation compiler.
2026.04.16 18:43:52 INFO  no build target found for C:\Users\USUARIO\Desktop\Estudios\univalle\2026-1\Desarrollo II\Movify\backend\movify-backend\movify-backend\src\main\java\com\movify\backend\Controlador\AutenticacionControlador.java. Using fallback presentation compiler.
2026.04.16 18:43:52 INFO  no build target found for C:\Users\USUARIO\Desktop\Estudios\univalle\2026-1\Desarrollo II\Movify\backend\movify-backend\movify-backend\src\main\java\com\movify\backend\Controlador\AutenticacionControlador.java. Using fallback presentation compiler.
2026.04.16 18:46:09 INFO  no build target found for C:\Users\USUARIO\Desktop\Estudios\univalle\2026-1\Desarrollo II\Movify\backend\movify-backend\movify-backend\src\main\java\com\movify\backend\Controlador\AutenticacionControlador.java. Using fallback presentation compiler.
2026.04.16 18:46:09 INFO  no build target found for C:\Users\USUARIO\Desktop\Estudios\univalle\2026-1\Desarrollo II\Movify\backend\movify-backend\movify-backend\src\main\java\com\movify\backend\Controlador\AutenticacionControlador.java. Using fallback presentation compiler.
2026.04.16 18:46:10 INFO  no build target found for C:\Users\USUARIO\Desktop\Estudios\univalle\2026-1\Desarrollo II\Movify\backend\movify-backend\movify-backend\src\main\java\com\movify\backend\Controlador\AutenticacionControlador.java. Using fallback presentation compiler.
2026.04.16 18:46:11 INFO  no build target found for C:\Users\USUARIO\Desktop\Estudios\univalle\2026-1\Desarrollo II\Movify\backend\movify-backend\movify-backend\src\main\java\com\movify\backend\Controlador\AutenticacionControlador.java. Using fallback presentation compiler.
2026.04.16 18:46:13 INFO  no build target found for C:\Users\USUARIO\Desktop\Estudios\univalle\2026-1\Desarrollo II\Movify\backend\movify-backend\movify-backend\src\main\java\com\movify\backend\Controlador\AutenticacionControlador.java. Using fallback presentation compiler.
2026.04.16 18:46:16 INFO  no build target found for C:\Users\USUARIO\Desktop\Estudios\univalle\2026-1\Desarrollo II\Movify\backend\movify-backend\movify-backend\src\main\java\com\movify\backend\Controlador\AutenticacionControlador.java. Using fallback presentation compiler.
2026.04.16 18:46:18 INFO  no build target found for C:\Users\USUARIO\Desktop\Estudios\univalle\2026-1\Desarrollo II\Movify\backend\movify-backend\movify-backend\src\main\java\com\movify\backend\Controlador\AutenticacionControlador.java. Using fallback presentation compiler.
2026.04.16 18:46:20 INFO  no build target found for C:\Users\USUARIO\Desktop\Estudios\univalle\2026-1\Desarrollo II\Movify\backend\movify-backend\movify-backend\src\main\java\com\movify\backend\Controlador\AutenticacionControlador.java. Using fallback presentation compiler.
2026.04.16 18:46:21 INFO  no build target found for C:\Users\USUARIO\Desktop\Estudios\univalle\2026-1\Desarrollo II\Movify\backend\movify-backend\movify-backend\src\main\java\com\movify\backend\Controlador\AutenticacionControlador.java. Using fallback presentation compiler.
2026.04.16 18:54:08 INFO  no build target found for C:\Users\USUARIO\Desktop\Estudios\univalle\2026-1\Desarrollo II\Movify\backend\movify-backend\movify-backend\src\main\java\com\movify\backend\Controlador\AutenticacionControlador.java. Using fallback presentation compiler.
2026.04.16 18:56:23 INFO  no build target found for C:\Users\USUARIO\Desktop\Estudios\univalle\2026-1\Desarrollo II\Movify\backend\movify-backend\movify-backend\src\main\java\com\movify\backend\Controlador\AutenticacionControlador.java. Using fallback presentation compiler.
2026.04.16 19:04:57 INFO  no build target found for C:\Users\USUARIO\Desktop\Estudios\univalle\2026-1\Desarrollo II\Movify\backend\movify-backend\movify-backend\src\main\java\com\movify\backend\Controlador\AutenticacionControlador.java. Using fallback presentation compiler.
2026.04.16 19:05:00 INFO  no build target found for C:\Users\USUARIO\Desktop\Estudios\univalle\2026-1\Desarrollo II\Movify\backend\movify-backend\movify-backend\src\main\java\com\movify\backend\Controlador\AutenticacionControlador.java. Using fallback presentation compiler.
2026.04.16 19:05:00 INFO  no build target found for C:\Users\USUARIO\Desktop\Estudios\univalle\2026-1\Desarrollo II\Movify\backend\movify-backend\movify-backend\src\main\java\com\movify\backend\Controlador\AutenticacionControlador.java. Using fallback presentation compiler.
2026.04.16 19:05:30 INFO  no build target found for C:\Users\USUARIO\Desktop\Estudios\univalle\2026-1\Desarrollo II\Movify\backend\movify-backend\movify-backend\src\main\java\com\movify\backend\Controlador\AutenticacionControlador.java. Using fallback presentation compiler.
2026.04.16 19:05:30 INFO  no build target found for C:\Users\USUARIO\Desktop\Estudios\univalle\2026-1\Desarrollo II\Movify\backend\movify-backend\movify-backend\src\main\java\com\movify\backend\Controlador\AutenticacionControlador.java. Using fallback presentation compiler.
2026.04.16 19:05:30 INFO  no build target found for C:\Users\USUARIO\Desktop\Estudios\univalle\2026-1\Desarrollo II\Movify\backend\movify-backend\movify-backend\src\main\java\com\movify\backend\Controlador\AutenticacionControlador.java. Using fallback presentation compiler.
2026.04.16 19:05:31 INFO  no build target found for C:\Users\USUARIO\Desktop\Estudios\univalle\2026-1\Desarrollo II\Movify\backend\movify-backend\movify-backend\src\main\java\com\movify\backend\Controlador\AutenticacionControlador.java. Using fallback presentation compiler.
2026.04.16 19:05:31 INFO  no build target found for C:\Users\USUARIO\Desktop\Estudios\univalle\2026-1\Desarrollo II\Movify\backend\movify-backend\movify-backend\src\main\java\com\movify\backend\Controlador\AutenticacionControlador.java. Using fallback presentation compiler.
2026.04.16 19:05:39 INFO  no build target found for C:\Users\USUARIO\Desktop\Estudios\univalle\2026-1\Desarrollo II\Movify\backend\movify-backend\movify-backend\src\main\java\com\movify\backend\Controlador\AutenticacionControlador.java. Using fallback presentation compiler.
2026.04.16 19:05:39 INFO  no build target found for C:\Users\USUARIO\Desktop\Estudios\univalle\2026-1\Desarrollo II\Movify\backend\movify-backend\movify-backend\src\main\java\com\movify\backend\Controlador\AutenticacionControlador.java. Using fallback presentation compiler.
2026.04.16 19:05:43 INFO  no build target found for C:\Users\USUARIO\Desktop\Estudios\univalle\2026-1\Desarrollo II\Movify\backend\movify-backend\movify-backend\src\main\java\com\movify\backend\Controlador\AutenticacionControlador.java. Using fallback presentation compiler.
2026.04.16 19:05:43 INFO  no build target found for C:\Users\USUARIO\Desktop\Estudios\univalle\2026-1\Desarrollo II\Movify\backend\movify-backend\movify-backend\src\main\java\com\movify\backend\Controlador\AutenticacionControlador.java. Using fallback presentation compiler.
2026.04.16 19:11:49 INFO  no build target found for C:\Users\USUARIO\Desktop\Estudios\univalle\2026-1\Desarrollo II\Movify\backend\movify-backend\movify-backend\src\main\java\com\movify\backend\Controlador\AutenticacionControlador.java. Using fallback presentation compiler.
2026.04.16 19:11:53 INFO  no build target found for C:\Users\USUARIO\Desktop\Estudios\univalle\2026-1\Desarrollo II\Movify\backend\movify-backend\movify-backend\src\main\java\com\movify\backend\Controlador\AutenticacionControlador.java. Using fallback presentation compiler.
2026.04.16 19:57:27 INFO  no build target found for C:\Users\USUARIO\Desktop\Estudios\univalle\2026-1\Desarrollo II\Movify\backend\movify-backend\movify-backend\src\main\java\com\movify\backend\Controlador\AutenticacionControlador.java. Using fallback presentation compiler.
2026.04.16 19:57:28 INFO  no build target found for C:\Users\USUARIO\Desktop\Estudios\univalle\2026-1\Desarrollo II\Movify\backend\movify-backend\movify-backend\src\main\java\com\movify\backend\Controlador\AutenticacionControlador.java. Using fallback presentation compiler.
2026.04.16 19:57:30 INFO  no build target found for C:\Users\USUARIO\Desktop\Estudios\univalle\2026-1\Desarrollo II\Movify\backend\movify-backend\movify-backend\src\main\java\com\movify\backend\Controlador\AutenticacionControlador.java. Using fallback presentation compiler.
2026.04.16 19:57:30 INFO  no build target found for C:\Users\USUARIO\Desktop\Estudios\univalle\2026-1\Desarrollo II\Movify\backend\movify-backend\movify-backend\src\main\java\com\movify\backend\Controlador\AutenticacionControlador.java. Using fallback presentation compiler.
2026.04.16 19:57:30 INFO  no build target found for C:\Users\USUARIO\Desktop\Estudios\univalle\2026-1\Desarrollo II\Movify\backend\movify-backend\movify-backend\src\main\java\com\movify\backend\Controlador\AutenticacionControlador.java. Using fallback presentation compiler.
abr 16, 2026 7:57:30 P. M. org.eclipse.lsp4j.jsonrpc.RemoteEndpoint handleCancellation
WARNING: Unmatched cancel notification for request id 764
2026.04.16 19:57:30 INFO  no build target found for C:\Users\USUARIO\Desktop\Estudios\univalle\2026-1\Desarrollo II\Movify\backend\movify-backend\movify-backend\src\main\java\com\movify\backend\Controlador\AutenticacionControlador.java. Using fallback presentation compiler.
2026.04.16 19:57:30 INFO  no build target found for C:\Users\USUARIO\Desktop\Estudios\univalle\2026-1\Desarrollo II\Movify\backend\movify-backend\movify-backend\src\main\java\com\movify\backend\Controlador\AutenticacionControlador.java. Using fallback presentation compiler.
2026.04.16 19:58:12 INFO  no build target found for C:\Users\USUARIO\Desktop\Estudios\univalle\2026-1\Desarrollo II\Movify\backend\movify-backend\movify-backend\src\main\java\com\movify\backend\Controlador\AutenticacionControlador.java. Using fallback presentation compiler.
2026.04.16 19:58:12 INFO  no build target found for C:\Users\USUARIO\Desktop\Estudios\univalle\2026-1\Desarrollo II\Movify\backend\movify-backend\movify-backend\src\main\java\com\movify\backend\Controlador\AutenticacionControlador.java. Using fallback presentation compiler.
2026.04.16 19:58:22 INFO  no build target found for C:\Users\USUARIO\Desktop\Estudios\univalle\2026-1\Desarrollo II\Movify\backend\movify-backend\movify-backend\src\main\java\com\movify\backend\Controlador\AutenticacionControlador.java. Using fallback presentation compiler.
2026.04.16 19:58:22 INFO  no build target found for C:\Users\USUARIO\Desktop\Estudios\univalle\2026-1\Desarrollo II\Movify\backend\movify-backend\movify-backend\src\main\java\com\movify\backend\Controlador\AutenticacionControlador.java. Using fallback presentation compiler.
2026.04.16 19:58:22 INFO  no build target found for C:\Users\USUARIO\Desktop\Estudios\univalle\2026-1\Desarrollo II\Movify\backend\movify-backend\movify-backend\src\main\java\com\movify\backend\Controlador\AutenticacionControlador.java. Using fallback presentation compiler.
2026.04.16 19:58:22 INFO  no build target found for C:\Users\USUARIO\Desktop\Estudios\univalle\2026-1\Desarrollo II\Movify\backend\movify-backend\movify-backend\src\main\java\com\movify\backend\Controlador\AutenticacionControlador.java. Using fallback presentation compiler.
2026.04.16 20:13:56 INFO  no build target found for C:\Users\USUARIO\Desktop\Estudios\univalle\2026-1\Desarrollo II\Movify\backend\movify-backend\movify-backend\src\main\java\com\movify\backend\Controlador\AutenticacionControlador.java. Using fallback presentation compiler.
2026.04.16 20:41:31 INFO  no build target found for C:\Users\USUARIO\Desktop\Estudios\univalle\2026-1\Desarrollo II\Movify\backend\movify-backend\movify-backend\src\main\java\com\movify\backend\Controlador\AutenticacionControlador.java. Using fallback presentation compiler.
2026.04.16 20:42:01 INFO  Shutting down server
2026.04.16 20:42:01 INFO  Memory monitor stopped
2026.04.16 20:42:01 INFO  shutting down Metals
2026.04.16 20:42:01 INFO  Exiting server
2026.04.16 20:55:07 INFO  Started: Metals version 1.6.7 in folders 'C:\Users\USUARIO\Desktop\Estudios\univalle\2026-1\Desarrollo II\Movify\backend\movify-backend' for client Visual Studio Code 1.116.0.
2026.04.16 20:55:07 INFO  Memory monitor started
2026.04.16 20:55:09 WARN  Using H2 2.4.240 which is newer than the version Flyway has been verified with. The latest verified version of H2 is 2.3.232.
2026.04.16 20:55:09 INFO  no build target found for C:\Users\USUARIO\Desktop\Estudios\univalle\2026-1\Desarrollo II\Movify\backend\movify-backend\movify-backend\src\main\java\com\movify\backend\Controlador\AutenticacionControlador.java. Using fallback presentation compiler.
2026.04.16 20:55:11 INFO  no build target found for C:\Users\USUARIO\Desktop\Estudios\univalle\2026-1\Desarrollo II\Movify\backend\movify-backend\movify-backend\src\main\java\com\movify\backend\Controlador\AutenticacionControlador.java. Using fallback presentation compiler.
2026.04.16 20:55:21 INFO  no build target found for C:\Users\USUARIO\Desktop\Estudios\univalle\2026-1\Desarrollo II\Movify\backend\movify-backend\movify-backend\src\main\java\com\movify\backend\Controlador\AutenticacionControlador.java. Using fallback presentation compiler.
2026.04.16 20:55:21 INFO  no build target found for C:\Users\USUARIO\Desktop\Estudios\univalle\2026-1\Desarrollo II\Movify\backend\movify-backend\movify-backend\src\main\java\com\movify\backend\Controlador\AutenticacionControlador.java. Using fallback presentation compiler.
2026.04.16 20:55:21 INFO  no build target found for C:\Users\USUARIO\Desktop\Estudios\univalle\2026-1\Desarrollo II\Movify\backend\movify-backend\movify-backend\src\main\java\com\movify\backend\Controlador\AutenticacionControlador.java. Using fallback presentation compiler.
2026.04.16 20:55:22 INFO  no build target found for C:\Users\USUARIO\Desktop\Estudios\univalle\2026-1\Desarrollo II\Movify\backend\movify-backend\movify-backend\src\main\java\com\movify\backend\Controlador\AutenticacionControlador.java. Using fallback presentation compiler.
abr 16, 2026 8:55:22 P. M. org.eclipse.lsp4j.jsonrpc.RemoteEndpoint handleCancellation
WARNING: Unmatched cancel notification for request id 9
abr 16, 2026 8:55:22 P. M. org.eclipse.lsp4j.jsonrpc.RemoteEndpoint handleCancellation
WARNING: Unmatched cancel notification for request id 10
abr 16, 2026 8:55:22 P. M. org.eclipse.lsp4j.jsonrpc.RemoteEndpoint handleCancellation
WARNING: Unmatched cancel notification for request id 11
2026.04.16 20:55:22 INFO  no build target found for C:\Users\USUARIO\Desktop\Estudios\univalle\2026-1\Desarrollo II\Movify\backend\movify-backend\movify-backend\src\main\java\com\movify\backend\Controlador\AutenticacionControlador.java. Using fallback presentation compiler.
2026.04.16 20:55:22 INFO  no build target found for C:\Users\USUARIO\Desktop\Estudios\univalle\2026-1\Desarrollo II\Movify\backend\movify-backend\movify-backend\src\main\java\com\movify\backend\Controlador\AutenticacionControlador.java. Using fallback presentation compiler.
2026.04.16 20:55:25 INFO  no build target found for C:\Users\USUARIO\Desktop\Estudios\univalle\2026-1\Desarrollo II\Movify\backend\movify-backend\movify-backend\src\main\java\com\movify\backend\Controlador\AutenticacionControlador.java. Using fallback presentation compiler.
2026.04.16 20:55:40 INFO  no build target found for C:\Users\USUARIO\Desktop\Estudios\univalle\2026-1\Desarrollo II\Movify\backend\movify-backend\movify-backend\src\main\java\com\movify\backend\Controlador\AutenticacionControlador.java. Using fallback presentation compiler.
2026.04.16 20:55:58 INFO  no build target found for C:\Users\USUARIO\Desktop\Estudios\univalle\2026-1\Desarrollo II\Movify\backend\movify-backend\movify-backend\src\main\java\com\movify\backend\Controlador\AutenticacionControlador.java. Using fallback presentation compiler.
2026.04.16 20:56:00 INFO  no build target found for C:\Users\USUARIO\Desktop\Estudios\univalle\2026-1\Desarrollo II\Movify\backend\movify-backend\movify-backend\src\main\java\com\movify\backend\Controlador\AutenticacionControlador.java. Using fallback presentation compiler.
2026.04.16 20:56:05 INFO  no build target found for C:\Users\USUARIO\Desktop\Estudios\univalle\2026-1\Desarrollo II\Movify\backend\movify-backend\movify-backend\src\main\java\com\movify\backend\Controlador\AutenticacionControlador.java. Using fallback presentation compiler.
2026.04.16 20:56:14 WARN  no build target for: C:\Users\USUARIO\Desktop\Estudios\univalle\2026-1\Desarrollo II\Movify\backend\movify-backend\movify-backend\src\main\java\com\movify\backend\Controlador\AutenticacionControlador.java
2026.04.16 20:56:15 INFO  no build target found for C:\Users\USUARIO\Desktop\Estudios\univalle\2026-1\Desarrollo II\Movify\backend\movify-backend\movify-backend\src\main\java\com\movify\backend\Controlador\AutenticacionControlador.java. Using fallback presentation compiler.
2026.04.16 20:56:15 WARN  Running javac-semanticdb failed for file:///C:/Users/USUARIO/Desktop/Estudios/univalle/2026-1/Desarrollo%20II/Movify/backend/movify-backend/movify-backend/src/main/java/com/movify/backend/Controlador/AutenticacionControlador.java. Output:

2026.04.16 20:56:20 INFO  no build target found for C:\Users\USUARIO\Desktop\Estudios\univalle\2026-1\Desarrollo II\Movify\backend\movify-backend\movify-backend\src\main\java\com\movify\backend\Controlador\AutenticacionControlador.java. Using fallback presentation compiler.
2026.04.16 20:56:21 INFO  no build target found for C:\Users\USUARIO\Desktop\Estudios\univalle\2026-1\Desarrollo II\Movify\backend\movify-backend\movify-backend\src\main\java\com\movify\backend\Controlador\AutenticacionControlador.java. Using fallback presentation compiler.
2026.04.16 20:56:22 INFO  no build target found for C:\Users\USUARIO\Desktop\Estudios\univalle\2026-1\Desarrollo II\Movify\backend\movify-backend\movify-backend\src\main\java\com\movify\backend\Controlador\AutenticacionControlador.java. Using fallback presentation compiler.
2026.04.16 21:08:49 INFO  no build target found for C:\Users\USUARIO\Desktop\Estudios\univalle\2026-1\Desarrollo II\Movify\backend\movify-backend\movify-backend\src\main\java\com\movify\backend\Controlador\AutenticacionControlador.java. Using fallback presentation compiler.
2026.04.16 21:31:06 INFO  no build target found for C:\Users\USUARIO\Desktop\Estudios\univalle\2026-1\Desarrollo II\Movify\backend\movify-backend\movify-backend\src\main\java\com\movify\backend\Controlador\AutenticacionControlador.java. Using fallback presentation compiler.
2026.04.16 21:31:06 INFO  no build target found for C:\Users\USUARIO\Desktop\Estudios\univalle\2026-1\Desarrollo II\Movify\backend\movify-backend\movify-backend\src\main\java\com\movify\backend\Controlador\AutenticacionControlador.java. Using fallback presentation compiler.
2026.04.16 21:31:06 INFO  no build target found for C:\Users\USUARIO\Desktop\Estudios\univalle\2026-1\Desarrollo II\Movify\backend\movify-backend\movify-backend\src\main\java\com\movify\backend\Controlador\AutenticacionControlador.java. Using fallback presentation compiler.
abr 16, 2026 9:31:07 P. M. org.eclipse.lsp4j.jsonrpc.RemoteEndpoint handleCancellation
WARNING: Unmatched cancel notification for request id 47
2026.04.16 21:42:06 INFO  no build target found for C:\Users\USUARIO\Desktop\Estudios\univalle\2026-1\Desarrollo II\Movify\backend\movify-backend\movify-backend\src\main\java\com\movify\backend\Controlador\AutenticacionControlador.java. Using fallback presentation compiler.
2026.04.16 21:42:06 INFO  no build target found for C:\Users\USUARIO\Desktop\Estudios\univalle\2026-1\Desarrollo II\Movify\backend\movify-backend\movify-backend\src\main\java\com\movify\backend\Controlador\AutenticacionControlador.java. Using fallback presentation compiler.
2026.04.16 21:42:06 INFO  no build target found for C:\Users\USUARIO\Desktop\Estudios\univalle\2026-1\Desarrollo II\Movify\backend\movify-backend\movify-backend\src\main\java\com\movify\backend\Controlador\AutenticacionControlador.java. Using fallback presentation compiler.
2026.04.16 21:42:06 INFO  no build target found for C:\Users\USUARIO\Desktop\Estudios\univalle\2026-1\Desarrollo II\Movify\backend\movify-backend\movify-backend\src\main\java\com\movify\backend\Controlador\AutenticacionControlador.java. Using fallback presentation compiler.
2026.04.16 21:42:06 INFO  no build target found for C:\Users\USUARIO\Desktop\Estudios\univalle\2026-1\Desarrollo II\Movify\backend\movify-backend\movify-backend\src\main\java\com\movify\backend\Controlador\AutenticacionControlador.java. Using fallback presentation compiler.
2026.04.16 21:42:08 INFO  no build target found for C:\Users\USUARIO\Desktop\Estudios\univalle\2026-1\Desarrollo II\Movify\backend\movify-backend\movify-backend\src\main\java\com\movify\backend\Controlador\AutenticacionControlador.java. Using fallback presentation compiler.
2026.04.16 21:48:16 INFO  no build target found for C:\Users\USUARIO\Desktop\Estudios\univalle\2026-1\Desarrollo II\Movify\backend\movify-backend\movify-backend\src\main\java\com\movify\backend\Controlador\AutenticacionControlador.java. Using fallback presentation compiler.
2026.04.16 22:05:11 INFO  no build target found for C:\Users\USUARIO\Desktop\Estudios\univalle\2026-1\Desarrollo II\Movify\backend\movify-backend\movify-backend\src\main\java\com\movify\backend\Controlador\AutenticacionControlador.java. Using fallback presentation compiler.
2026.04.16 22:05:13 INFO  no build target found for C:\Users\USUARIO\Desktop\Estudios\univalle\2026-1\Desarrollo II\Movify\backend\movify-backend\movify-backend\src\main\java\com\movify\backend\Controlador\AutenticacionControlador.java. Using fallback presentation compiler.
2026.04.16 22:07:33 INFO  no build target found for C:\Users\USUARIO\Desktop\Estudios\univalle\2026-1\Desarrollo II\Movify\backend\movify-backend\movify-backend\src\main\java\com\movify\backend\Controlador\AutenticacionControlador.java. Using fallback presentation compiler.
2026.04.16 22:08:04 INFO  no build target found for C:\Users\USUARIO\Desktop\Estudios\univalle\2026-1\Desarrollo II\Movify\backend\movify-backend\movify-backend\src\main\java\com\movify\backend\Controlador\AutenticacionControlador.java. Using fallback presentation compiler.
2026.04.16 22:08:04 INFO  no build target found for C:\Users\USUARIO\Desktop\Estudios\univalle\2026-1\Desarrollo II\Movify\backend\movify-backend\movify-backend\src\main\java\com\movify\backend\Controlador\AutenticacionControlador.java. Using fallback presentation compiler.
2026.04.16 22:14:10 INFO  no build target found for C:\Users\USUARIO\Desktop\Estudios\univalle\2026-1\Desarrollo II\Movify\backend\movify-backend\movify-backend\src\main\java\com\movify\backend\Controlador\AutenticacionControlador.java. Using fallback presentation compiler.
2026.04.16 22:14:11 INFO  no build target found for C:\Users\USUARIO\Desktop\Estudios\univalle\2026-1\Desarrollo II\Movify\backend\movify-backend\movify-backend\src\main\java\com\movify\backend\Controlador\AutenticacionControlador.java. Using fallback presentation compiler.
2026.04.16 22:14:11 INFO  no build target found for C:\Users\USUARIO\Desktop\Estudios\univalle\2026-1\Desarrollo II\Movify\backend\movify-backend\movify-backend\src\main\java\com\movify\backend\Controlador\AutenticacionControlador.java. Using fallback presentation compiler.
2026.04.16 22:14:13 INFO  no build target found for C:\Users\USUARIO\Desktop\Estudios\univalle\2026-1\Desarrollo II\Movify\backend\movify-backend\movify-backend\src\main\java\com\movify\backend\Controlador\AutenticacionControlador.java. Using fallback presentation compiler.
2026.04.16 22:14:13 INFO  no build target found for C:\Users\USUARIO\Desktop\Estudios\univalle\2026-1\Desarrollo II\Movify\backend\movify-backend\movify-backend\src\main\java\com\movify\backend\Controlador\AutenticacionControlador.java. Using fallback presentation compiler.
2026.04.16 22:14:13 INFO  no build target found for C:\Users\USUARIO\Desktop\Estudios\univalle\2026-1\Desarrollo II\Movify\backend\movify-backend\movify-backend\src\main\java\com\movify\backend\Controlador\AutenticacionControlador.java. Using fallback presentation compiler.
2026.04.16 22:14:14 INFO  no build target found for C:\Users\USUARIO\Desktop\Estudios\univalle\2026-1\Desarrollo II\Movify\backend\movify-backend\movify-backend\src\main\java\com\movify\backend\Controlador\AutenticacionControlador.java. Using fallback presentation compiler.
2026.04.16 22:14:21 INFO  no build target found for C:\Users\USUARIO\Desktop\Estudios\univalle\2026-1\Desarrollo II\Movify\backend\movify-backend\movify-backend\src\main\java\com\movify\backend\Controlador\AutenticacionControlador.java. Using fallback presentation compiler.
2026.04.16 22:14:21 WARN  no build target for: C:\Users\USUARIO\Desktop\Estudios\univalle\2026-1\Desarrollo II\Movify\backend\movify-backend\movify-backend\src\main\java\com\movify\backend\Controlador\AutenticacionControlador.java
2026.04.16 22:14:21 INFO  no build target found for C:\Users\USUARIO\Desktop\Estudios\univalle\2026-1\Desarrollo II\Movify\backend\movify-backend\movify-backend\src\main\java\com\movify\backend\Controlador\AutenticacionControlador.java. Using fallback presentation compiler.
2026.04.16 22:14:21 INFO  no build target found for C:\Users\USUARIO\Desktop\Estudios\univalle\2026-1\Desarrollo II\Movify\backend\movify-backend\movify-backend\src\main\java\com\movify\backend\Controlador\AutenticacionControlador.java. Using fallback presentation compiler.
2026.04.16 22:14:22 WARN  Running javac-semanticdb failed for file:///C:/Users/USUARIO/Desktop/Estudios/univalle/2026-1/Desarrollo%20II/Movify/backend/movify-backend/movify-backend/src/main/java/com/movify/backend/Controlador/AutenticacionControlador.java. Output:

2026.04.16 22:14:23 INFO  Shutting down server
2026.04.16 22:14:23 INFO  Memory monitor stopped
2026.04.16 22:14:23 INFO  shutting down Metals
2026.04.16 22:14:23 INFO  Exiting server
2026.04.16 22:14:23 ERROR Unexpected error initializing server: 
org.eclipse.lsp4j.jsonrpc.ResponseErrorException: Request window/showMessageRequest failed with message: Canceled
	at org.eclipse.lsp4j.jsonrpc.RemoteEndpoint.handleResponse(RemoteEndpoint.java:214)
	at org.eclipse.lsp4j.jsonrpc.RemoteEndpoint.consume(RemoteEndpoint.java:198)
	at org.eclipse.lsp4j.jsonrpc.json.StreamMessageProducer.handleMessage(StreamMessageProducer.java:189)
	at org.eclipse.lsp4j.jsonrpc.json.StreamMessageProducer.listen(StreamMessageProducer.java:97)
	at org.eclipse.lsp4j.jsonrpc.json.ConcurrentMessageProcessor.run(ConcurrentMessageProcessor.java:97)
	at java.util.concurrent.Executors$RunnableAdapter.call(Executors.java:545)
	at java.util.concurrent.FutureTask.run(FutureTask.java:328)
	at java.util.concurrent.ThreadPoolExecutor.runWorker(ThreadPoolExecutor.java:1090)
	at java.util.concurrent.ThreadPoolExecutor$Worker.run(ThreadPoolExecutor.java:614)
	at java.lang.Thread.run(Thread.java:1474)

2026.04.16 22:33:59 INFO  Started: Metals version 1.6.7 in folders 'C:\Users\USUARIO\Desktop\Estudios\univalle\2026-1\Desarrollo II\Movify\backend\movify-backend' for client Visual Studio Code 1.116.0.
2026.04.16 22:34:07 INFO  Memory monitor started
2026.04.16 22:34:15 WARN  Using H2 2.4.240 which is newer than the version Flyway has been verified with. The latest verified version of H2 is 2.3.232.
abr 16, 2026 10:34:19 P. M. org.eclipse.lsp4j.jsonrpc.services.GenericEndpoint notify
INFO: Unsupported notification method: $/setTrace
2026.04.16 22:34:21 INFO  no build target found for C:\Users\USUARIO\Desktop\Estudios\univalle\2026-1\Desarrollo II\Movify\backend\movify-backend\movify-backend\src\main\java\com\movify\backend\Controlador\AutenticacionControlador.java. Using fallback presentation compiler.
2026.04.16 22:34:25 INFO  no build target found for C:\Users\USUARIO\Desktop\Estudios\univalle\2026-1\Desarrollo II\Movify\backend\movify-backend\movify-backend\src\main\java\com\movify\backend\Controlador\AutenticacionControlador.java. Using fallback presentation compiler.
2026.04.16 22:34:25 INFO  no build target found for C:\Users\USUARIO\Desktop\Estudios\univalle\2026-1\Desarrollo II\Movify\backend\movify-backend\movify-backend\src\main\java\com\movify\backend\Controlador\AutenticacionControlador.java. Using fallback presentation compiler.
2026.04.16 22:34:25 INFO  no build target found for C:\Users\USUARIO\Desktop\Estudios\univalle\2026-1\Desarrollo II\Movify\backend\movify-backend\movify-backend\src\main\java\com\movify\backend\Controlador\AutenticacionControlador.java. Using fallback presentation compiler.
abr 16, 2026 10:34:26 P. M. org.eclipse.lsp4j.jsonrpc.RemoteEndpoint handleCancellation
WARNING: Unmatched cancel notification for request id 2
abr 16, 2026 10:34:26 P. M. org.eclipse.lsp4j.jsonrpc.RemoteEndpoint handleCancellation
WARNING: Unmatched cancel notification for request id 8
abr 16, 2026 10:34:26 P. M. org.eclipse.lsp4j.jsonrpc.services.GenericEndpoint notify
INFO: Unsupported notification method: $/setTrace
abr 16, 2026 10:34:26 P. M. org.eclipse.lsp4j.jsonrpc.RemoteEndpoint handleCancellation
WARNING: Unmatched cancel notification for request id 9
2026.04.16 22:34:26 INFO  no build target found for C:\Users\USUARIO\Desktop\Estudios\univalle\2026-1\Desarrollo II\Movify\backend\movify-backend\movify-backend\src\main\java\com\movify\backend\Controlador\AutenticacionControlador.java. Using fallback presentation compiler.
2026.04.16 22:34:26 INFO  no build target found for C:\Users\USUARIO\Desktop\Estudios\univalle\2026-1\Desarrollo II\Movify\backend\movify-backend\movify-backend\src\main\java\com\movify\backend\Controlador\AutenticacionControlador.java. Using fallback presentation compiler.
abr 16, 2026 10:34:27 P. M. org.eclipse.lsp4j.jsonrpc.RemoteEndpoint handleCancellation
WARNING: Unmatched cancel notification for request id 12
abr 16, 2026 10:34:28 P. M. org.eclipse.lsp4j.jsonrpc.services.GenericEndpoint notify
INFO: Unsupported notification method: $/setTrace
abr 16, 2026 10:34:29 P. M. org.eclipse.lsp4j.jsonrpc.RemoteEndpoint handleCancellation
WARNING: Unmatched cancel notification for request id 13
2026.04.16 22:34:29 INFO  no build target found for C:\Users\USUARIO\Desktop\Estudios\univalle\2026-1\Desarrollo II\Movify\backend\movify-backend\movify-backend\src\main\java\com\movify\backend\Controlador\AutenticacionControlador.java. Using fallback presentation compiler.
abr 16, 2026 10:34:30 P. M. org.eclipse.lsp4j.jsonrpc.RemoteEndpoint handleCancellation
WARNING: Unmatched cancel notification for request id 5
abr 16, 2026 10:34:30 P. M. org.eclipse.lsp4j.jsonrpc.RemoteEndpoint handleCancellation
WARNING: Unmatched cancel notification for request id 1
abr 16, 2026 10:34:30 P. M. org.eclipse.lsp4j.jsonrpc.RemoteEndpoint handleCancellation
WARNING: Unmatched cancel notification for request id 16
abr 16, 2026 10:34:30 P. M. org.eclipse.lsp4j.jsonrpc.RemoteEndpoint handleCancellation
WARNING: Unmatched cancel notification for request id 3
2026.04.16 22:34:30 INFO  no build target found for C:\Users\USUARIO\Desktop\Estudios\univalle\2026-1\Desarrollo II\Movify\backend\movify-backend\movify-backend\src\main\java\com\movify\backend\Controlador\AutenticacionControlador.java. Using fallback presentation compiler.
abr 16, 2026 10:34:30 P. M. org.eclipse.lsp4j.jsonrpc.RemoteEndpoint handleCancellation
WARNING: Unmatched cancel notification for request id 18
2026.04.16 22:34:30 INFO  no build target found for C:\Users\USUARIO\Desktop\Estudios\univalle\2026-1\Desarrollo II\Movify\backend\movify-backend\movify-backend\src\main\java\com\movify\backend\Controlador\AutenticacionControlador.java. Using fallback presentation compiler.
2026.04.16 22:34:30 INFO  no build target found for C:\Users\USUARIO\Desktop\Estudios\univalle\2026-1\Desarrollo II\Movify\backend\movify-backend\movify-backend\src\main\java\com\movify\backend\Controlador\AutenticacionControlador.java. Using fallback presentation compiler.
2026.04.16 22:34:31 INFO  no build target found for C:\Users\USUARIO\Desktop\Estudios\univalle\2026-1\Desarrollo II\Movify\backend\movify-backend\movify-backend\src\main\java\com\movify\backend\Controlador\AutenticacionControlador.java. Using fallback presentation compiler.
abr 16, 2026 10:34:31 P. M. org.eclipse.lsp4j.jsonrpc.RemoteEndpoint handleCancellation
WARNING: Unmatched cancel notification for request id 23
abr 16, 2026 10:34:31 P. M. org.eclipse.lsp4j.jsonrpc.RemoteEndpoint handleCancellation
WARNING: Unmatched cancel notification for request id 24
2026.04.16 22:34:31 INFO  no build target found for C:\Users\USUARIO\Desktop\Estudios\univalle\2026-1\Desarrollo II\Movify\backend\movify-backend\movify-backend\src\main\java\com\movify\backend\Controlador\AutenticacionControlador.java. Using fallback presentation compiler.
2026.04.16 22:34:31 INFO  no build target found for C:\Users\USUARIO\Desktop\Estudios\univalle\2026-1\Desarrollo II\Movify\backend\movify-backend\movify-backend\src\main\java\com\movify\backend\Controlador\AutenticacionControlador.java. Using fallback presentation compiler.
2026.04.16 22:34:31 INFO  no build target found for C:\Users\USUARIO\Desktop\Estudios\univalle\2026-1\Desarrollo II\Movify\backend\movify-backend\movify-backend\src\main\java\com\movify\backend\Controlador\AutenticacionControlador.java. Using fallback presentation compiler.
2026.04.16 22:34:31 INFO  no build target found for C:\Users\USUARIO\Desktop\Estudios\univalle\2026-1\Desarrollo II\Movify\backend\movify-backend\movify-backend\src\main\java\com\movify\backend\Controlador\AutenticacionControlador.java. Using fallback presentation compiler.
abr 16, 2026 10:34:32 P. M. org.eclipse.lsp4j.jsonrpc.RemoteEndpoint handleCancellation
WARNING: Unmatched cancel notification for request id 26
abr 16, 2026 10:34:32 P. M. org.eclipse.lsp4j.jsonrpc.RemoteEndpoint handleCancellation
WARNING: Unmatched cancel notification for request id 27
abr 16, 2026 10:34:32 P. M. org.eclipse.lsp4j.jsonrpc.RemoteEndpoint handleCancellation
WARNING: Unmatched cancel notification for request id 28
2026.04.16 22:34:32 INFO  no build target found for C:\Users\USUARIO\Desktop\Estudios\univalle\2026-1\Desarrollo II\Movify\backend\movify-backend\movify-backend\src\main\java\com\movify\backend\Controlador\AutenticacionControlador.java. Using fallback presentation compiler.
2026.04.16 22:34:32 INFO  no build target found for C:\Users\USUARIO\Desktop\Estudios\univalle\2026-1\Desarrollo II\Movify\backend\movify-backend\movify-backend\src\main\java\com\movify\backend\Controlador\AutenticacionControlador.java. Using fallback presentation compiler.
2026.04.16 22:34:32 INFO  no build target found for C:\Users\USUARIO\Desktop\Estudios\univalle\2026-1\Desarrollo II\Movify\backend\movify-backend\movify-backend\src\main\java\com\movify\backend\Controlador\AutenticacionControlador.java. Using fallback presentation compiler.
abr 16, 2026 10:34:34 P. M. org.eclipse.lsp4j.jsonrpc.RemoteEndpoint handleCancellation
WARNING: Unmatched cancel notification for request id 30
abr 16, 2026 10:34:34 P. M. org.eclipse.lsp4j.jsonrpc.RemoteEndpoint handleCancellation
WARNING: Unmatched cancel notification for request id 31
abr 16, 2026 10:34:34 P. M. org.eclipse.lsp4j.jsonrpc.RemoteEndpoint handleCancellation
WARNING: Unmatched cancel notification for request id 19
abr 16, 2026 10:34:34 P. M. org.eclipse.lsp4j.jsonrpc.RemoteEndpoint handleCancellation
WARNING: Unmatched cancel notification for request id 32
2026.04.16 22:34:34 INFO  no build target found for C:\Users\USUARIO\Desktop\Estudios\univalle\2026-1\Desarrollo II\Movify\backend\movify-backend\movify-backend\src\main\java\com\movify\backend\Controlador\AutenticacionControlador.java. Using fallback presentation compiler.
abr 16, 2026 10:34:34 P. M. org.eclipse.lsp4j.jsonrpc.RemoteEndpoint handleCancellation
WARNING: Unmatched cancel notification for request id 20
abr 16, 2026 10:34:34 P. M. org.eclipse.lsp4j.jsonrpc.RemoteEndpoint handleCancellation
WARNING: Unmatched cancel notification for request id 34
2026.04.16 22:34:34 INFO  no build target found for C:\Users\USUARIO\Desktop\Estudios\univalle\2026-1\Desarrollo II\Movify\backend\movify-backend\movify-backend\src\main\java\com\movify\backend\Controlador\AutenticacionControlador.java. Using fallback presentation compiler.
abr 16, 2026 10:34:35 P. M. org.eclipse.lsp4j.jsonrpc.RemoteEndpoint handleCancellation
WARNING: Unmatched cancel notification for request id 33
abr 16, 2026 10:34:35 P. M. org.eclipse.lsp4j.jsonrpc.RemoteEndpoint handleCancellation
WARNING: Unmatched cancel notification for request id 21
abr 16, 2026 10:34:35 P. M. org.eclipse.lsp4j.jsonrpc.RemoteEndpoint handleCancellation
WARNING: Unmatched cancel notification for request id 17
abr 16, 2026 10:34:35 P. M. org.eclipse.lsp4j.jsonrpc.RemoteEndpoint handleCancellation
WARNING: Unmatched cancel notification for request id 36
2026.04.16 22:34:34 INFO  no build target found for C:\Users\USUARIO\Desktop\Estudios\univalle\2026-1\Desarrollo II\Movify\backend\movify-backend\movify-backend\src\main\java\com\movify\backend\Controlador\AutenticacionControlador.java. Using fallback presentation compiler.
abr 16, 2026 10:34:35 P. M. org.eclipse.lsp4j.jsonrpc.RemoteEndpoint handleCancellation
WARNING: Unmatched cancel notification for request id 37
abr 16, 2026 10:34:35 P. M. org.eclipse.lsp4j.jsonrpc.RemoteEndpoint handleCancellation
WARNING: Unmatched cancel notification for request id 39
2026.04.16 22:34:35 INFO  no build target found for C:\Users\USUARIO\Desktop\Estudios\univalle\2026-1\Desarrollo II\Movify\backend\movify-backend\movify-backend\src\main\java\com\movify\backend\Controlador\AutenticacionControlador.java. Using fallback presentation compiler.
2026.04.16 22:34:35 INFO  no build target found for C:\Users\USUARIO\Desktop\Estudios\univalle\2026-1\Desarrollo II\Movify\backend\movify-backend\movify-backend\src\main\java\com\movify\backend\Controlador\AutenticacionControlador.java. Using fallback presentation compiler.
abr 16, 2026 10:34:36 P. M. org.eclipse.lsp4j.jsonrpc.RemoteEndpoint handleCancellation
WARNING: Unmatched cancel notification for request id 45
2026.04.16 22:34:35 INFO  no build target found for C:\Users\USUARIO\Desktop\Estudios\univalle\2026-1\Desarrollo II\Movify\backend\movify-backend\movify-backend\src\main\java\com\movify\backend\Controlador\AutenticacionControlador.java. Using fallback presentation compiler.
2026.04.16 22:34:36 INFO  no build target found for C:\Users\USUARIO\Desktop\Estudios\univalle\2026-1\Desarrollo II\Movify\backend\movify-backend\movify-backend\src\main\java\com\movify\backend\Controlador\AutenticacionControlador.java. Using fallback presentation compiler.
2026.04.16 22:34:36 INFO  no build target found for C:\Users\USUARIO\Desktop\Estudios\univalle\2026-1\Desarrollo II\Movify\backend\movify-backend\movify-backend\src\main\java\com\movify\backend\Controlador\AutenticacionControlador.java. Using fallback presentation compiler.
abr 16, 2026 10:34:38 P. M. org.eclipse.lsp4j.jsonrpc.RemoteEndpoint handleCancellation
WARNING: Unmatched cancel notification for request id 48
2026.04.16 22:34:38 INFO  no build target found for C:\Users\USUARIO\Desktop\Estudios\univalle\2026-1\Desarrollo II\Movify\backend\movify-backend\movify-backend\src\main\java\com\movify\backend\Controlador\AutenticacionControlador.java. Using fallback presentation compiler.
2026.04.16 22:34:43 INFO  no build target found for C:\Users\USUARIO\Desktop\Estudios\univalle\2026-1\Desarrollo II\Movify\backend\movify-backend\movify-backend\src\main\java\com\movify\backend\Controlador\AutenticacionControlador.java. Using fallback presentation compiler.
